exp_id,channel_id,mode,f_target_hz,f_peakcount_hz,delta_f_over_f_target_pct,N_decay,valid,note
CA_07+13_Mid_AA,ch_01,radial,0.34209999442100525,0.34770294590851053,1.6378110432267385,220.02610318479628,False,invalid: low_r_squared
CA_07+13_Mid_AA,ch_02,radial,0.34209999442100525,0.3476498572114341,1.6222925696978858,219.79244888860674,True,quantitative
CA_07+13_Mid_AA,ch_03,radial,0.34209999442100525,0.34504737212879855,0.8615544448580457,287.3773372134268,False,invalid: method_disagreement
CA_07+13_Mid_AA,ch_04,radial,0.34209999442100525,0.34639814449706885,1.2564016796720796,114.28930323316068,False,invalid: method_disagreement
CA_07+13_Mid_AA,ch_05,radial,0.34209999442100525,0.3424756776408168,0.10981678630173812,130.85971355592906,True,quantitative
CA_07+13_Mid_AA,ch_06,radial,0.34209999442100525,0.34256231340235527,0.1351414758519597,130.85985039592683,True,quantitative
CA_07+13_Mid_AA,ch_07,radial,0.34209999442100525,0.3447545593790478,0.775961707492962,84.32210660486817,False,invalid: low_r_squared
CA_07+13_Mid_AA,ch_08,radial,0.34209999442100525,0.34493563833456753,0.8288932943017228,83.82093011304141,False,invalid: low_r_squared
CA_07+13_Mid_AA,ch_09,radial,0.34209999442100525,0.3465722593085883,1.3072975622675032,86.29321835272313,False,invalid: method_disagreement
CA_07+13_Mid_AA,ch_10,radial,0.34209999442100525,0.346646691317098,1.329054945992598,87.12828443910479,False,invalid: method_disagreement
CA_07+13_Mid_AA,ch_11,radial,0.34209999442100525,0.3921705331776272,14.636229047990756,9.220655359628797,False,invalid: method_disagreement
CA_07+13_Mid_AA,ch_12,radial,0.34209999442100525,0.3923368761353248,14.68485312294263,9.28746748853922,False,invalid: method_disagreement
CA_07+13_Mid_AA,ch_13,radial,0.34209999442100525,0.3395267482168069,-0.7521912441283437,240.93993135073183,True,quantitative
CA_07+13_Mid_AA,ch_14,radial,0.34209999442100525,0.3395020336312687,-0.7594156188553994,243.47886066932682,True,quantitative
CA_07+13_Mid_AA,ch_15,radial,0.34209999442100525,0.3723632030682729,8.846304922771866,3.10695214933157,False,fast-decay
CA_07+13_Mid_AA,ch_16,radial,0.34209999442100525,0.3888596044001625,13.668404192258635,8.953372633987664,False,invalid: method_disagreement
CA_07+13_Mid_AA,ch_17,radial,0.34209999442100525,0.3351273991301839,-2.038174628626423,267.6329334054202,True,quantitative
CA_07+13_Mid_AA,ch_18,radial,0.34209999442100525,0.3351087274335609,-2.0436325932354573,268.00034879942837,True,quantitative
CA_07+13_Mid_AA,ch_19,radial,0.34209999442100525,0.33584122770119196,-1.829513832762868,327.1998633739978,False,invalid: low_r_squared
CA_07+13_Mid_AA,ch_20,radial,0.34209999442100525,0.3358588020116573,-1.82437664750945,325.9970055836141,False,invalid: method_disagreement
CA_07+13_Mid_AA,ch_01,axial,0.34209999442100525,0.34770294590851053,1.6378110432267385,220.02610318479628,False,invalid: low_r_squared
CA_07+13_Mid_AA,ch_02,axial,0.34209999442100525,0.3476498572114341,1.6222925696978858,219.79244888860674,True,quantitative
CA_07+13_Mid_AA,ch_03,axial,0.34209999442100525,0.34504737212879855,0.8615544448580457,287.3773372134268,False,invalid: method_disagreement
CA_07+13_Mid_AA,ch_04,axial,0.34209999442100525,0.34639814449706885,1.2564016796720796,114.28930323316068,False,invalid: method_disagreement
CA_07+13_Mid_AA,ch_05,axial,0.34209999442100525,0.3424756776408168,0.10981678630173812,130.85971355592906,True,quantitative
CA_07+13_Mid_AA,ch_06,axial,0.34209999442100525,0.34256231340235527,0.1351414758519597,130.85985039592683,True,quantitative
CA_07+13_Mid_AA,ch_07,axial,0.34209999442100525,0.3447545593790478,0.775961707492962,84.32210660486817,False,invalid: low_r_squared
CA_07+13_Mid_AA,ch_08,axial,0.34209999442100525,0.34493563833456753,0.8288932943017228,83.82093011304141,False,invalid: low_r_squared
CA_07+13_Mid_AA,ch_09,axial,0.34209999442100525,0.3465722593085883,1.3072975622675032,86.29321835272313,False,invalid: method_disagreement
CA_07+13_Mid_AA,ch_10,axial,0.34209999442100525,0.346646691317098,1.329054945992598,87.12828443910479,False,invalid: method_disagreement
CA_07+13_Mid_AA,ch_11,axial,0.34209999442100525,0.3921705331776272,14.636229047990756,9.220655359628797,False,invalid: method_disagreement
CA_07+13_Mid_AA,ch_12,axial,0.34209999442100525,0.3923368761353248,14.68485312294263,9.28746748853922,False,invalid: method_disagreement
CA_07+13_Mid_AA,ch_13,axial,0.34209999442100525,0.3395267482168069,-0.7521912441283437,240.93993135073183,True,quantitative
CA_07+13_Mid_AA,ch_14,axial,0.34209999442100525,0.3395020336312687,-0.7594156188553994,243.47886066932682,True,quantitative
CA_07+13_Mid_AA,ch_15,axial,0.34209999442100525,0.3723632030682729,8.846304922771866,3.10695214933157,False,fast-decay
CA_07+13_Mid_AA,ch_16,axial,0.34209999442100525,0.3888596044001625,13.668404192258635,8.953372633987664,False,invalid: method_disagreement
CA_07+13_Mid_AA,ch_17,axial,0.34209999442100525,0.3351273991301839,-2.038174628626423,267.6329334054202,True,quantitative
CA_07+13_Mid_AA,ch_18,axial,0.34209999442100525,0.3351087274335609,-2.0436325932354573,268.00034879942837,True,quantitative
CA_07+13_Mid_AA,ch_19,axial,0.34209999442100525,0.33584122770119196,-1.829513832762868,327.1998633739978,False,invalid: low_r_squared
CA_07+13_Mid_AA,ch_20,axial,0.34209999442100525,0.3358588020116573,-1.82437664750945,325.9970055836141,False,invalid: method_disagreement
CA_07+13_Mid_AA,ch_01,planar_rotation,0.41179999709129333,0.3478138992722139,-15.538149167323606,272.2542339189604,False,invalid: method_disagreement
CA_07+13_Mid_AA,ch_02,planar_rotation,0.41179999709129333,0.34778511011277297,-15.545140221146891,273.9833821067468,False,invalid: method_disagreement
CA_07+13_Mid_AA,ch_03,planar_rotation,0.41179999709129333,0.4277990717846617,3.885156582412864,182.81660324269384,False,invalid: low_r_squared
CA_07+13_Mid_AA,ch_04,planar_rotation,0.41179999709129333,0.4277382705517955,3.8703918341623322,177.347256873326,False,invalid: low_r_squared
CA_07+13_Mid_AA,ch_05,planar_rotation,0.41179999709129333,0.34195277334849816,-16.961443476482227,112.48111020550131,False,invalid: method_disagreement
CA_07+13_Mid_AA,ch_06,planar_rotation,0.41179999709129333,0.3419587094252839,-16.960001981380803,111.3144808137417,False,invalid: method_disagreement
CA_07+13_Mid_AA,ch_07,planar_rotation,0.41179999709129333,0.34544587192183057,-16.113192238501277,100.9791244867444,False,invalid: method_disagreement
CA_07+13_Mid_AA,ch_08,planar_rotation,0.41179999709129333,0.3453560225305276,-16.135010934940716,100.77828962816297,False,invalid: method_disagreement
CA_07+13_Mid_AA,ch_09,planar_rotation,0.41179999709129333,0.3478023303260193,-15.540958527759816,164.71962821651996,False,invalid: low_r_squared
CA_07+13_Mid_AA,ch_10,planar_rotation,0.41179999709129333,0.3472872237330135,-15.666045122379582,126.39525558722019,False,invalid: method_disagreement
CA_07+13_Mid_AA,ch_11,planar_rotation,0.41179999709129333,0.4031494031373087,-2.1006784883650385,31.6490946764499,False,invalid: poor_band_rejection
CA_07+13_Mid_AA,ch_12,planar_rotation,0.41179999709129333,0.4038677502481833,-1.9262377122726233,33.37832522423565,False,invalid: poor_band_rejection
CA_07+13_Mid_AA,ch_13,planar_rotation,0.41179999709129333,0.34163306900223817,-17.039079306622636,184.50534149676562,False,invalid: method_disagreement
CA_07+13_Mid_AA,ch_14,planar_rotation,0.41179999709129333,0.3723632030682729,-9.576686328697944,5.469198121368884,False,invalid: too_short
CA_07+13_Mid_AA,ch_15,planar_rotation,0.41179999709129333,0.40383411648306633,-1.9344052123587128,30.40216428525746,False,invalid: poor_band_rejection
CA_07+13_Mid_AA,ch_16,planar_rotation,0.41179999709129333,0.40490113228642444,-1.6752950105872548,32.412818951055414,False,invalid: poor_band_rejection
CA_07+13_Mid_AA,ch_17,planar_rotation,0.41179999709129333,0.3346410022031547,-18.737007147436433,204.69321865417066,False,invalid: method_disagreement
CA_07+13_Mid_AA,ch_18,planar_rotation,0.41179999709129333,0.33470739169832353,-18.720885366077088,204.65327405445277,False,invalid: method_disagreement
CA_07+13_Mid_AA,ch_19,planar_rotation,0.41179999709129333,0.37925716163940215,-7.902582729906298,4.584487007617949,False,fast-decay
CA_07+13_Mid_AA,ch_20,planar_rotation,0.41179999709129333,0.35617699961583765,-13.507284572205675,33.136680985942476,False,invalid: low_r_squared
CA_07+13_Mid_AR,ch_01,radial,0.3425000011920929,0.35334868139207354,3.1674978575828105,337.98441952637614,True,quantitative
CA_07+13_Mid_AR,ch_02,radial,0.3425000011920929,0.3533847111251587,3.178017487644048,338.05131320160893,False,invalid: method_disagreement
CA_07+13_Mid_AR,ch_03,radial,0.3425000011920929,0.35334955727133405,3.1677535887528716,337.9843099263758,True,quantitative
CA_07+13_Mid_AR,ch_04,radial,0.3425000011920929,0.35334931979339473,3.1676842521284962,338.01798452649297,True,quantitative
CA_07+13_Mid_AR,ch_05,radial,0.3425000011920929,0.33609829147417586,-1.8691123198935713,219.715018014732,True,quantitative
CA_07+13_Mid_AR,ch_06,radial,0.3425000011920929,0.3360336230325641,-1.887993616648799,210.68425198329987,True,quantitative
CA_07+13_Mid_AR,ch_07,radial,0.3425000011920929,0.3423258129899792,-0.05085786905325712,254.433249885571,True,quantitative
CA_07+13_Mid_AR,ch_08,radial,0.3425000011920929,0.3423195743404009,-0.052679372573436196,243.96429209913313,True,quantitative
CA_07+13_Mid_AR,ch_09,radial,0.3425000011920929,0.34290019063161875,0.1168436315716703,198.5426954410404,False,invalid: method_disagreement
CA_07+13_Mid_AR,ch_10,radial,0.3425000011920929,0.34289235240952015,0.11455509958004458,198.27530569010972,False,invalid: method_disagreement
CA_07+13_Mid_AR,ch_11,radial,0.3425000011920929,0.3431065505423876,0.17709470019957974,130.17650995308756,False,invalid: method_disagreement
CA_07+13_Mid_AR,ch_12,radial,0.3425000011920929,0.34286312849916123,0.10602257103779454,127.80185469482244,False,invalid: method_disagreement
CA_07+13_Mid_AR,ch_13,radial,0.3425000011920929,0.3445869957137037,0.6093414640428912,112.91769514301717,True,quantitative
CA_07+13_Mid_AR,ch_14,radial,0.3425000011920929,0.34463062298367153,0.6220793530402544,109.13834462986291,False,invalid: poor_band_rejection
CA_07+13_Mid_AR,ch_15,radial,0.3425000011920929,0.3921705331776272,14.502345054789156,8.529037779685854,False,invalid: method_disagreement
CA_07+13_Mid_AR,ch_16,radial,0.3425000011920929,0.39384654163351795,14.991690587652606,14.516109050524236,False,invalid: low_r_squared
CA_07+13_Mid_AR,ch_17,radial,0.3425000011920929,0.33416210111974065,-2.434423370315812,300.85799479715524,True,quantitative
CA_07+13_Mid_AR,ch_18,radial,0.3425000011920929,0.33417259150503714,-2.4313604841085192,301.92830730088053,True,quantitative
CA_07+13_Mid_AR,ch_19,radial,0.3425000011920929,0.35929864903707975,4.904714682195067,3.0771570107102395,False,fast-decay
CA_07+13_Mid_AR,ch_20,radial,0.3425000011920929,0.339213744940945,-0.9594908729080002,17.158462309721113,False,invalid: poor_band_rejection
CA_07+13_Mid_AR,ch_01,axial,0.3425000011920929,0.35334868139207354,3.1674978575828105,337.98441952637614,True,quantitative
CA_07+13_Mid_AR,ch_02,axial,0.3425000011920929,0.3533847111251587,3.178017487644048,338.05131320160893,False,invalid: method_disagreement
CA_07+13_Mid_AR,ch_03,axial,0.3425000011920929,0.35334955727133405,3.1677535887528716,337.9843099263758,True,quantitative
CA_07+13_Mid_AR,ch_04,axial,0.3425000011920929,0.35334931979339473,3.1676842521284962,338.01798452649297,True,quantitative
CA_07+13_Mid_AR,ch_05,axial,0.3425000011920929,0.33609829147417586,-1.8691123198935713,219.715018014732,True,quantitative
CA_07+13_Mid_AR,ch_06,axial,0.3425000011920929,0.3360336230325641,-1.887993616648799,210.68425198329987,True,quantitative
CA_07+13_Mid_AR,ch_07,axial,0.3425000011920929,0.3423258129899792,-0.05085786905325712,254.433249885571,True,quantitative
CA_07+13_Mid_AR,ch_08,axial,0.3425000011920929,0.3423195743404009,-0.052679372573436196,243.96429209913313,True,quantitative
CA_07+13_Mid_AR,ch_09,axial,0.3425000011920929,0.34290019063161875,0.1168436315716703,198.5426954410404,False,invalid: method_disagreement
CA_07+13_Mid_AR,ch_10,axial,0.3425000011920929,0.34289235240952015,0.11455509958004458,198.27530569010972,False,invalid: method_disagreement
CA_07+13_Mid_AR,ch_11,axial,0.3425000011920929,0.3431065505423876,0.17709470019957974,130.17650995308756,False,invalid: method_disagreement
CA_07+13_Mid_AR,ch_12,axial,0.3425000011920929,0.34286312849916123,0.10602257103779454,127.80185469482244,False,invalid: method_disagreement
CA_07+13_Mid_AR,ch_13,axial,0.3425000011920929,0.3445869957137037,0.6093414640428912,112.91769514301717,True,quantitative
CA_07+13_Mid_AR,ch_14,axial,0.3425000011920929,0.34463062298367153,0.6220793530402544,109.13834462986291,False,invalid: poor_band_rejection
CA_07+13_Mid_AR,ch_15,axial,0.3425000011920929,0.3921705331776272,14.502345054789156,8.529037779685854,False,invalid: method_disagreement
CA_07+13_Mid_AR,ch_16,axial,0.3425000011920929,0.39384654163351795,14.991690587652606,14.516109050524236,False,invalid: low_r_squared
CA_07+13_Mid_AR,ch_17,axial,0.3425000011920929,0.33416210111974065,-2.434423370315812,300.85799479715524,True,quantitative
CA_07+13_Mid_AR,ch_18,axial,0.3425000011920929,0.33417259150503714,-2.4313604841085192,301.92830730088053,True,quantitative
CA_07+13_Mid_AR,ch_19,axial,0.3425000011920929,0.35929864903707975,4.904714682195067,3.0771570107102395,False,fast-decay
CA_07+13_Mid_AR,ch_20,axial,0.3425000011920929,0.339213744940945,-0.9594908729080002,17.158462309721113,False,invalid: poor_band_rejection
CA_07+13_Mid_AR,ch_01,planar_rotation,0.4034999907016754,0.35342797953380134,-12.409420649750256,388.0533251076311,False,invalid: method_disagreement
CA_07+13_Mid_AR,ch_02,planar_rotation,0.4034999907016754,0.35346318326440457,-12.400696057082483,388.32903665127753,False,invalid: method_disagreement
CA_07+13_Mid_AR,ch_03,planar_rotation,0.4034999907016754,0.3534282751821829,-12.409347378774207,387.7775328639865,False,invalid: method_disagreement
CA_07+13_Mid_AR,ch_04,planar_rotation,0.4034999907016754,0.3534674364167476,-12.399641992041332,384.27059339480104,False,invalid: low_r_squared
CA_07+13_Mid_AR,ch_05,planar_rotation,0.4034999907016754,0.3359153666651677,-16.749597421050723,224.95891131600737,False,invalid: method_disagreement
CA_07+13_Mid_AR,ch_06,planar_rotation,0.4034999907016754,0.33613734669417034,-16.694583781864107,249.8229842430353,False,invalid: method_disagreement
CA_07+13_Mid_AR,ch_07,planar_rotation,0.4034999907016754,0.34248393776881003,-15.121698720924414,304.6739659790397,False,invalid: method_disagreement
CA_07+13_Mid_AR,ch_08,planar_rotation,0.4034999907016754,0.3424569805271411,-15.12837957403226,299.94534958800676,False,invalid: method_disagreement
CA_07+13_Mid_AR,ch_09,planar_rotation,0.4034999907016754,0.3430799009428612,-14.974000285290046,239.57791772912444,False,invalid: method_disagreement
CA_07+13_Mid_AR,ch_10,planar_rotation,0.4034999907016754,0.3442987260947134,-14.671937043669478,247.2619698020518,False,invalid: method_disagreement
CA_07+13_Mid_AR,ch_11,planar_rotation,0.4034999907016754,0.3987262508676827,-1.1830830096653298,24.154840993371604,False,invalid: low_r_squared
CA_07+13_Mid_AR,ch_12,planar_rotation,0.4034999907016754,0.4006951318509593,-0.6951323210289441,28.607544090762733,False,invalid: low_r_squared
CA_07+13_Mid_AR,ch_13,planar_rotation,0.4034999907016754,0.36834583253525066,-8.712307057378771,6.383490902897716,False,invalid: low_r_squared
CA_07+13_Mid_AR,ch_14,planar_rotation,0.4034999907016754,0.3911903923639636,-3.0507059780362775,18.401778475946188,False,invalid: low_r_squared
CA_07+13_Mid_AR,ch_15,planar_rotation,0.4034999907016754,0.40209464503754894,-0.3482888962853805,31.483772724482414,False,invalid: poor_band_rejection
CA_07+13_Mid_AR,ch_16,planar_rotation,0.4034999907016754,0.40373046953853603,0.0571199113189119,34.67565940092802,False,invalid: poor_band_rejection
CA_07+13_Mid_AR,ch_17,planar_rotation,0.4034999907016754,0.33360016291818867,-17.32337779287996,267.35804473895433,False,invalid: method_disagreement
CA_07+13_Mid_AR,ch_18,planar_rotation,0.4034999907016754,0.33350129671367823,-17.347879950696253,268.18562321988344,False,invalid: method_disagreement
CA_07+13_Mid_AR,ch_19,planar_rotation,0.4034999907016754,0.40156933295318104,-0.47847776777814016,11.466662735760211,False,invalid: low_r_squared
CA_07+13_Mid_AR,ch_20,planar_rotation,0.4034999907016754,0.40497189784294607,0.3647849256975323,14.579584464025496,False,invalid: low_r_squared
CA_07+13_Mid_RA,ch_01,radial,0.337799996137619,0.34503781526733845,2.1426344619526767,116.77837748076439,True,quantitative
CA_07+13_Mid_RA,ch_02,radial,0.337799996137619,0.3449021236158944,2.102465233712432,114.79920730339408,True,quantitative
CA_07+13_Mid_RA,ch_03,radial,0.337799996137619,0.339783025279402,0.5870423814259362,335.85352162187485,False,invalid: method_disagreement
CA_07+13_Mid_RA,ch_04,radial,0.337799996137619,0.33977377577168827,0.5843042204373314,332.81876361457404,True,quantitative
CA_07+13_Mid_RA,ch_05,radial,0.337799996137619,0.33502919347125365,-0.8202494665620272,251.2386795673549,True,quantitative
CA_07+13_Mid_RA,ch_06,radial,0.337799996137619,0.33498507087703283,-0.8333112175168269,251.00752302999797,True,quantitative
CA_07+13_Mid_RA,ch_07,radial,0.337799996137619,0.33476427060939784,-0.8986754182745549,251.3375198462248,True,quantitative
CA_07+13_Mid_RA,ch_08,radial,0.337799996137619,0.3347823399740415,-0.8933262871761944,250.18302079942526,True,quantitative
CA_07+13_Mid_RA,ch_09,radial,0.337799996137619,0.33516368556493775,-0.7804353471949831,271.757428272745,True,quantitative
CA_07+13_Mid_RA,ch_10,radial,0.337799996137619,0.33513666367277917,-0.7884347232955016,268.02967019536794,True,quantitative
CA_07+13_Mid_RA,ch_11,radial,0.337799996137619,0.3657176294183262,8.264545174634517,3.133871904167533,False,fast-decay
CA_07+13_Mid_RA,ch_12,radial,0.337799996137619,0.335114550352922,-0.7949809992309749,285.21635973885657,False,invalid: poor_band_rejection
CA_07+13_Mid_RA,ch_13,radial,0.337799996137619,0.33649022342950835,-0.3877361524826866,221.91213376267254,True,quantitative
CA_07+13_Mid_RA,ch_14,radial,0.337799996137619,0.3363123837576533,-0.4403825923549291,194.10295176064074,True,quantitative
CA_07+13_Mid_RA,ch_15,radial,0.337799996137619,0.3366738603036472,-0.3333735485044302,291.6163184656799,False,invalid: poor_band_rejection
CA_07+13_Mid_RA,ch_16,radial,0.337799996137619,0.3366090313266081,-0.3525650753784334,287.26184005546867,False,invalid: poor_band_rejection
CA_07+13_Mid_RA,ch_17,radial,0.337799996137619,0.3426390845466836,1.4325306288911774,138.5505263158232,True,quantitative
CA_07+13_Mid_RA,ch_18,radial,0.337799996137619,0.34273064601274816,1.4596358589419312,138.02288272185623,True,quantitative
CA_07+13_Mid_RA,ch_19,radial,0.337799996137619,0.3376206906953594,-0.05308035651563111,291.9460112619102,True,quantitative
CA_07+13_Mid_RA,ch_20,radial,0.337799996137619,0.3376077579934458,-0.056908865118791396,292.17740425926445,True,quantitative
CA_07+13_Mid_RA,ch_01,axial,0.337799996137619,0.34503781526733845,2.1426344619526767,116.77837748076439,True,quantitative
CA_07+13_Mid_RA,ch_02,axial,0.337799996137619,0.3449021236158944,2.102465233712432,114.79920730339408,True,quantitative
CA_07+13_Mid_RA,ch_03,axial,0.337799996137619,0.339783025279402,0.5870423814259362,335.85352162187485,False,invalid: method_disagreement
CA_07+13_Mid_RA,ch_04,axial,0.337799996137619,0.33977377577168827,0.5843042204373314,332.81876361457404,True,quantitative
CA_07+13_Mid_RA,ch_05,axial,0.337799996137619,0.33502919347125365,-0.8202494665620272,251.2386795673549,True,quantitative
CA_07+13_Mid_RA,ch_06,axial,0.337799996137619,0.33498507087703283,-0.8333112175168269,251.00752302999797,True,quantitative
CA_07+13_Mid_RA,ch_07,axial,0.337799996137619,0.33476427060939784,-0.8986754182745549,251.3375198462248,True,quantitative
CA_07+13_Mid_RA,ch_08,axial,0.337799996137619,0.3347823399740415,-0.8933262871761944,250.18302079942526,True,quantitative
CA_07+13_Mid_RA,ch_09,axial,0.337799996137619,0.33516368556493775,-0.7804353471949831,271.757428272745,True,quantitative
CA_07+13_Mid_RA,ch_10,axial,0.337799996137619,0.33513666367277917,-0.7884347232955016,268.02967019536794,True,quantitative
CA_07+13_Mid_RA,ch_11,axial,0.337799996137619,0.3657176294183262,8.264545174634517,3.133871904167533,False,fast-decay
CA_07+13_Mid_RA,ch_12,axial,0.337799996137619,0.335114550352922,-0.7949809992309749,285.21635973885657,False,invalid: poor_band_rejection
CA_07+13_Mid_RA,ch_13,axial,0.337799996137619,0.33649022342950835,-0.3877361524826866,221.91213376267254,True,quantitative
CA_07+13_Mid_RA,ch_14,axial,0.337799996137619,0.3363123837576533,-0.4403825923549291,194.10295176064074,True,quantitative
CA_07+13_Mid_RA,ch_15,axial,0.337799996137619,0.3366738603036472,-0.3333735485044302,291.6163184656799,False,invalid: poor_band_rejection
CA_07+13_Mid_RA,ch_16,axial,0.337799996137619,0.3366090313266081,-0.3525650753784334,287.26184005546867,False,invalid: poor_band_rejection
CA_07+13_Mid_RA,ch_17,axial,0.337799996137619,0.3426390845466836,1.4325306288911774,138.5505263158232,True,quantitative
CA_07+13_Mid_RA,ch_18,axial,0.337799996137619,0.34273064601274816,1.4596358589419312,138.02288272185623,True,quantitative
CA_07+13_Mid_RA,ch_19,axial,0.337799996137619,0.3376206906953594,-0.05308035651563111,291.9460112619102,True,quantitative
CA_07+13_Mid_RA,ch_20,axial,0.337799996137619,0.3376077579934458,-0.056908865118791396,292.17740425926445,True,quantitative
CA_07+13_Mid_RA,ch_01,planar_rotation,0.40389999747276306,0.3451688180862088,-14.541019993572737,138.32759843247234,False,invalid: poor_band_rejection
CA_07+13_Mid_RA,ch_02,planar_rotation,0.40389999747276306,0.34506656515655854,-14.566336391267729,135.0539889529556,False,invalid: method_disagreement
CA_07+13_Mid_RA,ch_03,planar_rotation,0.40389999747276306,0.42105263157894735,4.24675271441193,120.93296245031206,False,invalid: low_r_squared
CA_07+13_Mid_RA,ch_04,planar_rotation,0.40389999747276306,0.42119171174232284,4.281187020984283,120.45976936927288,False,invalid: low_r_squared
CA_07+13_Mid_RA,ch_05,planar_rotation,0.40389999747276306,0.33503468413063997,-17.050090065119896,302.4515869175345,False,invalid: method_disagreement
CA_07+13_Mid_RA,ch_06,planar_rotation,0.40389999747276306,0.3350294197709236,-17.051393447083086,301.3469204244465,False,invalid: method_disagreement
CA_07+13_Mid_RA,ch_07,planar_rotation,0.40389999747276306,0.3347280334728034,-17.12601248645075,244.35138008107248,False,invalid: method_disagreement
CA_07+13_Mid_RA,ch_08,planar_rotation,0.40389999747276306,0.33489121616994744,-17.08561072904419,244.0359341830462,False,invalid: method_disagreement
CA_07+13_Mid_RA,ch_09,planar_rotation,0.40389999747276306,0.3350024631654323,-17.058067526226427,271.5674543907791,False,invalid: method_disagreement
CA_07+13_Mid_RA,ch_10,planar_rotation,0.40389999747276306,0.3349534713740389,-17.07019720973718,271.7646787595451,False,invalid: method_disagreement
CA_07+13_Mid_RA,ch_11,planar_rotation,0.40389999747276306,0.3925527142216241,-2.8094288987719507,37.62873741455376,False,invalid: low_r_squared
CA_07+13_Mid_RA,ch_12,planar_rotation,0.40389999747276306,0.3930070937780426,-2.6969308647878907,39.00914643591643,False,invalid: low_r_squared
CA_07+13_Mid_RA,ch_13,planar_rotation,0.40389999747276306,0.39009357369599035,-3.4182777576530556,8.953655143976212,False,invalid: method_disagreement
CA_07+13_Mid_RA,ch_14,planar_rotation,0.40389999747276306,0.3472996922714242,-14.01344529722501,40.074311509251594,False,invalid: method_disagreement
CA_07+13_Mid_RA,ch_15,planar_rotation,0.40389999747276306,0.39384734222920137,-2.488897080084679,33.0533582431823,False,invalid: low_r_squared
CA_07+13_Mid_RA,ch_16,planar_rotation,0.40389999747276306,0.3942804550672361,-2.3816643886400803,36.60311415097117,False,invalid: low_r_squared
CA_07+13_Mid_RA,ch_17,planar_rotation,0.40389999747276306,0.34282460645970986,-15.121414061700214,164.16305369281767,False,invalid: poor_band_rejection
CA_07+13_Mid_RA,ch_18,planar_rotation,0.40389999747276306,0.3427513224071551,-15.139558169898603,163.1771337989867,False,invalid: poor_band_rejection
CA_07+13_Mid_RA,ch_19,planar_rotation,0.40389999747276306,0.3377096807024361,-16.387798263056556,350.256827108413,False,invalid: method_disagreement
CA_07+13_Mid_RA,ch_20,planar_rotation,0.40389999747276306,0.3377977215749654,-16.36600057227167,393.2501642894,False,invalid: method_disagreement
CA_07+13_Mid_RR,ch_01,radial,0.34119999408721924,0.3536985328196653,3.6631122359430974,159.10425272282362,False,invalid: low_r_squared
CA_07+13_Mid_RR,ch_02,radial,0.34119999408721924,0.35349722357864105,3.6041118711972584,120.81930346227766,False,invalid: method_disagreement
CA_07+13_Mid_RR,ch_03,radial,0.34119999408721924,0.3382950343515312,-0.8513950134903785,337.634498505007,False,invalid: method_disagreement
CA_07+13_Mid_RR,ch_04,radial,0.34119999408721924,0.33832827421137907,-0.8416529676451546,337.634498505007,True,quantitative
CA_07+13_Mid_RR,ch_05,radial,0.34119999408721924,0.3339805064649452,-2.1159108286586172,332.4366134390831,True,quantitative
CA_07+13_Mid_RR,ch_06,radial,0.34119999408721924,0.33356361279132063,-2.238095377559285,256.73300123097897,False,invalid: method_disagreement
CA_07+13_Mid_RR,ch_07,radial,0.34119999408721924,0.3343505570651782,-2.0074551995127417,332.43654519908426,True,quantitative
CA_07+13_Mid_RR,ch_08,radial,0.34119999408721924,0.3343505570651782,-2.0074551995127417,332.5031815579295,True,quantitative
CA_07+13_Mid_RR,ch_09,radial,0.34119999408721924,0.34830220092160763,2.081537795271148,31.254328898382187,False,invalid: method_disagreement
CA_07+13_Mid_RR,ch_10,radial,0.34119999408721924,0.3490927144996952,2.3132240765685315,54.27870921938419,False,invalid: method_disagreement
CA_07+13_Mid_RR,ch_11,radial,0.34119999408721924,0.38886094850962555,13.9686269778255,14.694255425357818,False,invalid: method_disagreement
CA_07+13_Mid_RR,ch_12,radial,0.34119999408721924,0.38722668249993547,13.489650999510468,8.696607809293269,False,invalid: method_disagreement
CA_07+13_Mid_RR,ch_13,radial,0.34119999408721924,0.35376298644800924,3.682002514214168,73.30443032968044,False,invalid: method_disagreement
CA_07+13_Mid_RR,ch_14,radial,0.34119999408721924,0.35408123473319736,3.775275752990005,73.27133393025397,False,invalid: method_disagreement
CA_07+13_Mid_RR,ch_15,radial,0.34119999408721924,0.39453603459005027,15.631899597629245,19.292471265673633,False,invalid: low_r_squared
CA_07+13_Mid_RR,ch_16,radial,0.34119999408721924,0.3483747085447813,2.10278856444764,125.51748066486118,False,invalid: method_disagreement
CA_07+13_Mid_RR,ch_17,radial,0.34119999408721924,0.3482703809844372,2.0722119049657968,161.4368664824009,True,quantitative
CA_07+13_Mid_RR,ch_18,radial,0.34119999408721924,0.3483139680739263,2.08498655040672,161.1035140881777,True,quantitative
CA_07+13_Mid_RR,ch_19,radial,0.34119999408721924,0.34073576807969386,-0.13605686271105663,116.054367068851,True,quantitative
CA_07+13_Mid_RR,ch_20,radial,0.34119999408721924,0.3484469261308723,2.1239543286160107,127.65011710790397,False,invalid: low_r_squared
CA_07+13_Mid_RR,ch_01,axial,0.34119999408721924,0.3536985328196653,3.6631122359430974,159.10425272282362,False,invalid: low_r_squared
CA_07+13_Mid_RR,ch_02,axial,0.34119999408721924,0.35349722357864105,3.6041118711972584,120.81930346227766,False,invalid: method_disagreement
CA_07+13_Mid_RR,ch_03,axial,0.34119999408721924,0.3382950343515312,-0.8513950134903785,337.634498505007,False,invalid: method_disagreement
CA_07+13_Mid_RR,ch_04,axial,0.34119999408721924,0.33832827421137907,-0.8416529676451546,337.634498505007,True,quantitative
CA_07+13_Mid_RR,ch_05,axial,0.34119999408721924,0.3339805064649452,-2.1159108286586172,332.4366134390831,True,quantitative
CA_07+13_Mid_RR,ch_06,axial,0.34119999408721924,0.33356361279132063,-2.238095377559285,256.73300123097897,False,invalid: method_disagreement
CA_07+13_Mid_RR,ch_07,axial,0.34119999408721924,0.3343505570651782,-2.0074551995127417,332.43654519908426,True,quantitative
CA_07+13_Mid_RR,ch_08,axial,0.34119999408721924,0.3343505570651782,-2.0074551995127417,332.5031815579295,True,quantitative
CA_07+13_Mid_RR,ch_09,axial,0.34119999408721924,0.34830220092160763,2.081537795271148,31.254328898382187,False,invalid: method_disagreement
CA_07+13_Mid_RR,ch_10,axial,0.34119999408721924,0.3490927144996952,2.3132240765685315,54.27870921938419,False,invalid: method_disagreement
CA_07+13_Mid_RR,ch_11,axial,0.34119999408721924,0.38886094850962555,13.9686269778255,14.694255425357818,False,invalid: method_disagreement
CA_07+13_Mid_RR,ch_12,axial,0.34119999408721924,0.38722668249993547,13.489650999510468,8.696607809293269,False,invalid: method_disagreement
CA_07+13_Mid_RR,ch_13,axial,0.34119999408721924,0.35376298644800924,3.682002514214168,73.30443032968044,False,invalid: method_disagreement
CA_07+13_Mid_RR,ch_14,axial,0.34119999408721924,0.35408123473319736,3.775275752990005,73.27133393025397,False,invalid: method_disagreement
CA_07+13_Mid_RR,ch_15,axial,0.34119999408721924,0.39453603459005027,15.631899597629245,19.292471265673633,False,invalid: low_r_squared
CA_07+13_Mid_RR,ch_16,axial,0.34119999408721924,0.3483747085447813,2.10278856444764,125.51748066486118,False,invalid: method_disagreement
CA_07+13_Mid_RR,ch_17,axial,0.34119999408721924,0.3482703809844372,2.0722119049657968,161.4368664824009,True,quantitative
CA_07+13_Mid_RR,ch_18,axial,0.34119999408721924,0.3483139680739263,2.08498655040672,161.1035140881777,True,quantitative
CA_07+13_Mid_RR,ch_19,axial,0.34119999408721924,0.34073576807969386,-0.13605686271105663,116.054367068851,True,quantitative
CA_07+13_Mid_RR,ch_20,axial,0.34119999408721924,0.3484469261308723,2.1239543286160107,127.65011710790397,False,invalid: low_r_squared
CA_07+13_Mid_RR,ch_01,planar_rotation,0.399399995803833,0.35386992664635414,-11.39961683420777,234.99845031106474,False,invalid: poor_band_rejection
CA_07+13_Mid_RR,ch_02,planar_rotation,0.399399995803833,0.35369501971688966,-11.443409255665477,187.68672500813008,False,invalid: method_disagreement
CA_07+13_Mid_RR,ch_03,planar_rotation,0.399399995803833,0.33852944955861536,-15.24049746738467,395.2655827832699,False,invalid: method_disagreement
CA_07+13_Mid_RR,ch_04,planar_rotation,0.399399995803833,0.3385460013485415,-15.236353303614,397.5275367315054,False,invalid: method_disagreement
CA_07+13_Mid_RR,ch_05,planar_rotation,0.399399995803833,0.33504553803808595,-16.11278378614581,284.4552731114626,False,invalid: method_disagreement
CA_07+13_Mid_RR,ch_06,planar_rotation,0.399399995803833,0.3351051935821466,-16.097847495538055,198.4906945946217,False,invalid: method_disagreement
CA_07+13_Mid_RR,ch_07,planar_rotation,0.399399995803833,0.33466727491763665,-16.20749162901597,393.3151368677616,False,invalid: method_disagreement
CA_07+13_Mid_RR,ch_08,planar_rotation,0.399399995803833,0.3345469783757836,-16.237610943767315,392.5739303555489,False,invalid: method_disagreement
CA_07+13_Mid_RR,ch_09,planar_rotation,0.399399995803833,0.3509386315462061,-12.133541503948571,108.82072255671025,False,invalid: method_disagreement
CA_07+13_Mid_RR,ch_10,planar_rotation,0.399399995803833,0.3513728797234946,-12.02481637078612,129.10289338362216,False,invalid: method_disagreement
CA_07+13_Mid_RR,ch_11,planar_rotation,0.399399995803833,0.3946069073966106,-1.200072222728958,41.92921125948429,False,invalid: low_r_squared
CA_07+13_Mid_RR,ch_12,planar_rotation,0.399399995803833,0.3942591603984788,-1.2871395742024865,38.262559538006784,False,invalid: low_r_squared
CA_07+13_Mid_RR,ch_13,planar_rotation,0.399399995803833,0.3534527027265847,-11.504079509258565,80.81599305093289,False,invalid: method_disagreement
CA_07+13_Mid_RR,ch_14,planar_rotation,0.399399995803833,0.35310394417105645,-11.591400129987747,76.95459389150143,False,invalid: method_disagreement
CA_07+13_Mid_RR,ch_15,planar_rotation,0.399399995803833,0.40176423494780494,0.5919477137734227,42.67005831170082,True,quantitative
CA_07+13_Mid_RR,ch_16,planar_rotation,0.399399995803833,0.40117745583286946,0.44503256076884273,40.485739734649655,False,invalid: poor_band_rejection
CA_07+13_Mid_RR,ch_17,planar_rotation,0.399399995803833,0.34874731211016147,-12.68219434798137,225.24724719151257,False,invalid: poor_band_rejection
CA_07+13_Mid_RR,ch_18,planar_rotation,0.399399995803833,0.3487253551767743,-12.687691827605274,224.58410340847968,False,invalid: method_disagreement
CA_07+13_Mid_RR,ch_19,planar_rotation,0.399399995803833,0.34094172218481333,-14.63652334331313,138.26848424732685,False,invalid: method_disagreement
CA_07+13_Mid_RR,ch_20,planar_rotation,0.399399995803833,0.3494275310990503,-12.511884133651046,204.45824975192548,False,invalid: method_disagreement
CA_07_A,ch_01,radial,0.6912999749183655,0.786526201154076,13.77495004928297,92.8256867321134,False,invalid: method_disagreement
CA_07_A,ch_02,radial,0.6912999749183655,0.7865321495016109,13.775810507513937,92.75863063454632,False,invalid: method_disagreement
CA_07_A,ch_03,radial,0.6912999749183655,0.7855809868818266,13.638220075820872,202.59651844942573,False,invalid: low_r_squared
CA_07_A,ch_04,radial,0.6912999749183655,0.7864002944818114,13.756737019218921,42.46379225933555,False,invalid: low_r_squared
CA_07_A,ch_05,radial,0.6912999749183655,0.6898093747472682,-0.21562277233892257,59.27351157944798,True,quantitative
CA_07_A,ch_06,radial,0.6912999749183655,0.6907508461697865,-0.0794342208161915,58.80066239660382,True,quantitative
CA_07_A,ch_07,radial,0.6912999749183655,0.6282196255811032,-9.124888127576066,11.94918919646144,False,invalid: poor_band_rejection
CA_07_A,ch_08,radial,0.6912999749183655,0.6861851142696153,-0.7398901828911862,53.53523787764311,False,invalid: poor_band_rejection
CA_07_A,ch_09,radial,0.6912999749183655,0.6993172914941789,1.1597449539557911,56.57322474741935,True,quantitative
CA_07_A,ch_10,radial,0.6912999749183655,0.6996271623249501,1.204569319934955,56.30313384721875,True,quantitative
CA_07_A,ch_11,radial,0.6912999749183655,0.706214689265537,2.1574880498054068,3.3080086399793625,False,fast-decay
CA_07_A,ch_12,radial,0.6912999749183655,0.6930389190855846,0.2515469738624598,49.95727659745812,False,invalid: poor_band_rejection
CA_07_A,ch_13,radial,0.6912999749183655,0.7099732121645717,2.7011771913359706,51.98250900397897,True,quantitative
CA_07_A,ch_14,radial,0.6912999749183655,0.7105300554213442,2.7817273543586554,51.44239633357525,True,quantitative
CA_07_A,ch_15,radial,0.6912999749183655,0.7314218841427733,5.8038349023729925,3.780581302833557,False,fast-decay
CA_07_A,ch_16,radial,0.6912999749183655,0.7047196078882574,1.9412170485723808,49.21461303440333,False,invalid: poor_band_rejection
CA_07_A,ch_17,radial,0.6912999749183655,0.6853549063348294,-0.8599839142534461,52.65763255948424,False,invalid: poor_band_rejection
CA_07_A,ch_18,radial,0.6912999749183655,0.6854084760353781,-0.8522347890556574,52.117519889080526,False,invalid: poor_band_rejection
CA_07_A,ch_19,radial,0.6912999749183655,0.6977537985151046,0.9335778722545439,37.73792737079859,False,invalid: method_disagreement
CA_07_A,ch_20,radial,0.6912999749183655,0.6891301562279599,-0.31387512934045547,65.48449620410204,False,invalid: poor_band_rejection
CA_07_A,ch_01,axial,0.6912999749183655,0.786526201154076,13.77495004928297,92.8256867321134,False,invalid: method_disagreement
CA_07_A,ch_02,axial,0.6912999749183655,0.7865321495016109,13.775810507513937,92.75863063454632,False,invalid: method_disagreement
CA_07_A,ch_03,axial,0.6912999749183655,0.7855809868818266,13.638220075820872,202.59651844942573,False,invalid: low_r_squared
CA_07_A,ch_04,axial,0.6912999749183655,0.7864002944818114,13.756737019218921,42.46379225933555,False,invalid: low_r_squared
CA_07_A,ch_05,axial,0.6912999749183655,0.6898093747472682,-0.21562277233892257,59.27351157944798,True,quantitative
CA_07_A,ch_06,axial,0.6912999749183655,0.6907508461697865,-0.0794342208161915,58.80066239660382,True,quantitative
CA_07_A,ch_07,axial,0.6912999749183655,0.6282196255811032,-9.124888127576066,11.94918919646144,False,invalid: poor_band_rejection
CA_07_A,ch_08,axial,0.6912999749183655,0.6861851142696153,-0.7398901828911862,53.53523787764311,False,invalid: poor_band_rejection
CA_07_A,ch_09,axial,0.6912999749183655,0.6993172914941789,1.1597449539557911,56.57322474741935,True,quantitative
CA_07_A,ch_10,axial,0.6912999749183655,0.6996271623249501,1.204569319934955,56.30313384721875,True,quantitative
CA_07_A,ch_11,axial,0.6912999749183655,0.706214689265537,2.1574880498054068,3.3080086399793625,False,fast-decay
CA_07_A,ch_12,axial,0.6912999749183655,0.6930389190855846,0.2515469738624598,49.95727659745812,False,invalid: poor_band_rejection
CA_07_A,ch_13,axial,0.6912999749183655,0.7099732121645717,2.7011771913359706,51.98250900397897,True,quantitative
CA_07_A,ch_14,axial,0.6912999749183655,0.7105300554213442,2.7817273543586554,51.44239633357525,True,quantitative
CA_07_A,ch_15,axial,0.6912999749183655,0.7314218841427733,5.8038349023729925,3.780581302833557,False,fast-decay
CA_07_A,ch_16,axial,0.6912999749183655,0.7047196078882574,1.9412170485723808,49.21461303440333,False,invalid: poor_band_rejection
CA_07_A,ch_17,axial,0.6912999749183655,0.6853549063348294,-0.8599839142534461,52.65763255948424,False,invalid: poor_band_rejection
CA_07_A,ch_18,axial,0.6912999749183655,0.6854084760353781,-0.8522347890556574,52.117519889080526,False,invalid: poor_band_rejection
CA_07_A,ch_19,axial,0.6912999749183655,0.6977537985151046,0.9335778722545439,37.73792737079859,False,invalid: method_disagreement
CA_07_A,ch_20,axial,0.6912999749183655,0.6891301562279599,-0.31387512934045547,65.48449620410204,False,invalid: poor_band_rejection
CA_07_A,ch_01,planar_rotation,0.7888000011444092,0.7876932675622454,-0.14030598130807023,203.44019709515567,False,invalid: method_disagreement
CA_07_A,ch_02,planar_rotation,0.7888000011444092,0.7882971213428505,-0.0637525102471007,203.36289469504356,False,invalid: method_disagreement
CA_07_A,ch_03,planar_rotation,0.7888000011444092,0.788346041528035,-0.057550661221546985,187.64842107224462,False,invalid: method_disagreement
CA_07_A,ch_04,planar_rotation,0.7888000011444092,0.7912681235309178,0.3128958396206657,68.63427689957616,False,invalid: low_r_squared
CA_07_A,ch_05,planar_rotation,0.7888000011444092,0.6939353608108013,-12.02645032910447,89.278987169528,False,invalid: poor_band_rejection
CA_07_A,ch_06,planar_rotation,0.7888000011444092,0.6927915513595798,-12.171456598065175,84.65661916282176,False,invalid: method_disagreement
CA_07_A,ch_07,planar_rotation,0.7888000011444092,0.7585239124663402,-3.8382465306977336,3.620434245252608,False,fast-decay
CA_07_A,ch_08,planar_rotation,0.7888000011444092,0.69045058221516,-12.468232604787222,82.03788203902245,False,invalid: method_disagreement
CA_07_A,ch_09,planar_rotation,0.7888000011444092,0.7058968052210695,-10.510040035885124,88.0466449277401,False,invalid: poor_band_rejection
CA_07_A,ch_10,planar_rotation,0.7888000011444092,0.7058942167095245,-10.510368194041977,87.50686908695698,False,invalid: poor_band_rejection
CA_07_A,ch_11,planar_rotation,0.7888000011444092,0.7585239124663407,-3.8382465306976776,4.467763206481932,False,fast-decay
CA_07_A,ch_12,planar_rotation,0.7888000011444092,0.7075383710922978,-10.3019307725932,63.55077641220093,False,invalid: method_disagreement
CA_07_A,ch_13,planar_rotation,0.7888000011444092,0.7136287227631705,-9.529827367162587,70.48361850225926,False,invalid: method_disagreement
CA_07_A,ch_14,planar_rotation,0.7888000011444092,0.7130616529470488,-9.601717556728882,69.48184250080585,False,invalid: method_disagreement
CA_07_A,ch_15,planar_rotation,0.7888000011444092,0.7877116975187084,-0.13796952638461532,3.620434245252611,False,fast-decay
CA_07_A,ch_16,planar_rotation,0.7888000011444092,0.7492694622742826,-5.011478044215869,3.7745657654762264,False,fast-decay
CA_07_A,ch_17,planar_rotation,0.7888000011444092,0.6901324121619984,-12.508568564815109,86.27444796516895,False,invalid: method_disagreement
CA_07_A,ch_18,planar_rotation,0.7888000011444092,0.6901285504316101,-12.509058135096884,85.65839516427516,False,invalid: method_disagreement
CA_07_A,ch_19,planar_rotation,0.7888000011444092,0.6981818181818181,-11.48810634268764,55.539565840578085,False,invalid: method_disagreement
CA_07_A,ch_20,planar_rotation,0.7888000011444092,0.6924446146138399,-12.21543945116312,99.06200030372143,False,invalid: method_disagreement
CA_07_R,ch_01,radial,0.6912000179290771,0.7434944237918222,7.565741392690599,42.12034669256217,False,invalid: method_disagreement
CA_07_R,ch_02,radial,0.6912000179290771,0.7545136081918595,9.159952057362197,14.24286756944656,False,invalid: method_disagreement
CA_07_R,ch_03,radial,0.6912000179290771,0.7350141246690223,6.338846296795209,234.96722529482844,False,invalid: method_disagreement
CA_07_R,ch_04,radial,0.6912000179290771,0.7352396199285511,6.371470031413224,234.90017889308925,False,invalid: method_disagreement
CA_07_R,ch_05,radial,0.6912000179290771,0.6826660841249416,-1.2346547428780936,3.7124975042986867,False,fast-decay
CA_07_R,ch_06,radial,0.6912000179290771,0.7144183919870835,3.3591396782036402,3.5774992287969587,False,fast-decay
CA_07_R,ch_07,radial,0.6912000179290771,0.6841626113208275,-1.0181432907560766,62.8425024940753,False,invalid: poor_band_rejection
CA_07_R,ch_08,radial,0.6912000179290771,0.6849893182301316,-0.8985387062855614,60.81747997754812,False,invalid: poor_band_rejection
CA_07_R,ch_09,radial,0.6912000179290771,0.7909821197422937,14.436067596204119,33.95248446469546,False,invalid: low_r_squared
CA_07_R,ch_10,radial,0.6912000179290771,0.7876937196371843,13.960315278523064,35.03247066870927,False,invalid: low_r_squared
CA_07_R,ch_11,radial,0.6912000179290771,0.6895632108373133,-0.23680657542051547,81.67453037456036,False,invalid: poor_band_rejection
CA_07_R,ch_12,radial,0.6912000179290771,0.6898366368295896,-0.19724841784182653,78.36704843276739,False,invalid: poor_band_rejection
CA_07_R,ch_13,radial,0.6912000179290771,0.7779504948488822,12.550705247334992,39.487475968267916,False,invalid: low_r_squared
CA_07_R,ch_14,radial,0.6912000179290771,0.7804884140397376,12.917881046672969,45.69749340934992,False,invalid: low_r_squared
CA_07_R,ch_15,radial,0.6912000179290771,0.6749713003979311,-2.3479046745064287,79.24440243952513,True,quantitative
CA_07_R,ch_16,radial,0.6912000179290771,0.6748938167061717,-2.3591146990651035,83.96935590608597,False,invalid: poor_band_rejection
CA_07_R,ch_17,radial,0.6912000179290771,0.6582854735413125,-4.761942062209545,48.46500989713669,False,invalid: method_disagreement
CA_07_R,ch_18,radial,0.6912000179290771,0.6582854735413125,-4.761942062209545,48.53247101888656,False,invalid: method_disagreement
CA_07_R,ch_19,radial,0.6912000179290771,0.7023320232499994,1.6105331354410533,49.95005313565732,True,quantitative
CA_07_R,ch_20,radial,0.6912000179290771,0.6594410179778554,-4.594762605240631,57.57730709350109,False,invalid: low_r_squared
CA_07_R,ch_01,axial,0.6912000179290771,0.7434944237918222,7.565741392690599,42.12034669256217,False,invalid: method_disagreement
CA_07_R,ch_02,axial,0.6912000179290771,0.7545136081918595,9.159952057362197,14.24286756944656,False,invalid: method_disagreement
CA_07_R,ch_03,axial,0.6912000179290771,0.7350141246690223,6.338846296795209,234.96722529482844,False,invalid: method_disagreement
CA_07_R,ch_04,axial,0.6912000179290771,0.7352396199285511,6.371470031413224,234.90017889308925,False,invalid: method_disagreement
CA_07_R,ch_05,axial,0.6912000179290771,0.6826660841249416,-1.2346547428780936,3.7124975042986867,False,fast-decay
CA_07_R,ch_06,axial,0.6912000179290771,0.7144183919870835,3.3591396782036402,3.5774992287969587,False,fast-decay
CA_07_R,ch_07,axial,0.6912000179290771,0.6841626113208275,-1.0181432907560766,62.8425024940753,False,invalid: poor_band_rejection
CA_07_R,ch_08,axial,0.6912000179290771,0.6849893182301316,-0.8985387062855614,60.81747997754812,False,invalid: poor_band_rejection
CA_07_R,ch_09,axial,0.6912000179290771,0.7909821197422937,14.436067596204119,33.95248446469546,False,invalid: low_r_squared
CA_07_R,ch_10,axial,0.6912000179290771,0.7876937196371843,13.960315278523064,35.03247066870927,False,invalid: low_r_squared
CA_07_R,ch_11,axial,0.6912000179290771,0.6895632108373133,-0.23680657542051547,81.67453037456036,False,invalid: poor_band_rejection
CA_07_R,ch_12,axial,0.6912000179290771,0.6898366368295896,-0.19724841784182653,78.36704843276739,False,invalid: poor_band_rejection
CA_07_R,ch_13,axial,0.6912000179290771,0.7779504948488822,12.550705247334992,39.487475968267916,False,invalid: low_r_squared
CA_07_R,ch_14,axial,0.6912000179290771,0.7804884140397376,12.917881046672969,45.69749340934992,False,invalid: low_r_squared
CA_07_R,ch_15,axial,0.6912000179290771,0.6749713003979311,-2.3479046745064287,79.24440243952513,True,quantitative
CA_07_R,ch_16,axial,0.6912000179290771,0.6748938167061717,-2.3591146990651035,83.96935590608597,False,invalid: poor_band_rejection
CA_07_R,ch_17,axial,0.6912000179290771,0.6582854735413125,-4.761942062209545,48.46500989713669,False,invalid: method_disagreement
CA_07_R,ch_18,axial,0.6912000179290771,0.6582854735413125,-4.761942062209545,48.53247101888656,False,invalid: method_disagreement
CA_07_R,ch_19,axial,0.6912000179290771,0.7023320232499994,1.6105331354410533,49.95005313565732,True,quantitative
CA_07_R,ch_20,axial,0.6912000179290771,0.6594410179778554,-4.594762605240631,57.57730709350109,False,invalid: low_r_squared
CA_07_R,ch_01,planar_rotation,0.8009999990463257,0.8142970382647544,1.6600548357378584,113.11001086533066,False,invalid: low_r_squared
CA_07_R,ch_02,planar_rotation,0.8009999990463257,0.8146232010404306,1.7007742834363029,113.18770786523822,False,invalid: low_r_squared
CA_07_R,ch_03,planar_rotation,0.8009999990463257,0.7352396199285511,-8.209785168048585,271.3547696769238,False,invalid: method_disagreement
CA_07_R,ch_04,planar_rotation,0.8009999990463257,0.7385314585996311,-7.7988190413320755,57.962762930989314,False,invalid: method_disagreement
CA_07_R,ch_05,planar_rotation,0.8009999990463257,0.795856452963292,-0.6421405854129363,31.132587112933393,False,invalid: method_disagreement
CA_07_R,ch_06,planar_rotation,0.8009999990463257,0.7961994745083468,-0.5993164224337557,37.937963204830886,False,invalid: method_disagreement
CA_07_R,ch_07,planar_rotation,0.8009999990463257,0.6866729399962009,-14.273041096909248,94.88331195703148,False,invalid: poor_band_rejection
CA_07_R,ch_08,planar_rotation,0.8009999990463257,0.6880358399332928,-14.102891291826289,110.13675493887068,False,invalid: poor_band_rejection
CA_07_R,ch_09,planar_rotation,0.8009999990463257,0.8002575849516296,-0.09268590456679532,98.79469107237459,True,quantitative
CA_07_R,ch_10,planar_rotation,0.8009999990463257,0.8003919114868864,-0.07591604995796497,99.10732938200235,True,quantitative
CA_07_R,ch_11,planar_rotation,0.8009999990463257,0.8192020971573688,2.272421739415059,3.12890624627471,False,fast-decay
CA_07_R,ch_12,planar_rotation,0.8009999990463257,0.8191987417107329,2.2720028322190697,2.5813426469266414,False,fast-decay
CA_07_R,ch_13,planar_rotation,0.8009999990463257,0.7838084392401812,-2.1462621506383095,96.60466095498204,False,invalid: poor_band_rejection
CA_07_R,ch_14,planar_rotation,0.8009999990463257,0.7838057307998149,-2.1466002830190263,96.60466095498204,False,invalid: poor_band_rejection
CA_07_R,ch_15,planar_rotation,0.8009999990463257,0.6762269050398708,-15.577165312735367,67.19322258999944,False,invalid: method_disagreement
CA_07_R,ch_16,planar_rotation,0.8009999990463257,0.7728311219092792,-3.516713754130402,9.62135566854477,False,invalid: method_disagreement
CA_07_R,ch_17,planar_rotation,0.8009999990463257,0.6900263590069141,-13.854387037645106,30.193935264050964,False,invalid: method_disagreement
CA_07_R,ch_18,planar_rotation,0.8009999990463257,0.6884029911109963,-14.057054690310594,30.037499964237213,False,invalid: method_disagreement
CA_07_R,ch_19,planar_rotation,0.8009999990463257,0.70892796307273,-11.494636215133221,82.68090200155974,False,invalid: poor_band_rejection
CA_07_R,ch_20,planar_rotation,0.8009999990463257,0.6991166455560857,-12.71951980169074,21.824126074016096,False,invalid: method_disagreement
CA_07_Top_A,ch_01,radial,0.5791000127792358,0.64,10.516315986333854,10.462599930882458,False,invalid: low_r_squared
CA_07_Top_A,ch_02,radial,0.5791000127792358,0.6382217597034098,10.209246351150107,286.496412022233,False,invalid: method_disagreement
CA_07_Top_A,ch_03,radial,0.5791000127792358,0.6024096385542146,4.025146824485536,4.580681101083803,False,fast-decay
CA_07_Top_A,ch_04,radial,0.5791000127792358,0.6143764079459301,6.091589429845562,4.750357404828057,False,fast-decay
CA_07_Top_A,ch_05,radial,0.5791000127792358,0.5696251998655861,-1.6361272154317312,132.389907041502,True,quantitative
CA_07_Top_A,ch_06,radial,0.5791000127792358,0.5696316886108375,-1.63500672758712,131.03232288154365,True,quantitative
CA_07_Top_A,ch_07,radial,0.5791000127792358,0.5696269605765155,-1.6358231727982422,132.05061234401467,True,quantitative
CA_07_Top_A,ch_08,radial,0.5791000127792358,0.5696029054030904,-1.6399770620909793,137.25336267882585,True,quantitative
CA_07_Top_A,ch_09,radial,0.5791000127792358,0.568888852443557,-1.7632809722578104,114.40566659463644,False,invalid: method_disagreement
CA_07_Top_A,ch_10,radial,0.5791000127792358,0.5685805720477987,-1.8165153685547224,104.73521757123471,False,invalid: method_disagreement
CA_07_Top_A,ch_11,radial,0.5791000127792358,0.5693579160994174,-1.6822822422441006,139.0631660387635,True,quantitative
CA_07_Top_A,ch_12,radial,0.5791000127792358,0.5691129572992945,-1.7245821549910147,145.34008898727893,True,quantitative
CA_07_Top_A,ch_13,radial,0.5791000127792358,0.5640679189842266,-2.5957681684147667,134.76479619390963,True,quantitative
CA_07_Top_A,ch_14,radial,0.5791000127792358,0.5640315752746047,-2.6020440635658457,133.69056567020417,True,quantitative
CA_07_Top_A,ch_15,radial,0.5791000127792358,0.5641554309092237,-2.5806564566092134,144.1526444110751,True,quantitative
CA_07_Top_A,ch_16,radial,0.5791000127792358,0.564032315116547,-2.6019163063691715,133.97339811644554,True,quantitative
CA_07_Top_A,ch_17,radial,0.5791000127792358,0.6019110676397562,3.939052729604479,77.42028607846498,True,quantitative
CA_07_Top_A,ch_18,radial,0.5791000127792358,0.6023547553272632,4.015669493154122,77.92931498969794,True,quantitative
CA_07_Top_A,ch_19,radial,0.5791000127792358,0.570075308546601,-1.5584016635266742,109.31601449232102,True,quantitative
CA_07_Top_A,ch_20,radial,0.5791000127792358,0.5989435408769306,3.4266150336383223,30.4819136426568,False,invalid: method_disagreement
CA_07_Top_A,ch_01,axial,0.5791000127792358,0.64,10.516315986333854,10.462599930882458,False,invalid: low_r_squared
CA_07_Top_A,ch_02,axial,0.5791000127792358,0.6382217597034098,10.209246351150107,286.496412022233,False,invalid: method_disagreement
CA_07_Top_A,ch_03,axial,0.5791000127792358,0.6024096385542146,4.025146824485536,4.580681101083803,False,fast-decay
CA_07_Top_A,ch_04,axial,0.5791000127792358,0.6143764079459301,6.091589429845562,4.750357404828057,False,fast-decay
CA_07_Top_A,ch_05,axial,0.5791000127792358,0.5696251998655861,-1.6361272154317312,132.389907041502,True,quantitative
CA_07_Top_A,ch_06,axial,0.5791000127792358,0.5696316886108375,-1.63500672758712,131.03232288154365,True,quantitative
CA_07_Top_A,ch_07,axial,0.5791000127792358,0.5696269605765155,-1.6358231727982422,132.05061234401467,True,quantitative
CA_07_Top_A,ch_08,axial,0.5791000127792358,0.5696029054030904,-1.6399770620909793,137.25336267882585,True,quantitative
CA_07_Top_A,ch_09,axial,0.5791000127792358,0.568888852443557,-1.7632809722578104,114.40566659463644,False,invalid: method_disagreement
CA_07_Top_A,ch_10,axial,0.5791000127792358,0.5685805720477987,-1.8165153685547224,104.73521757123471,False,invalid: method_disagreement
CA_07_Top_A,ch_11,axial,0.5791000127792358,0.5693579160994174,-1.6822822422441006,139.0631660387635,True,quantitative
CA_07_Top_A,ch_12,axial,0.5791000127792358,0.5691129572992945,-1.7245821549910147,145.34008898727893,True,quantitative
CA_07_Top_A,ch_13,axial,0.5791000127792358,0.5640679189842266,-2.5957681684147667,134.76479619390963,True,quantitative
CA_07_Top_A,ch_14,axial,0.5791000127792358,0.5640315752746047,-2.6020440635658457,133.69056567020417,True,quantitative
CA_07_Top_A,ch_15,axial,0.5791000127792358,0.5641554309092237,-2.5806564566092134,144.1526444110751,True,quantitative
CA_07_Top_A,ch_16,axial,0.5791000127792358,0.564032315116547,-2.6019163063691715,133.97339811644554,True,quantitative
CA_07_Top_A,ch_17,axial,0.5791000127792358,0.6019110676397562,3.939052729604479,77.42028607846498,True,quantitative
CA_07_Top_A,ch_18,axial,0.5791000127792358,0.6023547553272632,4.015669493154122,77.92931498969794,True,quantitative
CA_07_Top_A,ch_19,axial,0.5791000127792358,0.570075308546601,-1.5584016635266742,109.31601449232102,True,quantitative
CA_07_Top_A,ch_20,axial,0.5791000127792358,0.5989435408769306,3.4266150336383223,30.4819136426568,False,invalid: method_disagreement
CA_07_Top_A,ch_01,planar_rotation,0.7111999988555908,0.638598266603555,-10.208342571549638,349.1408810381889,False,invalid: method_disagreement
CA_07_Top_A,ch_02,planar_rotation,0.7111999988555908,0.6384650645013425,-10.227071776052842,349.140881038189,False,invalid: method_disagreement
CA_07_Top_A,ch_03,planar_rotation,0.7111999988555908,0.7417726557270289,4.298742536646973,40.213381535291674,False,invalid: method_disagreement
CA_07_Top_A,ch_04,planar_rotation,0.7111999988555908,0.7400395835126077,4.05505971645435,42.435881531715395,False,invalid: method_disagreement
CA_07_Top_A,ch_05,planar_rotation,0.7111999988555908,0.6023526172221219,-15.30474997309026,8.681618386030198,False,invalid: low_r_squared
CA_07_Top_A,ch_06,planar_rotation,0.7111999988555908,0.5778397508279212,-18.751440978945848,76.60655227673054,False,invalid: method_disagreement
CA_07_Top_A,ch_07,planar_rotation,0.7111999988555908,0.5683085873532396,-20.091593325686336,69.93869668745994,False,invalid: method_disagreement
CA_07_Top_A,ch_08,planar_rotation,0.7111999988555908,0.5781555060417249,-18.707043451624155,65.84126013405323,False,invalid: method_disagreement
CA_07_Top_A,ch_09,planar_rotation,0.7111999988555908,0.6180948655689794,-13.091272980375301,78.69015491337775,False,invalid: method_disagreement
CA_07_Top_A,ch_10,planar_rotation,0.7111999988555908,0.6536090110895663,-8.0977204525725,4.583897352623939,False,fast-decay
CA_07_Top_A,ch_11,planar_rotation,0.7111999988555908,0.7043379088207488,-0.964860805101802,28.267426274514197,False,invalid: poor_band_rejection
CA_07_Top_A,ch_12,planar_rotation,0.7111999988555908,0.6994533072950182,-1.6516720443580577,26.183823637866976,False,invalid: low_r_squared
CA_07_Top_A,ch_13,planar_rotation,0.7111999988555908,0.689227376111379,-3.089513889140683,7.570368387818337,False,invalid: low_r_squared
CA_07_Top_A,ch_14,planar_rotation,0.7111999988555908,0.7006348829939745,-1.4855337287144168,14.237868377089502,False,invalid: low_r_squared
CA_07_Top_A,ch_15,planar_rotation,0.7111999988555908,0.7136983538392316,0.3512872592324212,24.65588156032562,False,invalid: poor_band_rejection
CA_07_Top_A,ch_16,planar_rotation,0.7111999988555908,0.7076404354069974,-0.5005010481329033,17.849413091278077,False,invalid: method_disagreement
CA_07_Top_A,ch_17,planar_rotation,0.7111999988555908,0.603102996660079,-15.199241053072734,113.34728645761014,False,invalid: method_disagreement
CA_07_Top_A,ch_18,planar_rotation,0.7111999988555908,0.6027264808196573,-15.252181975601925,113.34728645761014,False,invalid: method_disagreement
CA_07_Top_A,ch_19,planar_rotation,0.7111999988555908,0.7062084550807285,-0.7018481134553349,17.363307892060277,False,invalid: low_r_squared
CA_07_Top_A,ch_20,planar_rotation,0.7111999988555908,0.6019437182623425,-15.362244202623069,103.27669447381496,False,invalid: method_disagreement
CA_07_Top_R,ch_01,radial,0.5633000135421753,0.6635174346633393,17.79112705696049,57.81542348992824,False,invalid: method_disagreement
CA_07_Top_R,ch_02,radial,0.5633000135421753,0.6445610599989056,14.425891088789422,93.57145514953133,False,invalid: low_r_squared
CA_07_Top_R,ch_03,radial,0.5633000135421753,0.5813773216334381,3.209179417125891,73.27293916153906,False,invalid: low_r_squared
CA_07_Top_R,ch_04,radial,0.5633000135421753,0.5809915892389464,3.140702160740594,124.81714360070228,False,invalid: low_r_squared
CA_07_Top_R,ch_05,radial,0.5633000135421753,0.5632004805977434,-0.017669615132083982,34.71116646448374,True,quantitative
CA_07_Top_R,ch_06,radial,0.5633000135421753,0.5622629550496325,-0.18410411283704284,34.65618838316202,True,quantitative
CA_07_Top_R,ch_07,radial,0.5633000135421753,0.5622629550496325,-0.18410411283704284,34.60115397183895,True,quantitative
CA_07_Top_R,ch_08,radial,0.5633000135421753,0.5622629550496325,-0.18410411283704284,34.931247779774665,True,quantitative
CA_07_Top_R,ch_09,radial,0.5633000135421753,0.6023552088666687,6.933284996551715,3.410612591993809,False,fast-decay
CA_07_Top_R,ch_10,radial,0.5633000135421753,0.5730411543208134,1.729298871729699,68.81672908440828,False,invalid: method_disagreement
CA_07_Top_R,ch_11,radial,0.5633000135421753,0.5629342635747576,-0.06492987016239224,63.975954088032246,False,invalid: method_disagreement
CA_07_Top_R,ch_12,radial,0.5633000135421753,0.5630689615436995,-0.041017573747766364,87.52043007405997,False,invalid: poor_band_rejection
CA_07_Top_R,ch_13,radial,0.5633000135421753,0.5644068889892279,0.19649838814883944,8.361456411015988,False,invalid: method_disagreement
CA_07_Top_R,ch_14,radial,0.5633000135421753,0.6206168931918327,10.175195858639182,2.91552821009159,False,fast-decay
CA_07_Top_R,ch_15,radial,0.5633000135421753,0.557624822415504,-1.0074899680871996,90.54557646678686,False,invalid: low_r_squared
CA_07_Top_R,ch_16,radial,0.5633000135421753,0.5579769484790806,-0.9449786854471837,73.54799855815172,False,invalid: method_disagreement
CA_07_Top_R,ch_17,radial,0.5633000135421753,0.6360271201964052,12.91090092416351,10.176803364658356,False,invalid: poor_band_rejection
CA_07_Top_R,ch_18,radial,0.5633000135421753,0.645377804166559,14.570883836529214,14.742575294423101,False,invalid: poor_band_rejection
CA_07_Top_R,ch_19,radial,0.5633000135421753,0.5707349672723314,1.319892340034438,85.5402052064538,False,invalid: method_disagreement
CA_07_Top_R,ch_20,radial,0.5633000135421753,0.5730070222998526,1.7232395747049791,115.41003337454796,False,invalid: poor_band_rejection
CA_07_Top_R,ch_01,axial,0.5633000135421753,0.6635174346633393,17.79112705696049,57.81542348992824,False,invalid: method_disagreement
CA_07_Top_R,ch_02,axial,0.5633000135421753,0.6445610599989056,14.425891088789422,93.57145514953133,False,invalid: low_r_squared
CA_07_Top_R,ch_03,axial,0.5633000135421753,0.5813773216334381,3.209179417125891,73.27293916153906,False,invalid: low_r_squared
CA_07_Top_R,ch_04,axial,0.5633000135421753,0.5809915892389464,3.140702160740594,124.81714360070228,False,invalid: low_r_squared
CA_07_Top_R,ch_05,axial,0.5633000135421753,0.5632004805977434,-0.017669615132083982,34.71116646448374,True,quantitative
CA_07_Top_R,ch_06,axial,0.5633000135421753,0.5622629550496325,-0.18410411283704284,34.65618838316202,True,quantitative
CA_07_Top_R,ch_07,axial,0.5633000135421753,0.5622629550496325,-0.18410411283704284,34.60115397183895,True,quantitative
CA_07_Top_R,ch_08,axial,0.5633000135421753,0.5622629550496325,-0.18410411283704284,34.931247779774665,True,quantitative
CA_07_Top_R,ch_09,axial,0.5633000135421753,0.6023552088666687,6.933284996551715,3.410612591993809,False,fast-decay
CA_07_Top_R,ch_10,axial,0.5633000135421753,0.5730411543208134,1.729298871729699,68.81672908440828,False,invalid: method_disagreement
CA_07_Top_R,ch_11,axial,0.5633000135421753,0.5629342635747576,-0.06492987016239224,63.975954088032246,False,invalid: method_disagreement
CA_07_Top_R,ch_12,axial,0.5633000135421753,0.5630689615436995,-0.041017573747766364,87.52043007405997,False,invalid: poor_band_rejection
CA_07_Top_R,ch_13,axial,0.5633000135421753,0.5644068889892279,0.19649838814883944,8.361456411015988,False,invalid: method_disagreement
CA_07_Top_R,ch_14,axial,0.5633000135421753,0.6206168931918327,10.175195858639182,2.91552821009159,False,fast-decay
CA_07_Top_R,ch_15,axial,0.5633000135421753,0.557624822415504,-1.0074899680871996,90.54557646678686,False,invalid: low_r_squared
CA_07_Top_R,ch_16,axial,0.5633000135421753,0.5579769484790806,-0.9449786854471837,73.54799855815172,False,invalid: method_disagreement
CA_07_Top_R,ch_17,axial,0.5633000135421753,0.6360271201964052,12.91090092416351,10.176803364658356,False,invalid: poor_band_rejection
CA_07_Top_R,ch_18,axial,0.5633000135421753,0.645377804166559,14.570883836529214,14.742575294423101,False,invalid: poor_band_rejection
CA_07_Top_R,ch_19,axial,0.5633000135421753,0.5707349672723314,1.319892340034438,85.5402052064538,False,invalid: method_disagreement
CA_07_Top_R,ch_20,axial,0.5633000135421753,0.5730070222998526,1.7232395747049791,115.41003337454796,False,invalid: poor_band_rejection
CA_07_Top_R,ch_01,planar_rotation,0.6606000065803528,0.6762263104052156,2.3654713395710707,268.04571927005054,False,invalid: method_disagreement
CA_07_Top_R,ch_02,planar_rotation,0.6606000065803528,0.6762263104052156,2.3654713395710707,268.04571927005054,False,invalid: method_disagreement
CA_07_Top_R,ch_03,planar_rotation,0.6606000065803528,0.674893141919196,2.1636595816631563,80.8977374058366,False,invalid: low_r_squared
CA_07_Top_R,ch_04,planar_rotation,0.6606000065803528,0.6748875187468756,2.16280835970366,80.38180880069733,False,invalid: low_r_squared
CA_07_Top_R,ch_05,planar_rotation,0.6606000065803528,0.5647609946332843,-14.507873295852136,45.029204908543825,False,invalid: method_disagreement
CA_07_Top_R,ch_06,planar_rotation,0.6606000065803528,0.5645332016089196,-14.542356042157861,43.09377900926471,False,invalid: method_disagreement
CA_07_Top_R,ch_07,planar_rotation,0.6606000065803528,0.5659644758576665,-14.325693275810645,51.48036033280491,False,invalid: method_disagreement
CA_07_Top_R,ch_08,planar_rotation,0.6606000065803528,0.5649661655887582,-14.476815022550568,48.51281298324466,False,invalid: method_disagreement
CA_07_Top_R,ch_09,planar_rotation,0.6606000065803528,0.6637021304838389,0.4695918668763661,15.160307731014491,False,invalid: low_r_squared
CA_07_Top_R,ch_10,planar_rotation,0.6606000065803528,0.6667904991879444,0.9371015055899259,15.353797472941876,False,invalid: low_r_squared
CA_07_Top_R,ch_11,planar_rotation,0.6606000065803528,0.6355887317179963,-3.7861451125060146,10.838001887959242,False,invalid: method_disagreement
CA_07_Top_R,ch_12,planar_rotation,0.6606000065803528,0.6253419838974439,-5.337272529775587,9.28968759253621,False,invalid: poor_band_rejection
CA_07_Top_R,ch_13,planar_rotation,0.6606000065803528,0.6593153010598493,-0.19447555369457292,32.96545970837474,False,invalid: low_r_squared
CA_07_Top_R,ch_14,planar_rotation,0.6606000065803528,0.6613333333333332,0.11100919553067479,32.70742934580445,False,invalid: poor_band_rejection
CA_07_Top_R,ch_15,planar_rotation,0.6606000065803528,0.6493668673043782,-1.7004449234149719,14.64418094587326,False,invalid: low_r_squared
CA_07_Top_R,ch_16,planar_rotation,0.6606000065803528,0.6576166095166518,-0.4516192906422714,8.515530444824694,False,invalid: poor_band_rejection
CA_07_Top_R,ch_17,planar_rotation,0.6606000065803528,0.6484436002669425,-1.8402068108262497,25.998243558973073,False,invalid: low_r_squared
CA_07_Top_R,ch_18,planar_rotation,0.6606000065803528,0.6484418482754147,-1.8404720229834237,26.191799360901115,False,invalid: low_r_squared
CA_07_Top_R,ch_19,planar_rotation,0.6606000065803528,0.644476005203547,-2.4408115676947917,29.35283645238876,False,invalid: low_r_squared
CA_07_Top_R,ch_20,planar_rotation,0.6606000065803528,0.6536185046661098,-1.0568425438539195,10.579905465388297,False,invalid: method_disagreement
CA_13+07_Mid_AA,ch_01,radial,0.3393999934196472,0.3646292345929832,7.433483106212546,146.39920290158392,False,invalid: method_disagreement
CA_13+07_Mid_AA,ch_02,radial,0.3393999934196472,0.36487928366524797,7.507156965114367,146.59809129772782,False,invalid: method_disagreement
CA_13+07_Mid_AA,ch_03,radial,0.3393999934196472,0.3643997224967285,7.365860212663773,277.6184933354789,True,quantitative
CA_13+07_Mid_AA,ch_04,radial,0.3393999934196472,0.3644522145165735,7.381326335487212,308.5755502572775,True,quantitative
CA_13+07_Mid_AA,ch_05,radial,0.3393999934196472,0.33898916316558186,-0.12104604066900693,189.05631773453953,True,quantitative
CA_13+07_Mid_AA,ch_06,radial,0.3393999934196472,0.33897690606533004,-0.12465744328817763,189.15576193261148,True,quantitative
CA_13+07_Mid_AA,ch_07,radial,0.3393999934196472,0.3386460993452196,-0.22212554185157696,212.22413462535738,True,quantitative
CA_13+07_Mid_AA,ch_08,radial,0.3393999934196472,0.33874834701887213,-0.19199953253074015,216.40045154438613,True,quantitative
CA_13+07_Mid_AA,ch_09,radial,0.3393999934196472,0.347369910892227,2.348237368032441,92.70524150261282,True,quantitative
CA_13+07_Mid_AA,ch_10,radial,0.3393999934196472,0.34749562857892774,2.385278525704262,92.97031289747358,True,quantitative
CA_13+07_Mid_AA,ch_11,radial,0.3393999934196472,0.39592271588585903,16.653719375982707,20.0524304112196,False,invalid: method_disagreement
CA_13+07_Mid_AA,ch_12,radial,0.3393999934196472,0.3952285139407876,16.44918137995126,19.754131757003073,False,invalid: method_disagreement
CA_13+07_Mid_AA,ch_13,radial,0.3393999934196472,0.338575485028192,-0.24293117485000926,46.33583742163182,False,invalid: method_disagreement
CA_13+07_Mid_AA,ch_14,radial,0.3393999934196472,0.33832653171698457,-0.31628218134211294,46.568088837128876,False,invalid: method_disagreement
CA_13+07_Mid_AA,ch_15,radial,0.3393999934196472,0.39283881037932505,15.745084854378305,14.119582766246797,False,invalid: method_disagreement
CA_13+07_Mid_AA,ch_16,radial,0.3393999934196472,0.3931590328287793,15.839434428822255,20.052430411219596,False,invalid: low_r_squared
CA_13+07_Mid_AA,ch_17,radial,0.3393999934196472,0.3373270617210298,-0.6107636236911734,264.55944391067027,True,quantitative
CA_13+07_Mid_AA,ch_18,radial,0.3393999934196472,0.3373422554780455,-0.6062869715667387,264.7251729274571,True,quantitative
CA_13+07_Mid_AA,ch_19,radial,0.3393999934196472,0.3379830078728681,-0.41749722282023977,271.68596133249997,True,quantitative
CA_13+07_Mid_AA,ch_20,radial,0.3393999934196472,0.33809010709429793,-0.38594176509888484,279.9717333718538,True,quantitative
CA_13+07_Mid_AA,ch_01,axial,0.3393999934196472,0.3646292345929832,7.433483106212546,146.39920290158392,False,invalid: method_disagreement
CA_13+07_Mid_AA,ch_02,axial,0.3393999934196472,0.36487928366524797,7.507156965114367,146.59809129772782,False,invalid: method_disagreement
CA_13+07_Mid_AA,ch_03,axial,0.3393999934196472,0.3643997224967285,7.365860212663773,277.6184933354789,True,quantitative
CA_13+07_Mid_AA,ch_04,axial,0.3393999934196472,0.3644522145165735,7.381326335487212,308.5755502572775,True,quantitative
CA_13+07_Mid_AA,ch_05,axial,0.3393999934196472,0.33898916316558186,-0.12104604066900693,189.05631773453953,True,quantitative
CA_13+07_Mid_AA,ch_06,axial,0.3393999934196472,0.33897690606533004,-0.12465744328817763,189.15576193261148,True,quantitative
CA_13+07_Mid_AA,ch_07,axial,0.3393999934196472,0.3386460993452196,-0.22212554185157696,212.22413462535738,True,quantitative
CA_13+07_Mid_AA,ch_08,axial,0.3393999934196472,0.33874834701887213,-0.19199953253074015,216.40045154438613,True,quantitative
CA_13+07_Mid_AA,ch_09,axial,0.3393999934196472,0.347369910892227,2.348237368032441,92.70524150261282,True,quantitative
CA_13+07_Mid_AA,ch_10,axial,0.3393999934196472,0.34749562857892774,2.385278525704262,92.97031289747358,True,quantitative
CA_13+07_Mid_AA,ch_11,axial,0.3393999934196472,0.39592271588585903,16.653719375982707,20.0524304112196,False,invalid: method_disagreement
CA_13+07_Mid_AA,ch_12,axial,0.3393999934196472,0.3952285139407876,16.44918137995126,19.754131757003073,False,invalid: method_disagreement
CA_13+07_Mid_AA,ch_13,axial,0.3393999934196472,0.338575485028192,-0.24293117485000926,46.33583742163182,False,invalid: method_disagreement
CA_13+07_Mid_AA,ch_14,axial,0.3393999934196472,0.33832653171698457,-0.31628218134211294,46.568088837128876,False,invalid: method_disagreement
CA_13+07_Mid_AA,ch_15,axial,0.3393999934196472,0.39283881037932505,15.745084854378305,14.119582766246797,False,invalid: method_disagreement
CA_13+07_Mid_AA,ch_16,axial,0.3393999934196472,0.3931590328287793,15.839434428822255,20.052430411219596,False,invalid: low_r_squared
CA_13+07_Mid_AA,ch_17,axial,0.3393999934196472,0.3373270617210298,-0.6107636236911734,264.55944391067027,True,quantitative
CA_13+07_Mid_AA,ch_18,axial,0.3393999934196472,0.3373422554780455,-0.6062869715667387,264.7251729274571,True,quantitative
CA_13+07_Mid_AA,ch_19,axial,0.3393999934196472,0.3379830078728681,-0.41749722282023977,271.68596133249997,True,quantitative
CA_13+07_Mid_AA,ch_20,axial,0.3393999934196472,0.33809010709429793,-0.38594176509888484,279.9717333718538,True,quantitative
CA_13+07_Mid_AA,ch_01,planar_rotation,0.4108999967575073,0.3646223785786444,-11.262501470929358,161.9520507600045,False,invalid: method_disagreement
CA_13+07_Mid_AA,ch_02,planar_rotation,0.4108999967575073,0.36457649040350376,-11.273669194342045,91.81018861350775,False,invalid: method_disagreement
CA_13+07_Mid_AA,ch_03,planar_rotation,0.4108999967575073,0.4585087766221659,11.586463918313166,6.340034916969539,False,invalid: method_disagreement
CA_13+07_Mid_AA,ch_04,planar_rotation,0.4108999967575073,0.3643486643601987,-11.329114812522354,204.6874090747714,False,invalid: low_r_squared
CA_13+07_Mid_AA,ch_05,planar_rotation,0.4108999967575073,0.33985812993838554,-17.28933253339672,261.0657772568786,False,invalid: method_disagreement
CA_13+07_Mid_AA,ch_06,planar_rotation,0.4108999967575073,0.3398418743940454,-17.293288616255914,250.1111833433235,False,invalid: method_disagreement
CA_13+07_Mid_AA,ch_07,planar_rotation,0.4108999967575073,0.3384796846484331,-17.624802307266286,208.0180822684884,False,invalid: method_disagreement
CA_13+07_Mid_AA,ch_08,planar_rotation,0.4108999967575073,0.3386171491297086,-17.591347821415653,228.5629177463651,False,invalid: method_disagreement
CA_13+07_Mid_AA,ch_09,planar_rotation,0.4108999967575073,0.3533296081051195,-14.0108028977092,126.7607999497056,False,invalid: method_disagreement
CA_13+07_Mid_AA,ch_10,planar_rotation,0.4108999967575073,0.35310389356944216,-14.065734642040784,131.73655237044096,False,invalid: method_disagreement
CA_13+07_Mid_AA,ch_11,planar_rotation,0.4108999967575073,0.4027973830701574,-1.9719186544875282,46.98846912920475,False,invalid: poor_band_rejection
CA_13+07_Mid_AA,ch_12,planar_rotation,0.4108999967575073,0.4021205781932815,-2.1366314513278013,44.50079836883544,False,invalid: poor_band_rejection
CA_13+07_Mid_AA,ch_13,planar_rotation,0.4108999967575073,0.3429151361646693,-16.54535437559502,113.71940931261777,False,invalid: method_disagreement
CA_13+07_Mid_AA,ch_14,planar_rotation,0.4108999967575073,0.3426843162600391,-16.601528604471056,113.27810271610022,False,invalid: method_disagreement
CA_13+07_Mid_AA,ch_15,planar_rotation,0.4108999967575073,0.39956438190177784,-2.7587283877296294,45.70440663933754,False,invalid: poor_band_rejection
CA_13+07_Mid_AA,ch_16,planar_rotation,0.4108999967575073,0.39952612727165343,-2.7680383488944598,48.513236837172514,False,invalid: poor_band_rejection
CA_13+07_Mid_AA,ch_17,planar_rotation,0.4108999967575073,0.3367621740393859,-18.042789803640193,238.7953549156189,False,invalid: method_disagreement
CA_13+07_Mid_AA,ch_18,planar_rotation,0.4108999967575073,0.33681935579304983,-18.02887358214709,238.3940699787855,False,invalid: method_disagreement
CA_13+07_Mid_AA,ch_19,planar_rotation,0.4108999967575073,0.384,-6.546604275926134,4.173223637068271,False,fast-decay
CA_13+07_Mid_AA,ch_20,planar_rotation,0.4108999967575073,0.3393271443659553,-17.418557545959477,397.53761104295256,False,invalid: method_disagreement
CA_13+07_Mid_AR,ch_01,radial,0.33649998903274536,0.35201856420020156,4.611760972730985,290.3296163125366,True,quantitative
CA_13+07_Mid_AR,ch_02,radial,0.33649998903274536,0.3520218193114988,4.612728316387246,290.3296163125366,True,quantitative
CA_13+07_Mid_AR,ch_03,radial,0.33649998903274536,0.35211099956008274,4.6392306199505535,304.8872283630729,True,quantitative
CA_13+07_Mid_AR,ch_04,radial,0.33649998903274536,0.3520729123072733,4.62791197090128,305.70882673629524,True,quantitative
CA_13+07_Mid_AR,ch_05,radial,0.33649998903274536,0.33559933149962307,-0.2676545505131208,201.07826044642925,True,quantitative
CA_13+07_Mid_AR,ch_06,radial,0.33649998903274536,0.3355710385245721,-0.2760625671470282,199.73091449034217,True,quantitative
CA_13+07_Mid_AR,ch_07,radial,0.33649998903274536,0.3353189537920902,-0.3509763088105869,211.82395014620425,True,quantitative
CA_13+07_Mid_AR,ch_08,radial,0.33649998903274536,0.33535084389544173,-0.34149930899159875,215.53729482517838,True,quantitative
CA_13+07_Mid_AR,ch_09,radial,0.33649998903274536,0.34033454886153086,1.1395423339560207,34.96446881043315,False,invalid: method_disagreement
CA_13+07_Mid_AR,ch_10,radial,0.33649998903274536,0.3398439960166542,0.9937613946202665,324.63695111938716,False,invalid: method_disagreement
CA_13+07_Mid_AR,ch_11,radial,0.33649998903274536,0.37237013591509943,10.659776538317654,3.187563446110488,False,fast-decay
CA_13+07_Mid_AR,ch_12,radial,0.33649998903274536,0.3398907261870921,1.007648518531386,320.49641970433595,False,invalid: method_disagreement
CA_13+07_Mid_AR,ch_13,radial,0.33649998903274536,0.33859063934148703,0.6212928311680349,38.67761158941388,False,invalid: low_r_squared
CA_13+07_Mid_AR,ch_14,radial,0.33649998903274536,0.3391376107378504,0.7838400567818127,37.10016694082617,False,invalid: low_r_squared
CA_13+07_Mid_AR,ch_15,radial,0.33649998903274536,0.3391079172797102,0.7750158490231146,319.21482584610584,False,invalid: poor_band_rejection
CA_13+07_Mid_AR,ch_16,radial,0.33649998903274536,0.3723632030682729,10.657716256875613,3.1218113482534875,False,fast-decay
CA_13+07_Mid_AR,ch_17,radial,0.33649998903274536,0.3336259258394711,-0.8541049886912739,306.99048789452314,True,quantitative
CA_13+07_Mid_AR,ch_18,radial,0.33649998903274536,0.3336148940613586,-0.8573833775388409,307.05610539238455,True,quantitative
CA_13+07_Mid_AR,ch_19,radial,0.33649998903274536,0.34319828879736936,1.990579489728355,43.96836726697683,False,invalid: method_disagreement
CA_13+07_Mid_AR,ch_20,radial,0.33649998903274536,0.3334622816233517,-0.9027362580680743,236.23978365043996,False,invalid: method_disagreement
CA_13+07_Mid_AR,ch_01,axial,0.33649998903274536,0.35201856420020156,4.611760972730985,290.3296163125366,True,quantitative
CA_13+07_Mid_AR,ch_02,axial,0.33649998903274536,0.3520218193114988,4.612728316387246,290.3296163125366,True,quantitative
CA_13+07_Mid_AR,ch_03,axial,0.33649998903274536,0.35211099956008274,4.6392306199505535,304.8872283630729,True,quantitative
CA_13+07_Mid_AR,ch_04,axial,0.33649998903274536,0.3520729123072733,4.62791197090128,305.70882673629524,True,quantitative
CA_13+07_Mid_AR,ch_05,axial,0.33649998903274536,0.33559933149962307,-0.2676545505131208,201.07826044642925,True,quantitative
CA_13+07_Mid_AR,ch_06,axial,0.33649998903274536,0.3355710385245721,-0.2760625671470282,199.73091449034217,True,quantitative
CA_13+07_Mid_AR,ch_07,axial,0.33649998903274536,0.3353189537920902,-0.3509763088105869,211.82395014620425,True,quantitative
CA_13+07_Mid_AR,ch_08,axial,0.33649998903274536,0.33535084389544173,-0.34149930899159875,215.53729482517838,True,quantitative
CA_13+07_Mid_AR,ch_09,axial,0.33649998903274536,0.34033454886153086,1.1395423339560207,34.96446881043315,False,invalid: method_disagreement
CA_13+07_Mid_AR,ch_10,axial,0.33649998903274536,0.3398439960166542,0.9937613946202665,324.63695111938716,False,invalid: method_disagreement
CA_13+07_Mid_AR,ch_11,axial,0.33649998903274536,0.37237013591509943,10.659776538317654,3.187563446110488,False,fast-decay
CA_13+07_Mid_AR,ch_12,axial,0.33649998903274536,0.3398907261870921,1.007648518531386,320.49641970433595,False,invalid: method_disagreement
CA_13+07_Mid_AR,ch_13,axial,0.33649998903274536,0.33859063934148703,0.6212928311680349,38.67761158941388,False,invalid: low_r_squared
CA_13+07_Mid_AR,ch_14,axial,0.33649998903274536,0.3391376107378504,0.7838400567818127,37.10016694082617,False,invalid: low_r_squared
CA_13+07_Mid_AR,ch_15,axial,0.33649998903274536,0.3391079172797102,0.7750158490231146,319.21482584610584,False,invalid: poor_band_rejection
CA_13+07_Mid_AR,ch_16,axial,0.33649998903274536,0.3723632030682729,10.657716256875613,3.1218113482534875,False,fast-decay
CA_13+07_Mid_AR,ch_17,axial,0.33649998903274536,0.3336259258394711,-0.8541049886912739,306.99048789452314,True,quantitative
CA_13+07_Mid_AR,ch_18,axial,0.33649998903274536,0.3336148940613586,-0.8573833775388409,307.05610539238455,True,quantitative
CA_13+07_Mid_AR,ch_19,axial,0.33649998903274536,0.34319828879736936,1.990579489728355,43.96836726697683,False,invalid: method_disagreement
CA_13+07_Mid_AR,ch_20,axial,0.33649998903274536,0.3334622816233517,-0.9027362580680743,236.23978365043996,False,invalid: method_disagreement
CA_13+07_Mid_AR,ch_01,planar_rotation,0.41200000047683716,0.35201431693374347,-14.559631911084455,275.6453578790242,False,invalid: method_disagreement
CA_13+07_Mid_AR,ch_02,planar_rotation,0.41200000047683716,0.3520705373171697,-14.545986186967669,276.04788187949003,False,invalid: method_disagreement
CA_13+07_Mid_AR,ch_03,planar_rotation,0.41200000047683716,0.4386264785767601,6.462737395414135,408.21782811245976,False,invalid: poor_band_rejection
CA_13+07_Mid_AR,ch_04,planar_rotation,0.41200000047683716,0.4386843696416217,6.47678862473321,410.30988995488104,False,invalid: poor_band_rejection
CA_13+07_Mid_AR,ch_05,planar_rotation,0.41200000047683716,0.33709663348407753,-18.180428860696257,225.3121418207699,False,invalid: method_disagreement
CA_13+07_Mid_AR,ch_06,planar_rotation,0.41200000047683716,0.3372182721002076,-18.15090492477653,224.38678981969892,False,invalid: method_disagreement
CA_13+07_Mid_AR,ch_07,planar_rotation,0.41200000047683716,0.3911912925420531,-5.0506572598787995,18.749213621699813,False,invalid: method_disagreement
CA_13+07_Mid_AR,ch_08,planar_rotation,0.41200000047683716,0.39822165586253383,-3.344258397659384,16.455856819045543,False,invalid: method_disagreement
CA_13+07_Mid_AR,ch_09,planar_rotation,0.41200000047683716,0.34362641721352355,-16.595529899072805,43.1311676499188,False,invalid: method_disagreement
CA_13+07_Mid_AR,ch_10,planar_rotation,0.41200000047683716,0.4004467841977978,-2.8041787052592264,30.618356835436817,False,invalid: method_disagreement
CA_13+07_Mid_AR,ch_11,planar_rotation,0.41200000047683716,0.4027556541859403,-2.243773368980032,41.481602048009634,False,invalid: poor_band_rejection
CA_13+07_Mid_AR,ch_12,planar_rotation,0.41200000047683716,0.40288645764320374,-2.2120249570596258,38.78580364488959,False,invalid: poor_band_rejection
CA_13+07_Mid_AR,ch_13,planar_rotation,0.41200000047683716,0.3406100688684571,-17.327653282950326,58.500580467706925,False,invalid: method_disagreement
CA_13+07_Mid_AR,ch_14,planar_rotation,0.41200000047683716,0.8192020971573688,98.83546024496297,2.7359272031664843,False,fast-decay
CA_13+07_Mid_AR,ch_15,planar_rotation,0.41200000047683716,0.40176266017836304,-2.4847913317052694,43.13120884991884,False,invalid: poor_band_rejection
CA_13+07_Mid_AR,ch_16,planar_rotation,0.41200000047683716,0.40096725639696995,-2.6778505017228693,41.64244684819578,False,invalid: poor_band_rejection
CA_13+07_Mid_AR,ch_17,planar_rotation,0.41200000047683716,0.33334319629681936,-19.091457303151127,221.81185985671877,False,invalid: method_disagreement
CA_13+07_Mid_AR,ch_18,planar_rotation,0.41200000047683716,0.3334654705872215,-19.061779077359716,221.04759985583422,False,invalid: method_disagreement
CA_13+07_Mid_AR,ch_19,planar_rotation,0.41200000047683716,0.39111111111111113,-5.070118772220829,12.875000014901161,False,invalid: method_disagreement
CA_13+07_Mid_AR,ch_20,planar_rotation,0.41200000047683716,0.3534796811722039,-14.203960979830942,76.88764608898758,False,invalid: method_disagreement
CA_13+07_Mid_RA,ch_01,radial,0.33730000257492065,0.3687376149875761,9.320371234113047,112.48803300872444,True,quantitative
CA_13+07_Mid_RA,ch_02,radial,0.33730000257492065,0.3688723894199838,9.360328077095202,112.42214482622147,True,quantitative
CA_13+07_Mid_RA,ch_03,radial,0.33730000257492065,0.3448039187941231,2.224700907772947,105.20842435315251,True,quantitative
CA_13+07_Mid_RA,ch_04,radial,0.33730000257492065,0.34474384963712873,2.206892085793761,89.82558789572118,False,invalid: method_disagreement
CA_13+07_Mid_RA,ch_05,radial,0.33730000257492065,0.3354699123066572,-0.5425704874867222,269.70815148893,True,quantitative
CA_13+07_Mid_RA,ch_06,radial,0.33730000257492065,0.3354483393163361,-0.5489662746662022,269.18105277490616,True,quantitative
CA_13+07_Mid_RA,ch_07,radial,0.33730000257492065,0.335809950004922,-0.4417588374218024,308.0825029418766,True,quantitative
CA_13+07_Mid_RA,ch_08,radial,0.33730000257492065,0.33570074184193327,-0.4741359978591042,298.7278246704638,True,quantitative
CA_13+07_Mid_RA,ch_09,radial,0.33730000257492065,0.33810336441286193,0.238174275662163,321.6865541057289,True,quantitative
CA_13+07_Mid_RA,ch_10,radial,0.33730000257492065,0.3381481641337584,0.25145613767061126,322.37839014101024,True,quantitative
CA_13+07_Mid_RA,ch_11,radial,0.33730000257492065,0.33798130196203324,0.20198617904287117,327.0228762564659,True,quantitative
CA_13+07_Mid_RA,ch_12,radial,0.33730000257492065,0.33801970267661374,0.21337091497152577,323.9594839030802,True,quantitative
CA_13+07_Mid_RA,ch_13,radial,0.33730000257492065,0.3528608902397972,4.613367194214653,49.01380543416739,False,invalid: method_disagreement
CA_13+07_Mid_RA,ch_14,radial,0.33730000257492065,0.353105599054242,4.685916501234125,49.24448490592837,False,invalid: method_disagreement
CA_13+07_Mid_RA,ch_15,radial,0.33730000257492065,0.3379747127739747,0.20003266940508027,322.60886723276974,True,quantitative
CA_13+07_Mid_RA,ch_16,radial,0.33730000257492065,0.33901111082917956,0.5072956540754366,325.37563796389105,False,invalid: poor_band_rejection
CA_13+07_Mid_RA,ch_17,radial,0.33730000257492065,0.3437153215791621,1.9019623347961607,76.84763299664856,False,invalid: method_disagreement
CA_13+07_Mid_RA,ch_18,radial,0.33730000257492065,0.34356426057162853,1.857176978620529,76.94646189740301,False,invalid: method_disagreement
CA_13+07_Mid_RA,ch_19,radial,0.33730000257492065,0.33864406009227477,0.39847539492845785,298.1678054761887,True,quantitative
CA_13+07_Mid_RA,ch_20,radial,0.33730000257492065,0.33864406009227477,0.39847539492845785,298.36546327769753,True,quantitative
CA_13+07_Mid_RA,ch_01,axial,0.33730000257492065,0.3687376149875761,9.320371234113047,112.48803300872444,True,quantitative
CA_13+07_Mid_RA,ch_02,axial,0.33730000257492065,0.3688723894199838,9.360328077095202,112.42214482622147,True,quantitative
CA_13+07_Mid_RA,ch_03,axial,0.33730000257492065,0.3448039187941231,2.224700907772947,105.20842435315251,True,quantitative
CA_13+07_Mid_RA,ch_04,axial,0.33730000257492065,0.34474384963712873,2.206892085793761,89.82558789572118,False,invalid: method_disagreement
CA_13+07_Mid_RA,ch_05,axial,0.33730000257492065,0.3354699123066572,-0.5425704874867222,269.70815148893,True,quantitative
CA_13+07_Mid_RA,ch_06,axial,0.33730000257492065,0.3354483393163361,-0.5489662746662022,269.18105277490616,True,quantitative
CA_13+07_Mid_RA,ch_07,axial,0.33730000257492065,0.335809950004922,-0.4417588374218024,308.0825029418766,True,quantitative
CA_13+07_Mid_RA,ch_08,axial,0.33730000257492065,0.33570074184193327,-0.4741359978591042,298.7278246704638,True,quantitative
CA_13+07_Mid_RA,ch_09,axial,0.33730000257492065,0.33810336441286193,0.238174275662163,321.6865541057289,True,quantitative
CA_13+07_Mid_RA,ch_10,axial,0.33730000257492065,0.3381481641337584,0.25145613767061126,322.37839014101024,True,quantitative
CA_13+07_Mid_RA,ch_11,axial,0.33730000257492065,0.33798130196203324,0.20198617904287117,327.0228762564659,True,quantitative
CA_13+07_Mid_RA,ch_12,axial,0.33730000257492065,0.33801970267661374,0.21337091497152577,323.9594839030802,True,quantitative
CA_13+07_Mid_RA,ch_13,axial,0.33730000257492065,0.3528608902397972,4.613367194214653,49.01380543416739,False,invalid: method_disagreement
CA_13+07_Mid_RA,ch_14,axial,0.33730000257492065,0.353105599054242,4.685916501234125,49.24448490592837,False,invalid: method_disagreement
CA_13+07_Mid_RA,ch_15,axial,0.33730000257492065,0.3379747127739747,0.20003266940508027,322.60886723276974,True,quantitative
CA_13+07_Mid_RA,ch_16,axial,0.33730000257492065,0.33901111082917956,0.5072956540754366,325.37563796389105,False,invalid: poor_band_rejection
CA_13+07_Mid_RA,ch_17,axial,0.33730000257492065,0.3437153215791621,1.9019623347961607,76.84763299664856,False,invalid: method_disagreement
CA_13+07_Mid_RA,ch_18,axial,0.33730000257492065,0.34356426057162853,1.857176978620529,76.94646189740301,False,invalid: method_disagreement
CA_13+07_Mid_RA,ch_19,axial,0.33730000257492065,0.33864406009227477,0.39847539492845785,298.1678054761887,True,quantitative
CA_13+07_Mid_RA,ch_20,axial,0.33730000257492065,0.33864406009227477,0.39847539492845785,298.36546327769753,True,quantitative
CA_13+07_Mid_RA,ch_01,planar_rotation,0.41780000925064087,0.36929313286537113,-11.610070682447054,147.37222668301465,False,invalid: poor_band_rejection
CA_13+07_Mid_RA,ch_02,planar_rotation,0.41780000925064087,0.3692382277128793,-11.623212173896594,150.39137488986256,False,invalid: poor_band_rejection
CA_13+07_Mid_RA,ch_03,planar_rotation,0.41780000925064087,0.44187700031894395,5.762802904549277,175.36167291273773,True,quantitative
CA_13+07_Mid_RA,ch_04,planar_rotation,0.41780000925064087,0.44151690953908984,5.6766155489051355,158.3069846191245,False,invalid: poor_band_rejection
CA_13+07_Mid_RA,ch_05,planar_rotation,0.41780000925064087,0.35729470739349933,-14.481881406767519,59.609783439838885,False,invalid: method_disagreement
CA_13+07_Mid_RA,ch_06,planar_rotation,0.41780000925064087,0.3571264584789473,-14.522151610412031,59.48749337713122,False,invalid: method_disagreement
CA_13+07_Mid_RA,ch_07,planar_rotation,0.41780000925064087,0.3348090686899436,-19.863795769068663,244.8862474821031,False,invalid: method_disagreement
CA_13+07_Mid_RA,ch_08,planar_rotation,0.41780000925064087,0.3347560465310905,-19.876486567938727,238.9292549502075,False,invalid: method_disagreement
CA_13+07_Mid_RA,ch_09,planar_rotation,0.41780000925064087,0.3701190549626797,-11.412387082872716,5.181681054729222,False,invalid: low_r_squared
CA_13+07_Mid_RA,ch_10,planar_rotation,0.41780000925064087,0.35132423403567176,-15.910908028508414,41.98392910957933,False,invalid: method_disagreement
CA_13+07_Mid_RA,ch_11,planar_rotation,0.41780000925064087,0.40249785433129126,-3.6625549498659176,36.761512553948165,False,invalid: poor_band_rejection
CA_13+07_Mid_RA,ch_12,planar_rotation,0.41780000925064087,0.4020078056515597,-3.779847594404273,38.026276741951705,False,invalid: poor_band_rejection
CA_13+07_Mid_RA,ch_13,planar_rotation,0.41780000925064087,0.35713206927494345,-14.520808672194724,251.49571828844543,False,invalid: method_disagreement
CA_13+07_Mid_RA,ch_14,planar_rotation,0.41780000925064087,0.370121338112011,-11.411840613442196,8.69057443242073,False,invalid: low_r_squared
CA_13+07_Mid_RA,ch_15,planar_rotation,0.41780000925064087,0.4034315412271439,-3.4390779572427475,36.679832652139666,False,invalid: poor_band_rejection
CA_13+07_Mid_RA,ch_16,planar_rotation,0.41780000925064087,0.40392528037327063,-3.3209020033905015,40.2702805916369,False,invalid: poor_band_rejection
CA_13+07_Mid_RA,ch_17,planar_rotation,0.41780000925064087,0.345034503450345,-17.416348537379616,140.43611982944012,False,invalid: method_disagreement
CA_13+07_Mid_RA,ch_18,planar_rotation,0.41780000925064087,0.34533756747220407,-17.343810477267397,140.3543981476307,False,invalid: method_disagreement
CA_13+07_Mid_RA,ch_19,planar_rotation,0.41780000925064087,0.3402027567318006,-18.572822116020866,407.8445035102129,False,invalid: method_disagreement
CA_13+07_Mid_RA,ch_20,planar_rotation,0.41780000925064087,0.3389979897419208,-18.86118184871706,371.40916742348674,False,invalid: method_disagreement
CA_13+07_Mid_RR,ch_01,radial,0.33739998936653137,0.3458763588036684,2.512261323140946,328.5036626269072,False,invalid: method_disagreement
CA_13+07_Mid_RR,ch_02,radial,0.33739998936653137,0.3458974757822868,2.518520060332386,328.5695568448305,False,invalid: method_disagreement
CA_13+07_Mid_RR,ch_03,radial,0.33739998936653137,0.34583813072894165,2.500931128733256,318.22352357089517,False,invalid: method_disagreement
CA_13+07_Mid_RR,ch_04,radial,0.33739998936653137,0.345863992544998,2.508596160408244,334.5003030039176,False,invalid: method_disagreement
CA_13+07_Mid_RR,ch_05,radial,0.33739998936653137,0.33543727646503035,-0.5817169423111164,314.49997728824616,False,invalid: method_disagreement
CA_13+07_Mid_RR,ch_06,radial,0.33739998936653137,0.3354559163080496,-0.5761923887821584,314.4343192503154,True,quantitative
CA_13+07_Mid_RR,ch_07,radial,0.33739998936653137,0.3354324433365051,-0.5831494048711485,326.59246038714053,True,quantitative
CA_13+07_Mid_RR,ch_08,radial,0.33739998936653137,0.3354324433365051,-0.5831494048711485,326.52656616921723,True,quantitative
CA_13+07_Mid_RR,ch_09,radial,0.33739998936653137,0.3555115962645254,5.3679927293413865,213.84040186062455,False,invalid: method_disagreement
CA_13+07_Mid_RR,ch_10,radial,0.33739998936653137,0.3556654342200732,5.413587856903965,214.63096377570923,False,invalid: method_disagreement
CA_13+07_Mid_RR,ch_11,radial,0.33739998936653137,0.3723632030682729,10.362541435577693,3.261983097195626,False,fast-decay
CA_13+07_Mid_RR,ch_12,radial,0.33739998936653137,0.3392279055893646,0.5417653469003216,289.98591114082933,False,invalid: method_disagreement
CA_13+07_Mid_RR,ch_13,radial,0.33739998936653137,0.3378520602314553,0.13398662690318994,317.7621628254354,False,invalid: method_disagreement
CA_13+07_Mid_RR,ch_14,radial,0.33739998936653137,0.3378410885325402,0.13073478954074125,316.6746889197081,False,invalid: method_disagreement
CA_13+07_Mid_RR,ch_15,radial,0.33739998936653137,0.3378014747027609,0.1189938793368999,322.6384361717552,True,quantitative
CA_13+07_Mid_RR,ch_16,radial,0.33739998936653137,0.3723632030682729,10.362541435577693,2.9983724855035536,False,fast-decay
CA_13+07_Mid_RR,ch_17,radial,0.33739998936653137,0.3457513782514315,2.4752190717551144,118.02389962036908,False,invalid: method_disagreement
CA_13+07_Mid_RR,ch_18,radial,0.33739998936653137,0.34639890403856427,2.667135434392978,152.19239654351773,False,invalid: method_disagreement
CA_13+07_Mid_RR,ch_19,radial,0.33739998936653137,0.3403291239270009,0.8681489782998972,304.12124995534117,True,quantitative
CA_13+07_Mid_RR,ch_20,radial,0.33739998936653137,0.34033254270895363,0.8691622509912144,304.6811652376949,True,quantitative
CA_13+07_Mid_RR,ch_01,axial,0.33739998936653137,0.3458763588036684,2.512261323140946,328.5036626269072,False,invalid: method_disagreement
CA_13+07_Mid_RR,ch_02,axial,0.33739998936653137,0.3458974757822868,2.518520060332386,328.5695568448305,False,invalid: method_disagreement
CA_13+07_Mid_RR,ch_03,axial,0.33739998936653137,0.34583813072894165,2.500931128733256,318.22352357089517,False,invalid: method_disagreement
CA_13+07_Mid_RR,ch_04,axial,0.33739998936653137,0.345863992544998,2.508596160408244,334.5003030039176,False,invalid: method_disagreement
CA_13+07_Mid_RR,ch_05,axial,0.33739998936653137,0.33543727646503035,-0.5817169423111164,314.49997728824616,False,invalid: method_disagreement
CA_13+07_Mid_RR,ch_06,axial,0.33739998936653137,0.3354559163080496,-0.5761923887821584,314.4343192503154,True,quantitative
CA_13+07_Mid_RR,ch_07,axial,0.33739998936653137,0.3354324433365051,-0.5831494048711485,326.59246038714053,True,quantitative
CA_13+07_Mid_RR,ch_08,axial,0.33739998936653137,0.3354324433365051,-0.5831494048711485,326.52656616921723,True,quantitative
CA_13+07_Mid_RR,ch_09,axial,0.33739998936653137,0.3555115962645254,5.3679927293413865,213.84040186062455,False,invalid: method_disagreement
CA_13+07_Mid_RR,ch_10,axial,0.33739998936653137,0.3556654342200732,5.413587856903965,214.63096377570923,False,invalid: method_disagreement
CA_13+07_Mid_RR,ch_11,axial,0.33739998936653137,0.3723632030682729,10.362541435577693,3.261983097195626,False,fast-decay
CA_13+07_Mid_RR,ch_12,axial,0.33739998936653137,0.3392279055893646,0.5417653469003216,289.98591114082933,False,invalid: method_disagreement
CA_13+07_Mid_RR,ch_13,axial,0.33739998936653137,0.3378520602314553,0.13398662690318994,317.7621628254354,False,invalid: method_disagreement
CA_13+07_Mid_RR,ch_14,axial,0.33739998936653137,0.3378410885325402,0.13073478954074125,316.6746889197081,False,invalid: method_disagreement
CA_13+07_Mid_RR,ch_15,axial,0.33739998936653137,0.3378014747027609,0.1189938793368999,322.6384361717552,True,quantitative
CA_13+07_Mid_RR,ch_16,axial,0.33739998936653137,0.3723632030682729,10.362541435577693,2.9983724855035536,False,fast-decay
CA_13+07_Mid_RR,ch_17,axial,0.33739998936653137,0.3457513782514315,2.4752190717551144,118.02389962036908,False,invalid: method_disagreement
CA_13+07_Mid_RR,ch_18,axial,0.33739998936653137,0.34639890403856427,2.667135434392978,152.19239654351773,False,invalid: method_disagreement
CA_13+07_Mid_RR,ch_19,axial,0.33739998936653137,0.3403291239270009,0.8681489782998972,304.12124995534117,True,quantitative
CA_13+07_Mid_RR,ch_20,axial,0.33739998936653137,0.34033254270895363,0.8691622509912144,304.6811652376949,True,quantitative
CA_13+07_Mid_RR,ch_01,planar_rotation,0.4235000014305115,0.4401558435657735,3.9329024979932417,150.0444835568249,False,invalid: low_r_squared
CA_13+07_Mid_RR,ch_02,planar_rotation,0.4235000014305115,0.36311875435742513,-14.257673404752937,7.5684108755648145,False,invalid: method_disagreement
CA_13+07_Mid_RR,ch_03,planar_rotation,0.4235000014305115,0.44103710188040657,4.140991827782227,407.08111812505126,True,quantitative
CA_13+07_Mid_RR,ch_04,planar_rotation,0.4235000014305115,0.44110775899705595,4.157675916663152,417.5028856702542,True,quantitative
CA_13+07_Mid_RR,ch_05,planar_rotation,0.4235000014305115,0.3489693408623468,-17.59873915381645,40.77843398774266,False,invalid: method_disagreement
CA_13+07_Mid_RR,ch_06,planar_rotation,0.4235000014305115,0.34909220159757287,-17.56972835456945,82.59075852897763,False,invalid: method_disagreement
CA_13+07_Mid_RR,ch_07,planar_rotation,0.4235000014305115,0.3355774502943073,-20.760932901822112,216.67132483187916,False,invalid: method_disagreement
CA_13+07_Mid_RR,ch_08,planar_rotation,0.4235000014305115,0.3355774502943073,-20.760932901822112,216.75403438215852,False,invalid: method_disagreement
CA_13+07_Mid_RR,ch_09,planar_rotation,0.4235000014305115,0.3628344628235778,-14.324802456202065,11.745518439674377,False,invalid: method_disagreement
CA_13+07_Mid_RR,ch_10,planar_rotation,0.4235000014305115,0.3559303073930357,-15.955063473255429,410.4307490363657,False,invalid: method_disagreement
CA_13+07_Mid_RR,ch_11,planar_rotation,0.4235000014305115,0.40618165726391764,-4.089337451734449,41.398395639836785,True,quantitative
CA_13+07_Mid_RR,ch_12,planar_rotation,0.4235000014305115,0.40675291184240764,-3.9544485316493496,42.1430780423522,True,quantitative
CA_13+07_Mid_RR,ch_13,planar_rotation,0.4235000014305115,0.41796409688407765,-1.307179345391847,2.6054990588009357,False,fast-decay
CA_13+07_Mid_RR,ch_14,planar_rotation,0.4235000014305115,0.3679040506235974,-13.127733322106344,8.023334577101469,False,invalid: method_disagreement
CA_13+07_Mid_RR,ch_15,planar_rotation,0.4235000014305115,0.4045190557369471,-4.4819234071900755,38.337930529499054,False,invalid: poor_band_rejection
CA_13+07_Mid_RR,ch_16,planar_rotation,0.4235000014305115,0.40522144256643167,-4.316070555451694,40.695470337462424,False,invalid: poor_band_rejection
CA_13+07_Mid_RR,ch_17,planar_rotation,0.4235000014305115,0.34530263394467775,-18.46454952106168,37.8003819776833,False,invalid: method_disagreement
CA_13+07_Mid_RR,ch_18,planar_rotation,0.4235000014305115,0.34655031519310125,-18.169937657021766,38.95865448159575,False,invalid: method_disagreement
CA_13+07_Mid_RR,ch_19,planar_rotation,0.4235000014305115,0.38757017569983954,-8.484020214712409,21.588560527922514,False,invalid: low_r_squared
CA_13+07_Mid_RR,ch_20,planar_rotation,0.4235000014305115,0.3980216154684226,-6.016147786547159,24.649025638260245,False,invalid: low_r_squared
CA_13_A,ch_01,radial,0.4830999970436096,0.5204582374551674,7.733024351102497,75.53138016777636,False,invalid: method_disagreement
CA_13_A,ch_02,radial,0.4830999970436096,0.5204578988594165,7.732954262973133,75.57872396748661,False,invalid: method_disagreement
CA_13_A,ch_03,radial,0.4830999970436096,0.5187250123437341,7.374252849955748,25.711828240653276,False,invalid: method_disagreement
CA_13_A,ch_04,radial,0.4830999970436096,0.5191940407033114,7.471340070499647,78.17303858561039,False,invalid: method_disagreement
CA_13_A,ch_05,radial,0.4830999970436096,0.4770625518805525,-1.2497299109923397,173.00066937130094,True,quantitative
CA_13_A,ch_06,radial,0.4830999970436096,0.4771326417450971,-1.2352215555848625,172.67042221332193,True,quantitative
CA_13_A,ch_07,radial,0.4830999970436096,0.47467526329263166,-1.743890250990306,120.49170942263603,False,invalid: method_disagreement
CA_13_A,ch_08,radial,0.4830999970436096,0.4744928462295217,-1.7816499413704086,108.32000499712228,False,invalid: method_disagreement
CA_13_A,ch_09,radial,0.4830999970436096,0.4776680978337752,-1.1243840287881655,211.0258566186011,True,quantitative
CA_13_A,ch_10,radial,0.4830999970436096,0.4776207013271625,-1.1341949389315564,210.97880267888905,True,quantitative
CA_13_A,ch_11,radial,0.4830999970436096,0.542516326350696,12.298971159323537,9.010974384856226,False,invalid: method_disagreement
CA_13_A,ch_12,radial,0.4830999970436096,0.5461347314382458,13.04796828407887,8.586329487454892,False,invalid: method_disagreement
CA_13_A,ch_13,radial,0.4830999970436096,0.4677430349810962,-3.1788371261627506,232.11442754954695,True,quantitative
CA_13_A,ch_14,radial,0.4830999970436096,0.467713102299617,-3.18503308593555,234.04851838771106,True,quantitative
CA_13_A,ch_15,radial,0.4830999970436096,0.5494642723344738,13.737171537360506,10.945258463019131,False,invalid: low_r_squared
CA_13_A,ch_16,radial,0.4830999970436096,0.5119997885936357,5.98215519082632,29.863502657246592,False,invalid: method_disagreement
CA_13_A,ch_17,radial,0.4830999970436096,0.4590766265044783,-4.9727531952277655,241.59719739151595,True,quantitative
CA_13_A,ch_18,radial,0.4830999970436096,0.4591394116410367,-4.959756892817776,241.45531092238426,True,quantitative
CA_13_A,ch_19,radial,0.4830999970436096,0.45963284001292243,-4.857618955557311,257.5903677236438,True,quantitative
CA_13_A,ch_20,radial,0.4830999970436096,0.4598648496420184,-4.809593778468554,273.25333920779224,True,quantitative
CA_13_A,ch_01,axial,0.4830999970436096,0.5204582374551674,7.733024351102497,75.53138016777636,False,invalid: method_disagreement
CA_13_A,ch_02,axial,0.4830999970436096,0.5204578988594165,7.732954262973133,75.57872396748661,False,invalid: method_disagreement
CA_13_A,ch_03,axial,0.4830999970436096,0.5187250123437341,7.374252849955748,25.711828240653276,False,invalid: method_disagreement
CA_13_A,ch_04,axial,0.4830999970436096,0.5191940407033114,7.471340070499647,78.17303858561039,False,invalid: method_disagreement
CA_13_A,ch_05,axial,0.4830999970436096,0.4770625518805525,-1.2497299109923397,173.00066937130094,True,quantitative
CA_13_A,ch_06,axial,0.4830999970436096,0.4771326417450971,-1.2352215555848625,172.67042221332193,True,quantitative
CA_13_A,ch_07,axial,0.4830999970436096,0.47467526329263166,-1.743890250990306,120.49170942263603,False,invalid: method_disagreement
CA_13_A,ch_08,axial,0.4830999970436096,0.4744928462295217,-1.7816499413704086,108.32000499712228,False,invalid: method_disagreement
CA_13_A,ch_09,axial,0.4830999970436096,0.4776680978337752,-1.1243840287881655,211.0258566186011,True,quantitative
CA_13_A,ch_10,axial,0.4830999970436096,0.4776207013271625,-1.1341949389315564,210.97880267888905,True,quantitative
CA_13_A,ch_11,axial,0.4830999970436096,0.542516326350696,12.298971159323537,9.010974384856226,False,invalid: method_disagreement
CA_13_A,ch_12,axial,0.4830999970436096,0.5461347314382458,13.04796828407887,8.586329487454892,False,invalid: method_disagreement
CA_13_A,ch_13,axial,0.4830999970436096,0.4677430349810962,-3.1788371261627506,232.11442754954695,True,quantitative
CA_13_A,ch_14,axial,0.4830999970436096,0.467713102299617,-3.18503308593555,234.04851838771106,True,quantitative
CA_13_A,ch_15,axial,0.4830999970436096,0.5494642723344738,13.737171537360506,10.945258463019131,False,invalid: low_r_squared
CA_13_A,ch_16,axial,0.4830999970436096,0.5119997885936357,5.98215519082632,29.863502657246592,False,invalid: method_disagreement
CA_13_A,ch_17,axial,0.4830999970436096,0.4590766265044783,-4.9727531952277655,241.59719739151595,True,quantitative
CA_13_A,ch_18,axial,0.4830999970436096,0.4591394116410367,-4.959756892817776,241.45531092238426,True,quantitative
CA_13_A,ch_19,axial,0.4830999970436096,0.45963284001292243,-4.857618955557311,257.5903677236438,True,quantitative
CA_13_A,ch_20,axial,0.4830999970436096,0.4598648496420184,-4.809593778468554,273.25333920779224,True,quantitative
CA_13_A,ch_01,planar_rotation,0.5939000248908997,0.5210993542090145,-12.258068299501874,288.5981745654166,False,invalid: method_disagreement
CA_13_A,ch_02,planar_rotation,0.5939000248908997,0.5210993542090147,-12.258068299501856,288.53997236297727,False,invalid: method_disagreement
CA_13_A,ch_03,planar_rotation,0.5939000248908997,0.5296568088706922,-10.81717685262078,8.35170128302753,False,invalid: method_disagreement
CA_13_A,ch_04,planar_rotation,0.5939000248908997,0.5223094876143927,-12.054307842411403,87.8670335625887,False,invalid: method_disagreement
CA_13_A,ch_05,planar_rotation,0.5939000248908997,0.5110934496569928,-13.942847577606784,197.83130535129308,False,invalid: method_disagreement
CA_13_A,ch_06,planar_rotation,0.5939000248908997,0.5109432556699586,-13.968137017030832,197.94693768613936,False,invalid: method_disagreement
CA_13_A,ch_07,planar_rotation,0.5939000248908997,0.5251273433807698,-11.579841493147516,5.045834001475572,False,invalid: too_short
CA_13_A,ch_08,planar_rotation,0.5939000248908997,0.5288283567379944,-10.956670386545106,13.861567190951112,False,invalid: poor_band_rejection
CA_13_A,ch_09,planar_rotation,0.5939000248908997,0.5130398791444436,-13.615110684885085,86.82254158881305,False,invalid: method_disagreement
CA_13_A,ch_10,planar_rotation,0.5939000248908997,0.5122497311932236,-13.748154617887979,121.4476257199824,False,invalid: method_disagreement
CA_13_A,ch_11,planar_rotation,0.5939000248908997,0.5667895340423241,-4.56482399601781,32.8848976682365,False,invalid: poor_band_rejection
CA_13_A,ch_12,planar_rotation,0.5939000248908997,0.5665567826289494,-4.604014331700572,30.39093329371214,True,quantitative
CA_13_A,ch_13,planar_rotation,0.5939000248908997,0.4956132234404271,-16.549384969048962,150.27297915807964,False,invalid: method_disagreement
CA_13_A,ch_14,planar_rotation,0.5939000248908997,0.5363812793181131,-9.68492055263895,13.223540394210813,False,invalid: method_disagreement
CA_13_A,ch_15,planar_rotation,0.5939000248908997,0.5615481552317295,-5.44735953919403,36.88677420595884,False,invalid: poor_band_rejection
CA_13_A,ch_16,planar_rotation,0.5939000248908997,0.5642788267647405,-4.987573141051916,37.06072752324939,False,invalid: poor_band_rejection
CA_13_A,ch_17,planar_rotation,0.5939000248908997,0.517175394863414,-12.918778718956961,6.669794229537248,False,invalid: poor_band_rejection
CA_13_A,ch_18,planar_rotation,0.5939000248908997,0.512,-13.790203983565217,6.611829587107897,False,invalid: poor_band_rejection
CA_13_A,ch_19,planar_rotation,0.5939000248908997,0.5497979492536492,-7.4258416886498795,18.269374395686388,False,invalid: method_disagreement
CA_13_A,ch_20,planar_rotation,0.5939000248908997,0.5513829866841009,-7.158955451232588,16.18145946817994,False,invalid: low_r_squared
CA_13_R,ch_01,radial,0.4729999899864197,0.4959665341167748,4.855506261430268,459.788958366102,False,invalid: method_disagreement
CA_13_R,ch_02,radial,0.4729999899864197,0.496016451659175,4.866059653281635,459.74260436708335,False,invalid: method_disagreement
CA_13_R,ch_03,radial,0.4729999899864197,0.46545596721095445,-1.5949308531025188,131.46046151693463,False,invalid: method_disagreement
CA_13_R,ch_04,radial,0.4729999899864197,0.48786009743274655,3.1416718310614606,467.96480576301633,False,invalid: low_r_squared
CA_13_R,ch_05,radial,0.4729999899864197,0.45899130887285117,-2.9616662600713193,337.5203056545734,False,invalid: method_disagreement
CA_13_R,ch_06,radial,0.4729999899864197,0.4578320693264226,-3.206748621798606,179.36083940286636,False,invalid: method_disagreement
CA_13_R,ch_07,radial,0.4729999899864197,0.4585305152812082,-3.0590856261174375,314.7017455376506,True,quantitative
CA_13_R,ch_08,radial,0.4729999899864197,0.45839163582882253,-3.0884470331630594,305.3711585351825,True,quantitative
CA_13_R,ch_09,radial,0.4729999899864197,0.49230769230769234,4.081966750533547,20.50894846581816,False,invalid: method_disagreement
CA_13_R,ch_10,radial,0.4729999899864197,0.4958590007633922,4.832771936766596,42.58844609838724,False,invalid: low_r_squared
CA_13_R,ch_11,radial,0.4729999899864197,0.46096538911343804,-2.544313134832659,230.95676621056197,False,invalid: poor_band_rejection
CA_13_R,ch_12,radial,0.4729999899864197,0.5120065536838874,8.246630977431439,2.6791192432820803,False,fast-decay
CA_13_R,ch_13,radial,0.4729999899864197,0.4491233112963497,-5.047923719988981,6.928740353316068,False,invalid: low_r_squared
CA_13_R,ch_14,radial,0.4729999899864197,0.49951297484952173,5.605282330738161,4.249621110033989,False,fast-decay
CA_13_R,ch_15,radial,0.4729999899864197,0.4562214705483233,-3.54725577025448,285.2779770605624,False,invalid: poor_band_rejection
CA_13_R,ch_16,radial,0.4729999899864197,0.5120065536838869,8.246630977431344,2.817660940349102,False,fast-decay
CA_13_R,ch_17,radial,0.4729999899864197,0.48356956962308306,2.234583480005327,196.31334824397564,True,quantitative
CA_13_R,ch_18,radial,0.4729999899864197,0.4835890431296142,2.238700500500761,196.3594184430003,True,quantitative
CA_13_R,ch_19,radial,0.4729999899864197,0.4660207713639842,-1.4755219387289802,267.12485234487053,True,quantitative
CA_13_R,ch_20,radial,0.4729999899864197,0.474538511297763,0.325268783068573,39.58565296195745,False,invalid: method_disagreement
CA_13_R,ch_01,axial,0.4729999899864197,0.4959665341167748,4.855506261430268,459.788958366102,False,invalid: method_disagreement
CA_13_R,ch_02,axial,0.4729999899864197,0.496016451659175,4.866059653281635,459.74260436708335,False,invalid: method_disagreement
CA_13_R,ch_03,axial,0.4729999899864197,0.46545596721095445,-1.5949308531025188,131.46046151693463,False,invalid: method_disagreement
CA_13_R,ch_04,axial,0.4729999899864197,0.48786009743274655,3.1416718310614606,467.96480576301633,False,invalid: low_r_squared
CA_13_R,ch_05,axial,0.4729999899864197,0.45899130887285117,-2.9616662600713193,337.5203056545734,False,invalid: method_disagreement
CA_13_R,ch_06,axial,0.4729999899864197,0.4578320693264226,-3.206748621798606,179.36083940286636,False,invalid: method_disagreement
CA_13_R,ch_07,axial,0.4729999899864197,0.4585305152812082,-3.0590856261174375,314.7017455376506,True,quantitative
CA_13_R,ch_08,axial,0.4729999899864197,0.45839163582882253,-3.0884470331630594,305.3711585351825,True,quantitative
CA_13_R,ch_09,axial,0.4729999899864197,0.49230769230769234,4.081966750533547,20.50894846581816,False,invalid: method_disagreement
CA_13_R,ch_10,axial,0.4729999899864197,0.4958590007633922,4.832771936766596,42.58844609838724,False,invalid: low_r_squared
CA_13_R,ch_11,axial,0.4729999899864197,0.46096538911343804,-2.544313134832659,230.95676621056197,False,invalid: poor_band_rejection
CA_13_R,ch_12,axial,0.4729999899864197,0.5120065536838874,8.246630977431439,2.6791192432820803,False,fast-decay
CA_13_R,ch_13,axial,0.4729999899864197,0.4491233112963497,-5.047923719988981,6.928740353316068,False,invalid: low_r_squared
CA_13_R,ch_14,axial,0.4729999899864197,0.49951297484952173,5.605282330738161,4.249621110033989,False,fast-decay
CA_13_R,ch_15,axial,0.4729999899864197,0.4562214705483233,-3.54725577025448,285.2779770605624,False,invalid: poor_band_rejection
CA_13_R,ch_16,axial,0.4729999899864197,0.5120065536838869,8.246630977431344,2.817660940349102,False,fast-decay
CA_13_R,ch_17,axial,0.4729999899864197,0.48356956962308306,2.234583480005327,196.31334824397564,True,quantitative
CA_13_R,ch_18,axial,0.4729999899864197,0.4835890431296142,2.238700500500761,196.3594184430003,True,quantitative
CA_13_R,ch_19,axial,0.4729999899864197,0.4660207713639842,-1.4755219387289802,267.12485234487053,True,quantitative
CA_13_R,ch_20,axial,0.4729999899864197,0.474538511297763,0.325268783068573,39.58565296195745,False,invalid: method_disagreement
CA_13_R,ch_01,planar_rotation,0.5490000247955322,0.4961304393692138,-9.630160844894133,535.3285516780614,False,invalid: method_disagreement
CA_13_R,ch_02,planar_rotation,0.5490000247955322,0.4960982694507318,-9.636020574771916,535.3285516780614,False,invalid: method_disagreement
CA_13_R,ch_03,planar_rotation,0.5490000247955322,0.4665248796934265,-15.022794422062644,141.7531459622669,False,invalid: method_disagreement
CA_13_R,ch_04,planar_rotation,0.5490000247955322,0.49252845783612775,-10.286259455167885,49.48501759498596,False,invalid: method_disagreement
CA_13_R,ch_05,planar_rotation,0.5490000247955322,0.4810732055969431,-12.372826253311658,8.631707789850234,False,invalid: low_r_squared
CA_13_R,ch_06,planar_rotation,0.5490000247955322,0.49180097517107646,-10.418769952835392,32.38238216254711,False,invalid: method_disagreement
CA_13_R,ch_07,planar_rotation,0.5490000247955322,0.45848480790852897,-16.487288305809177,363.39074751250746,False,invalid: method_disagreement
CA_13_R,ch_08,planar_rotation,0.5490000247955322,0.45853052967046426,-16.478960116397467,357.6541913534164,False,invalid: method_disagreement
CA_13_R,ch_09,planar_rotation,0.5490000247955322,0.4977164951541769,-9.341261807857881,61.548008479809766,False,invalid: method_disagreement
CA_13_R,ch_10,planar_rotation,0.5490000247955322,0.49932782792394864,-9.047758584361327,73.23567000768185,False,invalid: low_r_squared
CA_13_R,ch_11,planar_rotation,0.5490000247955322,0.5473105863991555,-0.3077301129459704,32.5432391698122,False,invalid: low_r_squared
CA_13_R,ch_12,planar_rotation,0.5490000247955322,0.548012983210448,-0.17978898734145515,36.0281266272068,False,invalid: poor_band_rejection
CA_13_R,ch_13,planar_rotation,0.5490000247955322,0.5059795945657791,-7.836143585927066,46.42865759694577,False,invalid: method_disagreement
CA_13_R,ch_14,planar_rotation,0.5490000247955322,0.5120013107233555,-6.739291876344883,6.058325073623655,False,invalid: low_r_squared
CA_13_R,ch_15,planar_rotation,0.5490000247955322,0.5443185896705343,-0.8527203849838634,33.24019470129013,False,invalid: low_r_squared
CA_13_R,ch_16,planar_rotation,0.5490000247955322,0.5451510289357325,-0.70109211037526,38.440707236170766,False,invalid: low_r_squared
CA_13_R,ch_17,planar_rotation,0.5490000247955322,0.4853771090359831,-11.588873021134136,303.82616632227894,False,invalid: poor_band_rejection
CA_13_R,ch_18,planar_rotation,0.5490000247955322,0.48528293176322185,-11.606027350552663,303.55825431017877,False,invalid: poor_band_rejection
CA_13_R,ch_19,planar_rotation,0.5490000247955322,0.4677530864197531,-14.799077359976161,348.5395282417536,False,invalid: method_disagreement
CA_13_R,ch_20,planar_rotation,0.5490000247955322,0.4798181840169052,-12.601427623685973,141.96783791196347,False,invalid: method_disagreement
CA_13_Top_A,ch_01,radial,0.43459999561309814,0.4635482511588703,6.660896419231274,11.204422486901287,False,invalid: low_r_squared
CA_13_Top_A,ch_02,radial,0.43459999561309814,0.469353251406798,7.996607488380854,88.15078631019593,False,invalid: method_disagreement
CA_13_Top_A,ch_03,radial,0.43459999561309814,0.4665890205548492,7.360567249114566,123.58937375247478,False,invalid: method_disagreement
CA_13_Top_A,ch_04,radial,0.43459999561309814,0.4619648906683092,6.296570485834198,7.087891328454017,False,invalid: low_r_squared
CA_13_Top_A,ch_05,radial,0.43459999561309814,0.4352815264887853,0.1568179665362691,160.68309181804656,True,quantitative
CA_13_Top_A,ch_06,radial,0.43459999561309814,0.4352280622078769,0.14451601498355734,161.91374862562415,True,quantitative
CA_13_Top_A,ch_07,radial,0.43459999561309814,0.43364538627070115,-0.21965240497766456,102.58067958453893,False,invalid: method_disagreement
CA_13_Top_A,ch_08,radial,0.43459999561309814,0.4331729921676279,-0.3283487022260905,87.4713326770544,False,invalid: low_r_squared
CA_13_Top_A,ch_09,radial,0.43459999561309814,0.43472768634966447,0.029381209814828904,193.10842365074157,True,quantitative
CA_13_Top_A,ch_10,radial,0.43459999561309814,0.43478123031312854,0.04170149605609774,193.49013282688855,True,quantitative
CA_13_Top_A,ch_11,radial,0.43459999561309814,0.433680915272159,-0.21147730101620535,153.34052489216327,True,quantitative
CA_13_Top_A,ch_12,radial,0.43459999561309814,0.43312214676833977,-0.34004805790979126,138.23143874467613,False,invalid: poor_band_rejection
CA_13_Top_A,ch_13,radial,0.43459999561309814,0.4384958916307999,0.8964325948061106,156.05668794474602,True,quantitative
CA_13_Top_A,ch_14,radial,0.43459999561309814,0.4385380537904631,0.9061339662025278,157.7120793280363,True,quantitative
CA_13_Top_A,ch_15,radial,0.43459999561309814,0.4366587161374745,0.4737046813523455,122.6132187023282,False,invalid: poor_band_rejection
CA_13_Top_A,ch_16,radial,0.43459999561309814,0.43597846920329836,0.3171821454474649,80.72342892516852,False,invalid: method_disagreement
CA_13_Top_A,ch_17,radial,0.43459999561309814,0.4344045772314966,-0.044965113569743746,132.03499892722368,True,quantitative
CA_13_Top_A,ch_18,radial,0.43459999561309814,0.4345456493521787,-0.012504892192363774,132.62927096122505,True,quantitative
CA_13_Top_A,ch_19,radial,0.43459999561309814,0.4356881520621147,0.25038114588139165,163.35675099105836,True,quantitative
CA_13_Top_A,ch_20,radial,0.43459999561309814,0.43556601663356365,0.22227819379121672,155.63230104902982,True,quantitative
CA_13_Top_A,ch_01,axial,0.43459999561309814,0.4635482511588703,6.660896419231274,11.204422486901287,False,invalid: low_r_squared
CA_13_Top_A,ch_02,axial,0.43459999561309814,0.469353251406798,7.996607488380854,88.15078631019593,False,invalid: method_disagreement
CA_13_Top_A,ch_03,axial,0.43459999561309814,0.4665890205548492,7.360567249114566,123.58937375247478,False,invalid: method_disagreement
CA_13_Top_A,ch_04,axial,0.43459999561309814,0.4619648906683092,6.296570485834198,7.087891328454017,False,invalid: low_r_squared
CA_13_Top_A,ch_05,axial,0.43459999561309814,0.4352815264887853,0.1568179665362691,160.68309181804656,True,quantitative
CA_13_Top_A,ch_06,axial,0.43459999561309814,0.4352280622078769,0.14451601498355734,161.91374862562415,True,quantitative
CA_13_Top_A,ch_07,axial,0.43459999561309814,0.43364538627070115,-0.21965240497766456,102.58067958453893,False,invalid: method_disagreement
CA_13_Top_A,ch_08,axial,0.43459999561309814,0.4331729921676279,-0.3283487022260905,87.4713326770544,False,invalid: low_r_squared
CA_13_Top_A,ch_09,axial,0.43459999561309814,0.43472768634966447,0.029381209814828904,193.10842365074157,True,quantitative
CA_13_Top_A,ch_10,axial,0.43459999561309814,0.43478123031312854,0.04170149605609774,193.49013282688855,True,quantitative
CA_13_Top_A,ch_11,axial,0.43459999561309814,0.433680915272159,-0.21147730101620535,153.34052489216327,True,quantitative
CA_13_Top_A,ch_12,axial,0.43459999561309814,0.43312214676833977,-0.34004805790979126,138.23143874467613,False,invalid: poor_band_rejection
CA_13_Top_A,ch_13,axial,0.43459999561309814,0.4384958916307999,0.8964325948061106,156.05668794474602,True,quantitative
CA_13_Top_A,ch_14,axial,0.43459999561309814,0.4385380537904631,0.9061339662025278,157.7120793280363,True,quantitative
CA_13_Top_A,ch_15,axial,0.43459999561309814,0.4366587161374745,0.4737046813523455,122.6132187023282,False,invalid: poor_band_rejection
CA_13_Top_A,ch_16,axial,0.43459999561309814,0.43597846920329836,0.3171821454474649,80.72342892516852,False,invalid: method_disagreement
CA_13_Top_A,ch_17,axial,0.43459999561309814,0.4344045772314966,-0.044965113569743746,132.03499892722368,True,quantitative
CA_13_Top_A,ch_18,axial,0.43459999561309814,0.4345456493521787,-0.012504892192363774,132.62927096122505,True,quantitative
CA_13_Top_A,ch_19,axial,0.43459999561309814,0.4356881520621147,0.25038114588139165,163.35675099105836,True,quantitative
CA_13_Top_A,ch_20,axial,0.43459999561309814,0.43556601663356365,0.22227819379121672,155.63230104902982,True,quantitative
CA_13_Top_A,ch_01,planar_rotation,0.5654000043869019,0.47095320496618004,-16.704421416327424,263.48544844436645,False,invalid: method_disagreement
CA_13_Top_A,ch_02,planar_rotation,0.5654000043869019,0.470954222385448,-16.704241469518074,263.31978624308107,False,invalid: low_r_squared
CA_13_Top_A,ch_03,planar_rotation,0.5654000043869019,0.4843285131114647,-14.338785045349972,10.159672678828237,False,invalid: method_disagreement
CA_13_Top_A,ch_04,planar_rotation,0.5654000043869019,0.49304054310312145,-12.797923721674575,16.012128124237055,False,invalid: low_r_squared
CA_13_Top_A,ch_05,planar_rotation,0.5654000043869019,0.4654573557631085,-17.676449920117594,64.87704966337681,False,invalid: method_disagreement
CA_13_Top_A,ch_06,planar_rotation,0.5654000043869019,0.464238046986247,-17.892104106074605,64.49088146038055,False,invalid: method_disagreement
CA_13_Top_A,ch_07,planar_rotation,0.5654000043869019,0.4940356424259845,-12.621924550266343,14.024577488815785,False,invalid: method_disagreement
CA_13_Top_A,ch_08,planar_rotation,0.5654000043869019,0.5119999999999999,-9.444641664763848,10.104320018398763,False,invalid: low_r_squared
CA_13_Top_A,ch_09,planar_rotation,0.5654000043869019,0.4964873519847082,-12.188300648656677,11.20865930696726,False,invalid: method_disagreement
CA_13_Top_A,ch_10,planar_rotation,0.5654000043869019,0.5154355774252961,-8.83700505375575,17.944834959232807,False,invalid: method_disagreement
CA_13_Top_A,ch_11,planar_rotation,0.5654000043869019,0.5356304527967787,-5.265219554146297,19.43562515079975,False,invalid: poor_band_rejection
CA_13_Top_A,ch_12,planar_rotation,0.5654000043869019,0.5389470053409648,-4.678634389934544,22.30678291307688,False,invalid: poor_band_rejection
CA_13_Top_A,ch_13,planar_rotation,0.5654000043869019,0.48490242051878857,-14.237280375581495,21.53382456707954,False,invalid: method_disagreement
CA_13_Top_A,ch_14,planar_rotation,0.5654000043869019,0.47308526369925213,-16.327332856629937,38.8160107211709,False,invalid: method_disagreement
CA_13_Top_A,ch_15,planar_rotation,0.5654000043869019,0.52783447110986,-6.644063138587423,17.834412338376044,False,invalid: poor_band_rejection
CA_13_Top_A,ch_16,planar_rotation,0.5654000043869019,0.5307308788591159,-6.131787276050674,19.987738255083563,False,invalid: poor_band_rejection
CA_13_Top_A,ch_17,planar_rotation,0.5654000043869019,0.49708706977114125,-12.082231002073751,6.460147370123863,False,invalid: poor_band_rejection
CA_13_Top_A,ch_18,planar_rotation,0.5654000043869019,0.4934920732835727,-12.718063414467668,6.404964329695702,False,invalid: poor_band_rejection
CA_13_Top_A,ch_19,planar_rotation,0.5654000043869019,0.48583782733323616,-14.0718387754418,17.116580492806435,False,invalid: method_disagreement
CA_13_Top_A,ch_20,planar_rotation,0.5654000043869019,0.527060807758335,-6.780897830048736,8.447867625546454,False,invalid: low_r_squared
CA_13_Top_R,ch_01,radial,0.43709999322891235,0.4580228886642455,4.786752633138498,351.04593206197023,False,invalid: method_disagreement
CA_13_Top_R,ch_02,radial,0.43709999322891235,0.45805940504841536,4.795106873526399,351.00309626263385,False,invalid: method_disagreement
CA_13_Top_R,ch_03,radial,0.43709999322891235,0.4557137859229624,4.258474715716109,339.73422133719924,False,invalid: method_disagreement
CA_13_Top_R,ch_04,radial,0.43709999322891235,0.44949589370965165,2.835941586081763,196.60928164433838,False,invalid: method_disagreement
CA_13_Top_R,ch_05,radial,0.43709999322891235,0.43677786060380175,-0.07369769620241147,46.612386987930535,False,invalid: method_disagreement
CA_13_Top_R,ch_06,radial,0.43709999322891235,0.4367774366599921,-0.07379468632280406,46.61256182792783,False,invalid: method_disagreement
CA_13_Top_R,ch_07,radial,0.43709999322891235,0.4354473835582091,-0.3780850369031598,63.64403193409443,True,quantitative
CA_13_Top_R,ch_08,radial,0.43709999322891235,0.43522211519590326,-0.4296220686568707,54.72255881229639,True,quantitative
CA_13_Top_R,ch_09,radial,0.43709999322891235,0.43419929342090086,-0.6636238510514871,260.0402273317337,True,quantitative
CA_13_Top_R,ch_10,radial,0.43709999322891235,0.4341239113678447,-0.680869802601229,247.3627102581203,True,quantitative
CA_13_Top_R,ch_11,radial,0.43709999322891235,0.4726195727519062,8.126190819772441,3.1160858517289167,False,fast-decay
CA_13_Top_R,ch_12,radial,0.43709999322891235,0.4762811964183657,8.963899289958091,2.987971843713523,False,fast-decay
CA_13_Top_R,ch_13,radial,0.43709999322891235,0.4281524508159873,-2.047024148142498,13.019110718321798,True,quantitative
CA_13_Top_R,ch_14,radial,0.43709999322891235,0.4266666666666666,-2.386942741676448,13.232546645015477,True,quantitative
CA_13_Top_R,ch_15,radial,0.43709999322891235,0.4395252939792984,0.5548617680064577,95.01793298808337,False,invalid: method_disagreement
CA_13_Top_R,ch_16,radial,0.43709999322891235,0.49053873416479654,12.22574737215746,8.451765469074248,False,invalid: method_disagreement
CA_13_Top_R,ch_17,radial,0.43709999322891235,0.4415413362543954,1.0160931352742173,187.13321605113148,True,quantitative
CA_13_Top_R,ch_18,radial,0.43709999322891235,0.4415415436574202,1.0161405850632867,187.26128634914755,True,quantitative
CA_13_Top_R,ch_19,radial,0.43709999322891235,0.4394850992577096,0.5456659953660011,11.311667014771697,True,quantitative
CA_13_Top_R,ch_20,radial,0.43709999322891235,0.4464086424713182,2.1296383863201784,49.72829799966215,False,invalid: low_r_squared
CA_13_Top_R,ch_01,axial,0.43709999322891235,0.4580228886642455,4.786752633138498,351.04593206197023,False,invalid: method_disagreement
CA_13_Top_R,ch_02,axial,0.43709999322891235,0.45805940504841536,4.795106873526399,351.00309626263385,False,invalid: method_disagreement
CA_13_Top_R,ch_03,axial,0.43709999322891235,0.4557137859229624,4.258474715716109,339.73422133719924,False,invalid: method_disagreement
CA_13_Top_R,ch_04,axial,0.43709999322891235,0.44949589370965165,2.835941586081763,196.60928164433838,False,invalid: method_disagreement
CA_13_Top_R,ch_05,axial,0.43709999322891235,0.43677786060380175,-0.07369769620241147,46.612386987930535,False,invalid: method_disagreement
CA_13_Top_R,ch_06,axial,0.43709999322891235,0.4367774366599921,-0.07379468632280406,46.61256182792783,False,invalid: method_disagreement
CA_13_Top_R,ch_07,axial,0.43709999322891235,0.4354473835582091,-0.3780850369031598,63.64403193409443,True,quantitative
CA_13_Top_R,ch_08,axial,0.43709999322891235,0.43522211519590326,-0.4296220686568707,54.72255881229639,True,quantitative
CA_13_Top_R,ch_09,axial,0.43709999322891235,0.43419929342090086,-0.6636238510514871,260.0402273317337,True,quantitative
CA_13_Top_R,ch_10,axial,0.43709999322891235,0.4341239113678447,-0.680869802601229,247.3627102581203,True,quantitative
CA_13_Top_R,ch_11,axial,0.43709999322891235,0.4726195727519062,8.126190819772441,3.1160858517289167,False,fast-decay
CA_13_Top_R,ch_12,axial,0.43709999322891235,0.4762811964183657,8.963899289958091,2.987971843713523,False,fast-decay
CA_13_Top_R,ch_13,axial,0.43709999322891235,0.4281524508159873,-2.047024148142498,13.019110718321798,True,quantitative
CA_13_Top_R,ch_14,axial,0.43709999322891235,0.4266666666666666,-2.386942741676448,13.232546645015477,True,quantitative
CA_13_Top_R,ch_15,axial,0.43709999322891235,0.4395252939792984,0.5548617680064577,95.01793298808337,False,invalid: method_disagreement
CA_13_Top_R,ch_16,axial,0.43709999322891235,0.49053873416479654,12.22574737215746,8.451765469074248,False,invalid: method_disagreement
CA_13_Top_R,ch_17,axial,0.43709999322891235,0.4415413362543954,1.0160931352742173,187.13321605113148,True,quantitative
CA_13_Top_R,ch_18,axial,0.43709999322891235,0.4415415436574202,1.0161405850632867,187.26128634914755,True,quantitative
CA_13_Top_R,ch_19,axial,0.43709999322891235,0.4394850992577096,0.5456659953660011,11.311667014771697,True,quantitative
CA_13_Top_R,ch_20,axial,0.43709999322891235,0.4464086424713182,2.1296383863201784,49.72829799966215,False,invalid: low_r_squared
CA_13_Top_R,ch_01,planar_rotation,0.5612000226974487,0.48432516207595605,-13.698299627998601,9.426420661246777,False,invalid: method_disagreement
CA_13_Top_R,ch_02,planar_rotation,0.5612000226974487,0.496485811366422,-11.531398559104321,19.291250780224797,False,invalid: method_disagreement
CA_13_Top_R,ch_03,planar_rotation,0.5612000226974487,0.5613157240571901,0.020616777452225395,70.97165579041241,False,invalid: low_r_squared
CA_13_Top_R,ch_04,planar_rotation,0.5612000226974487,0.5605134148255412,-0.12234637279722854,146.49284792482854,False,invalid: low_r_squared
CA_13_Top_R,ch_05,planar_rotation,0.5612000226974487,0.48073429158450204,-14.338155356121032,301.0421711354971,False,invalid: method_disagreement
CA_13_Top_R,ch_06,planar_rotation,0.5612000226974487,0.48076032713401934,-14.3335160923177,300.98717353327277,False,invalid: method_disagreement
CA_13_Top_R,ch_07,planar_rotation,0.5612000226974487,0.48761987321883304,-13.111216411743417,11.34460233882666,False,invalid: poor_band_rejection
CA_13_Top_R,ch_08,planar_rotation,0.5612000226974487,0.5224496619750689,-6.904910754658094,6.850568677067757,False,invalid: poor_band_rejection
CA_13_Top_R,ch_09,planar_rotation,0.5612000226974487,0.49454545454545445,-11.877149938735613,20.71619375785589,False,invalid: method_disagreement
CA_13_Top_R,ch_10,planar_rotation,0.5612000226974487,0.5017378374186956,-10.595542208452489,25.867785486209392,False,invalid: low_r_squared
CA_13_Top_R,ch_11,planar_rotation,0.5612000226974487,0.5130257231097567,-8.584158524466687,29.21091014142036,False,invalid: poor_band_rejection
CA_13_Top_R,ch_12,planar_rotation,0.5612000226974487,0.5130257231097567,-8.584158524466687,28.44363747038841,False,invalid: poor_band_rejection
CA_13_Top_R,ch_13,planar_rotation,0.5612000226974487,0.499511415396815,-10.992267427952509,19.400853144657614,False,invalid: method_disagreement
CA_13_Top_R,ch_14,planar_rotation,0.5612000226974487,0.5036055761127884,-10.262730622822927,25.210115179610256,False,invalid: low_r_squared
CA_13_Top_R,ch_15,planar_rotation,0.5612000226974487,0.5077688636132832,-9.520876144541969,28.114830377089977,False,invalid: poor_band_rejection
CA_13_Top_R,ch_16,planar_rotation,0.5612000226974487,0.5071231294958416,-9.635939239931355,31.019433334565164,False,invalid: poor_band_rejection
CA_13_Top_R,ch_17,planar_rotation,0.5612000226974487,0.48,-14.468998469949259,5.918864399385451,False,invalid: too_short
CA_13_Top_R,ch_18,planar_rotation,0.5612000226974487,0.4876205337006742,-13.111098720757235,5.918864399385451,False,invalid: too_short
CA_13_Top_R,ch_19,planar_rotation,0.5612000226974487,0.4736873635536583,-15.593844548179892,41.92528949564696,False,invalid: method_disagreement
CA_13_Top_R,ch_20,planar_rotation,0.5612000226974487,0.5309667387264383,-5.387256369964484,8.987955083513262,False,invalid: low_r_squared
CSBD_07_A,ch_01,radial,0.5457000136375427,0.49053933573615854,-10.108241986965066,5.7020958405005935,False,invalid: low_r_squared
CSBD_07_A,ch_02,radial,0.5457000136375427,0.49054234361510085,-10.10769079054448,5.648835519169569,False,invalid: low_r_squared
CSBD_07_A,ch_03,radial,0.5457000136375427,0.5893542004010556,7.999667522916395,8.952863563740253,False,invalid: low_r_squared
CSBD_07_A,ch_04,radial,0.5457000136375427,0.6003926567975456,10.022474215353434,9.325904093062878,False,invalid: method_disagreement
CSBD_07_A,ch_05,radial,0.5457000136375427,0.5535157475230171,1.4322400018603747,4.689582207196952,False,fast-decay
CSBD_07_A,ch_06,radial,0.5457000136375427,0.558544804602409,2.3538190661284872,4.156706143879889,False,fast-decay
CSBD_07_A,ch_07,radial,0.5457000136375427,0.5879470847623716,7.741812363759551,6.9278253831326975,False,invalid: method_disagreement
CSBD_07_A,ch_08,radial,0.5457000136375427,0.5688929343497555,4.250122802382349,3.2773651419043563,False,fast-decay
CSBD_07_A,ch_09,radial,0.5457000136375427,0.5437146585471947,-0.3638180393498604,4.183336304545401,False,fast-decay
CSBD_07_A,ch_10,radial,0.5457000136375427,0.512,-6.1755566786418425,5.5422384785056105,False,invalid: too_short
CSBD_07_A,ch_11,radial,0.5457000136375427,0.5875440658049355,7.667958790850572,6.874565061801672,False,invalid: low_r_squared
CSBD_07_A,ch_12,radial,0.5457000136375427,0.5461347314382458,0.07966241338446713,6.714674957805871,False,invalid: poor_band_rejection
CSBD_07_A,ch_13,radial,0.5457000136375427,0.5851432138015781,7.228000582428749,6.847880331134796,False,invalid: low_r_squared
CSBD_07_A,ch_14,radial,0.5457000136375427,0.590772139185916,8.259506032981417,6.794620009803773,False,invalid: low_r_squared
CSBD_07_A,ch_15,radial,0.5457000136375427,0.5361240376573525,-1.754805889843837,6.501524532479048,False,invalid: poor_band_rejection
CSBD_07_A,ch_16,radial,0.5457000136375427,0.582765137324442,6.792216008907446,7.061085326462984,False,invalid: low_r_squared
CSBD_07_A,ch_17,radial,0.5457000136375427,0.6159403831303168,12.87160852801961,8.819619991410375,False,invalid: poor_band_rejection
CSBD_07_A,ch_18,radial,0.5457000136375427,0.6164573565623598,12.966344357069143,8.713044778746962,False,invalid: poor_band_rejection
CSBD_07_A,ch_19,radial,0.5457000136375427,0.6185248183083346,13.345208512155649,9.245975412065388,False,invalid: low_r_squared
CSBD_07_A,ch_20,radial,0.5457000136375427,0.5497979492536492,0.7509502498983572,4.476448152870537,False,fast-decay
CSBD_07_A,ch_01,axial,0.6961899995803833,0.7492675909298662,7.624009448781867,6.798720021802186,False,invalid: low_r_squared
CSBD_07_A,ch_02,axial,0.6961899995803833,0.7492685266009059,7.624143847586838,6.764676330822706,False,invalid: low_r_squared
CSBD_07_A,ch_03,axial,0.6961899995803833,1.3653368285956144,96.11554739633549,1.767675142234564,False,fast-decay
CSBD_07_A,ch_04,axial,0.6961899995803833,0.7092827378313683,1.8806271648366724,24.71335260510448,False,invalid: method_disagreement
CSBD_07_A,ch_05,axial,0.6961899995803833,0.7062146892655365,1.4399358926723242,2.7874751393198953,False,fast-decay
CSBD_07_A,ch_06,axial,0.6961899995803833,0.6942515967786724,-0.2784301416106536,2.821449211299418,False,fast-decay
CSBD_07_A,ch_07,axial,0.6961899995803833,0.6287726358148892,-9.683759290729368,8.940332736611364,False,invalid: method_disagreement
CSBD_07_A,ch_08,axial,0.6961899995803833,0.6287726358148892,-9.683759290729368,9.212264550447463,False,invalid: method_disagreement
CSBD_07_A,ch_09,axial,0.6961899995803833,0.6206072642080273,-10.856624688362697,6.050865762352944,False,invalid: low_r_squared
CSBD_07_A,ch_10,axial,0.6961899995803833,0.7185972980741582,3.2185608105948798,3.2973646950125692,False,fast-decay
CSBD_07_A,ch_11,axial,0.6961899995803833,0.7061897531866802,1.436354100507632,3.0933810251355176,False,fast-decay
CSBD_07_A,ch_12,axial,0.6961899995803833,0.765608850438311,9.971250793571967,8.464417252898217,False,invalid: low_r_squared
CSBD_07_A,ch_13,axial,0.6961899995803833,0.6136334000659657,-11.858343205759523,9.552214127242564,False,invalid: poor_band_rejection
CSBD_07_A,ch_14,axial,0.6961899995803833,0.6243912185619022,-10.313101461060434,6.356841267168522,False,invalid: low_r_squared
CSBD_07_A,ch_15,axial,0.6961899995803833,0.7585167205529586,8.952544709079659,8.532365396857262,False,invalid: low_r_squared
CSBD_07_A,ch_16,axial,0.6961899995803833,0.69422749835121,-0.281891614409308,3.161398788094521,False,fast-decay
CSBD_07_A,ch_17,axial,0.6961899995803833,0.6826668608474625,-1.942449437807439,4.657121230793,False,fast-decay
CSBD_07_A,ch_18,axial,0.6961899995803833,0.6903375750742111,-0.8406361064795002,4.657100345093013,False,fast-decay
CSBD_07_A,ch_19,axial,0.6961899995803833,0.6522306287503261,-6.314277834578628,7.240619662135839,False,invalid: low_r_squared
CSBD_07_A,ch_20,axial,0.6961899995803833,0.7801962778786072,12.066573542977821,8.532379320657252,False,invalid: poor_band_rejection
CSBD_07_A,ch_01,planar_rotation,0.8521999716758728,0.8714900737280603,2.2635652069141745,2.496681735019088,False,fast-decay
CSBD_07_A,ch_02,planar_rotation,0.8521999716758728,1.706669093929378,100.26626973164174,2.5382946596360205,False,fast-decay
CSBD_07_A,ch_03,planar_rotation,0.8521999716758728,0.8919890463745106,4.668983339719148,25.341282539744974,False,invalid: method_disagreement
CSBD_07_A,ch_04,planar_rotation,0.8521999716758728,0.8919266232549972,4.661658401724762,25.674151848681568,False,invalid: method_disagreement
CSBD_07_A,ch_05,planar_rotation,0.8521999716758728,0.8533515381661468,0.13512867032950632,3.1208415162742127,False,fast-decay
CSBD_07_A,ch_06,planar_rotation,0.8521999716758728,0.7728273890026665,-9.313844791278056,5.575944414675235,False,invalid: low_r_squared
CSBD_07_A,ch_07,planar_rotation,0.8521999716758728,0.7228218966846567,-15.1816568048918,5.367837181591985,False,invalid: low_r_squared
CSBD_07_A,ch_08,planar_rotation,0.8521999716758728,0.9501087346663006,11.488942295772175,9.237677252972123,False,invalid: poor_band_rejection
CSBD_07_A,ch_09,planar_rotation,0.8521999716758728,0.7816774798718049,-8.275345476177806,6.241683032548425,False,invalid: method_disagreement
CSBD_07_A,ch_10,planar_rotation,0.8521999716758728,0.7757590802600342,-8.969830316412205,6.241683032548429,False,invalid: low_r_squared
CSBD_07_A,ch_11,planar_rotation,0.8521999716758728,0.769929628431961,-9.6538777256851,6.57455234148502,False,invalid: low_r_squared
CSBD_07_A,ch_12,planar_rotation,0.8521999716758728,0.769917772781867,-9.655268907389864,6.491377624249458,False,invalid: low_r_squared
CSBD_07_A,ch_13,planar_rotation,0.8521999716758728,0.9309108963120412,9.236203620305377,6.200095673930645,False,invalid: low_r_squared
CSBD_07_A,ch_14,planar_rotation,0.8521999716758728,0.769917772781867,-9.655268907389864,6.408117687016726,False,invalid: low_r_squared
CSBD_07_A,ch_15,planar_rotation,0.8521999716758728,0.769917772781867,-9.655268907389864,6.449705045634508,False,invalid: low_r_squared
CSBD_07_A,ch_16,planar_rotation,0.8521999716758728,0.7585239124663404,-10.992262652311057,6.49129240425229,False,invalid: low_r_squared
CSBD_07_A,ch_17,planar_rotation,0.8521999716758728,0.7366922077855105,-13.554068027391903,13.27401163281858,False,invalid: low_r_squared
CSBD_07_A,ch_18,planar_rotation,0.8521999716758728,0.7366922077855105,-13.554068027391903,13.398773708671927,False,invalid: low_r_squared
CSBD_07_A,ch_19,planar_rotation,0.8521999716758728,0.8560809404773508,0.45540588247685715,14.397466855478882,False,invalid: poor_band_rejection
CSBD_07_A,ch_20,planar_rotation,0.8521999716758728,0.8416445734966124,-1.23860578855723,13.565293583137395,False,invalid: low_r_squared
CSBD_07_R,ch_01,radial,0.5291000008583069,0.47627892799138893,-9.983192738845496,5.063651029214262,False,invalid: low_r_squared
CSBD_07_R,ch_02,radial,0.5291000008583069,0.4585073750911283,-13.342019590372914,5.037815076172352,False,invalid: low_r_squared
CSBD_07_R,ch_03,radial,0.5291000008583069,0.5461332401265937,3.2192854357693186,2.557664113149047,False,fast-decay
CSBD_07_R,ch_04,radial,0.5291000008583069,0.47627968413131344,-9.983049828257085,4.753630174711347,False,fast-decay
CSBD_07_R,ch_05,radial,0.5291000008583069,0.5293701157335416,0.051051762388316144,17.180247397869827,True,quantitative
CSBD_07_R,ch_06,radial,0.5291000008583069,0.5260260137397995,-0.580984145439566,16.84442762732506,True,quantitative
CSBD_07_R,ch_07,radial,0.5291000008583069,0.5362587525089249,1.3530054127773632,22.140559905916454,False,invalid: method_disagreement
CSBD_07_R,ch_08,radial,0.5291000008583069,0.5369278522374551,1.4794653877244106,22.140559905916454,False,invalid: method_disagreement
CSBD_07_R,ch_09,radial,0.5291000008583069,0.5338406437147545,0.8959823943975275,12.65914080053568,True,quantitative
CSBD_07_R,ch_10,radial,0.5291000008583069,0.5220401328391353,-1.334316387775288,13.873372392505408,False,invalid: method_disagreement
CSBD_07_R,ch_11,radial,0.5291000008583069,0.5482219985824545,3.6140611780623404,14.105858932882546,False,invalid: poor_band_rejection
CSBD_07_R,ch_12,radial,0.5291000008583069,0.5669215451446714,7.148279006805964,8.473853973746301,False,invalid: poor_band_rejection
CSBD_07_R,ch_13,radial,0.5291000008583069,0.5403711268899482,2.1302449467694626,11.289882908314466,False,invalid: poor_band_rejection
CSBD_07_R,ch_14,radial,0.5291000008583069,0.5342609686744986,0.9754238911017871,10.178984546512364,False,invalid: poor_band_rejection
CSBD_07_R,ch_15,radial,0.5291000008583069,0.5296540035221992,0.10470660801239244,13.795859242379665,False,invalid: method_disagreement
CSBD_07_R,ch_16,radial,0.5291000008583069,0.5497979492536492,3.911916152289943,12.788294110745191,False,invalid: low_r_squared
CSBD_07_R,ch_17,radial,0.5291000008583069,0.5948536659981644,12.427455118728364,7.905494752824307,False,invalid: poor_band_rejection
CSBD_07_R,ch_18,radial,0.5291000008583069,0.5957833433871772,12.603164320675958,7.879674672782422,False,invalid: poor_band_rejection
CSBD_07_R,ch_19,radial,0.5291000008583069,0.5879470847623716,11.1221099619359,6.303750320225955,False,invalid: low_r_squared
CSBD_07_R,ch_20,radial,0.5291000008583069,0.5879413234559192,11.121021073929283,6.252057250142098,False,invalid: low_r_squared
CSBD_07_R,ch_01,axial,0.7128000259399414,0.6206066222863976,-12.93397871751926,4.559418237924576,False,fast-decay
CSBD_07_R,ch_02,axial,0.7128000259399414,0.5851426431478334,-17.90928425174666,4.420194136857986,False,fast-decay
CSBD_07_R,ch_03,axial,0.7128000259399414,0.7447264061365455,4.479009404426443,2.5755460777282715,False,fast-decay
CSBD_07_R,ch_04,axial,0.7128000259399414,0.6870291192384839,-3.6154469365337714,23.179914699554445,False,invalid: method_disagreement
CSBD_07_R,ch_05,axial,0.7128000259399414,0.6269330435509488,-12.046433679034058,4.698635210990907,False,fast-decay
CSBD_07_R,ch_06,axial,0.7128000259399414,0.6501633535425777,-8.787411632704023,4.942270259857178,False,fast-decay
CSBD_07_R,ch_07,axial,0.7128000259399414,0.6090736750744212,-14.551956662563292,11.241925609111785,False,invalid: method_disagreement
CSBD_07_R,ch_08,axial,0.7128000259399414,0.6168688968533518,-13.458350953353154,12.773305184841155,False,invalid: method_disagreement
CSBD_07_R,ch_09,axial,0.7128000259399414,0.7171971933683166,0.6168865415761982,18.690115640163423,False,invalid: method_disagreement
CSBD_07_R,ch_10,axial,0.7128000259399414,0.6993146716218106,-1.891884655917092,16.184195868968963,False,invalid: method_disagreement
CSBD_07_R,ch_11,axial,0.7128000259399414,0.7223223087120567,1.3358982078541102,18.202845542430875,False,invalid: method_disagreement
CSBD_07_R,ch_12,axial,0.7128000259399414,0.7979147827012074,11.940902590320269,6.369224631786347,False,invalid: low_r_squared
CSBD_07_R,ch_13,axial,0.7128000259399414,1.4123795063733622,98.14526584941025,2.610344974994659,False,fast-decay
CSBD_07_R,ch_14,axial,0.7128000259399414,0.754521741005023,5.853214582878952,7.100129778385162,False,invalid: method_disagreement
CSBD_07_R,ch_15,axial,0.7128000259399414,0.7979218568528189,11.941895035796426,10.023750364780424,False,invalid: low_r_squared
CSBD_07_R,ch_16,axial,0.7128000259399414,0.7625521531204722,6.9798155681777105,6.9957758545875555,False,invalid: method_disagreement
CSBD_07_R,ch_17,axial,0.7128000259399414,0.7061980650173016,-0.926200993600416,3.7240950155258172,False,fast-decay
CSBD_07_R,ch_18,axial,0.7128000259399414,0.7185972980741591,0.8133097535417485,3.7588796567916862,False,fast-decay
CSBD_07_R,ch_19,axial,0.7128000259399414,0.7314218841427733,2.6124940411268915,3.3760347628593443,False,fast-decay
CSBD_07_R,ch_20,axial,0.7128000259399414,0.714421794627548,0.22752085137314465,3.7240950155258172,False,fast-decay
CSBD_07_R,ch_01,planar_rotation,0.8596000075340271,1.1702887102248123,36.14340390504087,2.560327218440175,False,fast-decay
CSBD_07_R,ch_02,planar_rotation,0.8596000075340271,0.8904362692501191,3.5872802984906147,2.560327218440175,False,fast-decay
CSBD_07_R,ch_03,planar_rotation,0.8596000075340271,0.8191987417107328,-4.700007616239465,3.861486557844281,False,fast-decay
CSBD_07_R,ch_04,planar_rotation,0.8596000075340271,0.930908007670682,8.295486215876078,2.0566617860257628,False,fast-decay
CSBD_07_R,ch_05,planar_rotation,0.8596000075340271,0.983759032696573,14.443813875563647,10.577120212703944,False,invalid: low_r_squared
CSBD_07_R,ch_06,planar_rotation,0.8596000075340271,0.9713846278382644,13.00426004240261,11.038811376750468,False,invalid: low_r_squared
CSBD_07_R,ch_07,planar_rotation,0.8596000075340271,0.9701098379916568,12.855959689280857,8.856200997620821,False,invalid: method_disagreement
CSBD_07_R,ch_08,planar_rotation,0.8596000075340271,0.9599999999999997,11.679850114705626,9.024080879092217,False,invalid: method_disagreement
CSBD_07_R,ch_09,planar_rotation,0.8596000075340271,0.7679901697258275,-10.657263495262741,5.204620165616276,False,invalid: low_r_squared
CSBD_07_R,ch_10,planar_rotation,0.8596000075340271,0.871497668743736,1.3840927298081664,2.7701469842791555,False,fast-decay
CSBD_07_R,ch_11,planar_rotation,0.8596000075340271,0.7757590802600342,-9.75348144941403,6.841556459963321,False,invalid: poor_band_rejection
CSBD_07_R,ch_12,planar_rotation,0.8596000075340271,0.7816774798718054,-9.064975218620761,6.631728098124266,False,invalid: low_r_squared
CSBD_07_R,ch_13,planar_rotation,0.8596000075340271,0.8904323048840218,3.586819111186922,3.4417524701654894,False,fast-decay
CSBD_07_R,ch_14,planar_rotation,0.8596000075340271,0.8653513326410525,0.6690699228265999,3.4417524701654894,False,fast-decay
CSBD_07_R,ch_15,planar_rotation,0.8596000075340271,0.7757590802600345,-9.753481449413993,6.589693657755852,False,invalid: low_r_squared
CSBD_07_R,ch_16,planar_rotation,0.8596000075340271,0.7757590802600345,-9.753481449413993,6.7996079795956605,False,invalid: poor_band_rejection
CSBD_07_R,ch_17,planar_rotation,0.8596000075340271,0.750581700818134,-12.682445993531196,9.737634845346212,False,invalid: poor_band_rejection
CSBD_07_R,ch_18,planar_rotation,0.8596000075340271,0.7585198027848512,-11.758981370783046,9.737634845346212,False,invalid: poor_band_rejection
CSBD_07_R,ch_19,planar_rotation,0.8596000075340271,0.7625521531204723,-11.28988524464539,8.310612872838973,False,invalid: poor_band_rejection
CSBD_07_R,ch_20,planar_rotation,0.8596000075340271,0.7585198027848512,-11.758981370783046,9.653651924610138,False,invalid: poor_band_rejection
CSBD_13_A,ch_01,radial,0.4221000075340271,0.853334546964689,102.1640681671626,2.5144624078804254,False,fast-decay
CSBD_13_A,ch_02,radial,0.4221000075340271,0.43574503686403016,3.232653183239538,2.5144624078804254,False,fast-decay
CSBD_13_A,ch_03,radial,0.4221000075340271,0.44521714353132885,5.476696419020602,2.432022055408954,False,fast-decay
CSBD_13_A,ch_04,radial,0.4221000075340271,0.47407564730288876,12.313584184115824,5.6472084647965435,False,invalid: low_r_squared
CSBD_13_A,ch_05,radial,0.4221000075340271,0.44079451515994067,4.428928522207272,13.190625235438345,False,invalid: low_r_squared
CSBD_13_A,ch_06,radial,0.4221000075340271,0.4266679669880899,1.0821983824993315,8.20292270641327,False,invalid: poor_band_rejection
CSBD_13_A,ch_07,radial,0.4221000075340271,0.43420524158094126,2.867859234979594,12.737205407345296,False,invalid: method_disagreement
CSBD_13_A,ch_08,radial,0.4221000075340271,0.43115837884449554,2.146024910870964,12.407460881459714,False,invalid: method_disagreement
CSBD_13_A,ch_09,radial,0.4221000075340271,0.46972173684309415,11.282096294496768,5.894584395211935,False,invalid: low_r_squared
CSBD_13_A,ch_10,radial,0.4221000075340271,0.44521615244201057,5.4764616193758275,3.380092440330982,False,fast-decay
CSBD_13_A,ch_11,radial,0.4221000075340271,0.46195422033676464,9.441888673627835,6.554115656983853,False,invalid: low_r_squared
CSBD_13_A,ch_12,radial,0.4221000075340271,0.4517664066500016,7.028286800867445,3.3388532695949076,False,fast-decay
CSBD_13_A,ch_13,radial,0.4221000075340271,0.46195422033676464,9.441888673627835,6.306765052568911,False,invalid: low_r_squared
CSBD_13_A,ch_14,radial,0.4221000075340271,0.4654554481560207,10.271366938674726,6.306765052568911,False,invalid: low_r_squared
CSBD_13_A,ch_15,radial,0.4221000075340271,0.4517596036562411,7.026675098986596,3.709879176217318,False,fast-decay
CSBD_13_A,ch_16,radial,0.4221000075340271,0.4654583368242708,10.272051295035434,5.976978316682579,False,invalid: low_r_squared
CSBD_13_A,ch_17,radial,0.4221000075340271,0.46900648792308297,11.112646186170599,6.760184880661965,False,invalid: poor_band_rejection
CSBD_13_A,ch_18,radial,0.4221000075340271,0.46900648792308286,11.112646186170572,6.760184880661964,False,invalid: poor_band_rejection
CSBD_13_A,ch_19,radial,0.4221000075340271,0.4491233112963495,6.402109282157256,6.183089750361442,False,invalid: poor_band_rejection
CSBD_13_A,ch_20,radial,0.4221000075340271,0.47470178555685916,12.461923023915517,7.37851918169856,False,invalid: poor_band_rejection
CSBD_13_A,ch_01,axial,0.4763000011444092,0.7144200933032642,49.99372067745586,2.651276326370239,False,fast-decay
CSBD_13_A,ch_02,axial,0.4763000011444092,0.48761934483464825,2.3765155706575705,2.5582501731467246,False,fast-decay
CSBD_13_A,ch_03,axial,0.4763000011444092,0.64,34.369094785275614,2.46522401992321,False,fast-decay
CSBD_13_A,ch_04,axial,0.4763000011444092,0.49951297484952173,4.873603537547466,2.511734715034962,False,fast-decay
CSBD_13_A,ch_05,axial,0.4763000011444092,0.4388579453402429,-7.861023664539993,14.27971218430996,False,invalid: method_disagreement
CSBD_13_A,ch_06,axial,0.4763000011444092,0.4349029375716601,-8.691384310998128,13.907626623415947,False,invalid: method_disagreement
CSBD_13_A,ch_07,axial,0.4763000011444092,0.4332311957968697,-9.042369356300185,13.768070723080635,False,invalid: method_disagreement
CSBD_13_A,ch_08,axial,0.4763000011444092,0.42992261392949266,-9.73701177902273,13.907578993415832,False,invalid: method_disagreement
CSBD_13_A,ch_09,axial,0.4763000011444092,0.4726195727519062,-0.7727122367541462,3.5815854886054996,False,fast-decay
CSBD_13_A,ch_10,axial,0.4763000011444092,0.47628119641836525,-0.003948084400325075,3.442029588270188,False,fast-decay
CSBD_13_A,ch_11,axial,0.4763000011444092,0.5389455530255055,13.152540779042083,8.000363489222527,False,invalid: poor_band_rejection
CSBD_13_A,ch_12,axial,0.4763000011444092,0.5251273433807697,10.251384026672843,6.232814184975624,False,invalid: poor_band_rejection
CSBD_13_A,ch_13,axial,0.4763000011444092,0.47261212722718465,-0.7742754374057627,3.9071365393877024,False,fast-decay
CSBD_13_A,ch_14,axial,0.4763000011444092,0.48,0.776821088956706,3.6746068788290023,False,fast-decay
CSBD_13_A,ch_15,axial,0.4763000011444092,0.5278381859257224,10.820530056158322,6.232814184975625,False,invalid: poor_band_rejection
CSBD_13_A,ch_16,axial,0.4763000011444092,0.5309627112473072,11.476529492244293,6.88401154654026,False,invalid: poor_band_rejection
CSBD_13_A,ch_17,axial,0.4763000011444092,0.48,0.776821088956706,4.139713829946517,False,fast-decay
CSBD_13_A,ch_18,axial,0.4763000011444092,0.48,0.776821088956706,4.139713829946517,False,fast-decay
CSBD_13_A,ch_19,axial,0.4763000011444092,0.4551108953548349,-4.448689006647717,7.116588837099076,False,invalid: low_r_squared
CSBD_13_A,ch_20,axial,0.4763000011444092,0.5120021845426541,7.495734476687605,6.1862796748638145,False,invalid: poor_band_rejection
CSBD_13_A,ch_01,planar_rotation,0.559499979019165,0.6168673747481639,10.253332954465364,6.0648734675717355,False,invalid: low_r_squared
CSBD_13_A,ch_02,planar_rotation,0.559499979019165,0.6168673747481639,10.253332954465364,6.010210319621563,False,invalid: low_r_squared
CSBD_13_A,ch_03,planar_rotation,0.559499979019165,0.64,14.387850580791092,5.518465788061618,False,invalid: low_r_squared
CSBD_13_A,ch_04,planar_rotation,0.559499979019165,0.64,14.387850580791092,5.026754826500416,False,invalid: low_r_squared
CSBD_13_A,ch_05,planar_rotation,0.559499979019165,0.6243912185619022,11.598077207526462,6.2834645143747325,False,invalid: poor_band_rejection
CSBD_13_A,ch_06,planar_rotation,0.559499979019165,0.6168650916044662,10.252924885871392,6.228801366424561,False,invalid: poor_band_rejection
CSBD_13_A,ch_07,planar_rotation,0.559499979019165,0.4934920732835727,-11.797660091302937,6.283464514374733,False,invalid: low_r_squared
CSBD_13_A,ch_08,planar_rotation,0.559499979019165,0.5688929343497555,1.6788124544806704,2.8411968434572215,False,fast-decay
CSBD_13_A,ch_09,planar_rotation,0.559499979019165,0.5119960678701986,-8.490422328923675,6.665882750034331,False,invalid: method_disagreement
CSBD_13_A,ch_10,planar_rotation,0.559499979019165,1.1377535057029886,103.35184063769485,2.950523139357566,False,fast-decay
CSBD_13_A,ch_11,planar_rotation,0.559499979019165,0.5796205417519998,3.59616863044522,4.043226598381995,False,fast-decay
CSBD_13_A,ch_12,planar_rotation,0.559499979019165,0.6023552088666687,7.65955879437767,6.55661240413189,False,invalid: poor_band_rejection
CSBD_13_A,ch_13,planar_rotation,0.559499979019165,0.5019626740555571,-10.28370100468531,7.376223923397063,False,invalid: method_disagreement
CSBD_13_A,ch_14,planar_rotation,0.559499979019165,0.5019626740555573,-10.283701004685271,7.103020083642003,False,invalid: low_r_squared
CSBD_13_A,ch_15,planar_rotation,0.559499979019165,0.5688929343497555,1.6788124544806704,4.371093586087227,False,fast-decay
CSBD_13_A,ch_16,planar_rotation,0.559499979019165,0.5585448046024093,-0.17071929447257864,4.480363931989667,False,fast-decay
CSBD_13_A,ch_17,planar_rotation,0.559499979019165,0.49648427075769697,-11.262861595086768,10.490624606609344,False,invalid: poor_band_rejection
CSBD_13_A,ch_18,planar_rotation,0.559499979019165,0.4934920732835729,-11.797660091302898,10.490624606609344,False,invalid: poor_band_rejection
CSBD_13_A,ch_19,planar_rotation,0.559499979019165,0.5421196879800018,-3.106397085060111,10.545231804561615,False,invalid: method_disagreement
CSBD_13_A,ch_20,planar_rotation,0.559499979019165,0.517170045510964,-7.565672045673313,6.939086589789393,False,invalid: low_r_squared
CSBD_13_R,ch_01,radial,0.41499999165534973,0.8302705574990038,100.06519860090239,2.3911137519204613,False,fast-decay
CSBD_13_R,ch_02,radial,0.41499999165534973,0.8533321197054298,105.6222016539478,2.4316385011056068,False,fast-decay
CSBD_13_R,ch_03,radial,0.41499999165534973,0.43885762434665065,5.74882727012541,7.051733808206619,False,invalid: low_r_squared
CSBD_13_R,ch_04,radial,0.41499999165534973,0.4452171435313289,7.281241562306824,2.8774397921416166,False,fast-decay
CSBD_13_R,ch_05,radial,0.41499999165534973,0.42345803530870085,2.0380828490173513,12.117709256342053,False,invalid: low_r_squared
CSBD_13_R,ch_06,radial,0.41499999165534973,0.4202997119036521,1.277041049365541,12.158213255527615,False,invalid: low_r_squared
CSBD_13_R,ch_07,radial,0.41499999165534973,0.4266659664968755,2.811078331590462,14.630368205818534,False,invalid: method_disagreement
CSBD_13_R,ch_08,radial,0.41499999165534973,0.4241421724562073,2.2029351770324777,14.995111698484418,False,invalid: method_disagreement
CSBD_13_R,ch_09,radial,0.41499999165534973,0.4266666666666667,2.811247047206192,9.078124817460777,False,invalid: poor_band_rejection
CSBD_13_R,ch_10,radial,0.41499999165534973,0.4266666666666667,2.811247047206192,9.159174315831066,False,invalid: low_r_squared
CSBD_13_R,ch_11,radial,0.41499999165534973,0.4424694854079886,6.619155254213062,7.65965484598279,False,invalid: low_r_squared
CSBD_13_R,ch_12,radial,0.41499999165534973,0.4208222867483062,1.4029627012117551,9.483372309312225,False,invalid: low_r_squared
CSBD_13_R,ch_13,radial,0.41499999165534973,0.43975373790677214,5.964758252809787,8.551240828055144,False,invalid: low_r_squared
CSBD_13_R,ch_14,radial,0.41499999165534973,0.4452186301735795,7.28159978936236,8.6323318264246,False,invalid: method_disagreement
CSBD_13_R,ch_15,radial,0.41499999165534973,0.45850527281063724,10.483200489174441,4.012219919323921,False,fast-decay
CSBD_13_R,ch_16,radial,0.41499999165534973,0.44846736278767313,8.064426941029307,7.457051850056647,False,invalid: low_r_squared
CSBD_13_R,ch_17,radial,0.41499999165534973,0.4585052728106374,10.48320048917448,6.4033253712445495,False,invalid: poor_band_rejection
CSBD_13_R,ch_18,radial,0.41499999165534973,0.4654554481560207,12.157941569929797,6.3628213720589875,False,invalid: poor_band_rejection
CSBD_13_R,ch_19,radial,0.41499999165534973,0.4708042513623899,13.44680983834444,5.592788887542486,False,invalid: low_r_squared
CSBD_13_R,ch_20,radial,0.41499999165534973,0.4654533848435079,12.157444386181778,7.943390340277552,False,invalid: poor_band_rejection
CSBD_13_R,ch_01,axial,0.477400004863739,0.4654550870750104,-2.5020774333963387,2.7040222715485096,False,fast-decay
CSBD_13_R,ch_02,axial,0.477400004863739,0.930908007670682,94.99539132522311,2.6573993870735166,False,fast-decay
CSBD_13_R,ch_03,axial,0.477400004863739,0.6606459796388909,38.38415854801982,2.5641583921235798,False,fast-decay
CSBD_13_R,ch_04,axial,0.477400004863739,0.6606459796388909,38.38415854801982,2.5641583921235798,False,fast-decay
CSBD_13_R,ch_05,axial,0.477400004863739,0.4266659664968755,-10.627154974861005,16.177510744816068,False,invalid: method_disagreement
CSBD_13_R,ch_06,axial,0.477400004863739,0.429221392394197,-10.091875152639203,16.503861388140916,False,invalid: method_disagreement
CSBD_13_R,ch_07,axial,0.477400004863739,0.429221392394197,-10.091875152639203,16.597145349091292,False,invalid: method_disagreement
CSBD_13_R,ch_08,axial,0.477400004863739,0.42793956270690114,-10.360377388549676,17.06332645384073,False,invalid: method_disagreement
CSBD_13_R,ch_09,axial,0.477400004863739,0.43267566632052606,-9.368315477076358,11.00254243209362,False,invalid: method_disagreement
CSBD_13_R,ch_10,axial,0.477400004863739,0.4750518598280313,-0.4918611252167777,11.142468373519183,False,invalid: method_disagreement
CSBD_13_R,ch_11,axial,0.477400004863739,0.5296563413105464,10.946027631843561,6.946551990771293,False,invalid: low_r_squared
CSBD_13_R,ch_12,axial,0.477400004863739,0.5206796605168614,9.065700714744532,5.87426383984685,False,invalid: too_short
CSBD_13_R,ch_13,axial,0.477400004863739,0.5206796605168612,9.065700714744485,3.2634586932480327,False,fast-decay
CSBD_13_R,ch_14,axial,0.477400004863739,0.5008681714972619,4.9158287378361605,9.883660040694474,False,invalid: low_r_squared
CSBD_13_R,ch_15,axial,0.477400004863739,0.5358131559990237,12.235682978670503,9.277600734519961,False,invalid: low_r_squared
CSBD_13_R,ch_16,axial,0.477400004863739,0.5296563413105464,10.946027631843561,6.899957750296593,False,invalid: low_r_squared
CSBD_13_R,ch_17,axial,0.477400004863739,0.48761458942851554,2.139628081422414,3.729687537997961,False,fast-decay
CSBD_13_R,ch_18,axial,0.477400004863739,0.4954828480354105,3.787776076129855,3.729687537997961,False,fast-decay
CSBD_13_R,ch_19,axial,0.477400004863739,0.5163022433332474,8.148772114196344,6.806673789346218,False,invalid: poor_band_rejection
CSBD_13_R,ch_20,axial,0.477400004863739,0.4954828480354105,3.787776076129855,4.149274402272702,False,fast-decay
CSBD_13_R,ch_01,planar_rotation,0.5605000257492065,0.4934938997985311,-11.954705240398521,5.911487276571989,False,invalid: low_r_squared
CSBD_13_R,ch_02,planar_rotation,0.5605000257492065,0.4934938997985311,-11.954705240398521,5.856782474058866,False,invalid: low_r_squared
CSBD_13_R,ch_03,planar_rotation,0.5605000257492065,1.1377793959529188,102.99363848058296,2.682082303214073,False,fast-decay
CSBD_13_R,ch_04,planar_rotation,0.5605000257492065,1.1377793959529188,102.99363848058296,2.5726110431849953,False,fast-decay
CSBD_13_R,ch_05,planar_rotation,0.5605000257492065,0.505676215519203,-9.781232419520741,6.075764229118824,False,invalid: low_r_squared
CSBD_13_R,ch_06,planar_rotation,0.5605000257492065,0.4915172317749506,-12.307366780589945,8.538881592273714,False,invalid: poor_band_rejection
CSBD_13_R,ch_07,planar_rotation,0.5605000257492065,0.4977777777777777,-11.190409471897803,9.086209867417812,False,invalid: poor_band_rejection
CSBD_13_R,ch_08,planar_rotation,0.5605000257492065,0.4928347306110604,-12.072309015097652,10.837772447884083,False,invalid: poor_band_rejection
CSBD_13_R,ch_09,planar_rotation,0.5605000257492065,0.5936215365893472,5.909279093407354,5.74731121402979,False,invalid: too_short
CSBD_13_R,ch_10,planar_rotation,0.5605000257492065,0.590760505690993,5.398836494492226,4.926234726309775,False,fast-decay
CSBD_13_R,ch_11,planar_rotation,0.5605000257492065,0.6083156752810926,8.530891585236255,6.404105144202709,False,invalid: low_r_squared
CSBD_13_R,ch_12,planar_rotation,0.5605000257492065,0.5796205417519994,3.411331868760386,4.433667303681373,False,fast-decay
CSBD_13_R,ch_13,planar_rotation,0.5605000257492065,0.5965044837253692,6.423631814831128,6.951489469349385,False,invalid: poor_band_rejection
CSBD_13_R,ch_14,planar_rotation,0.5605000257492065,0.5965044837253695,6.423631814831168,6.787262961804867,False,invalid: poor_band_rejection
CSBD_13_R,ch_15,planar_rotation,0.5605000257492065,0.60234916173075,7.466393230866456,6.294695539176463,False,invalid: poor_band_rejection
CSBD_13_R,ch_16,planar_rotation,0.5605000257492065,0.6095182367856444,8.745443137298068,6.513626849234106,False,invalid: low_r_squared
CSBD_13_R,ch_17,planar_rotation,0.5605000257492065,0.4977777777777777,-11.190409471897803,9.195731572449208,False,invalid: poor_band_rejection
CSBD_13_R,ch_18,planar_rotation,0.5605000257492065,0.5012603116406966,-10.569083209108806,9.195731572449208,False,invalid: poor_band_rejection
CSBD_13_R,ch_19,planar_rotation,0.5605000257492065,0.586430891374955,4.626380809008398,13.082014550983907,False,invalid: low_r_squared
CSBD_13_R,ch_20,planar_rotation,0.5605000257492065,0.5047882773739472,-9.939651349844429,8.64834724730253,False,invalid: poor_band_rejection
CSB_07_A,ch_01,radial,0.41100001335144043,0.41361480442548376,0.6362021871292399,406.38419139149426,False,invalid: method_disagreement
CSB_07_A,ch_02,radial,0.41100001335144043,0.41358375711272605,0.6286480966793287,406.42432554279804,False,invalid: method_disagreement
CSB_07_A,ch_03,radial,0.41100001335144043,0.41357386316172823,0.6262408094101289,406.54474854671,False,invalid: method_disagreement
CSB_07_A,ch_04,radial,0.41100001335144043,0.41357386316172823,0.6262408094101289,406.5044705454016,False,invalid: method_disagreement
CSB_07_A,ch_05,radial,0.41100001335144043,0.40898215467663884,-0.49096316526786676,399.8416917889595,False,invalid: method_disagreement
CSB_07_A,ch_06,radial,0.41100001335144043,0.4096001655646985,-0.3405955574860074,77.58430812034607,False,invalid: method_disagreement
CSB_07_A,ch_07,radial,0.41100001335144043,0.40911057626336356,-0.4597170381260405,403.8553535193443,False,invalid: method_disagreement
CSB_07_A,ch_08,radial,0.41100001335144043,0.40915106663438355,-0.4498653666650535,403.8554768193483,False,invalid: method_disagreement
CSB_07_A,ch_09,radial,0.41100001335144043,0.4110511007847732,0.012430032037268968,409.8358311536217,False,invalid: method_disagreement
CSB_07_A,ch_10,radial,0.41100001335144043,0.4100911465923471,-0.22113545731595693,403.0125979919672,False,invalid: method_disagreement
CSB_07_A,ch_11,radial,0.41100001335144043,0.41050100470376827,-0.12141329232645687,402.49083347501755,False,invalid: method_disagreement
CSB_07_A,ch_12,radial,0.41100001335144043,0.41031949294662906,-0.16557673545121404,389.80778406300544,False,invalid: method_disagreement
CSB_07_A,ch_13,radial,0.41100001335144043,0.40984467294700955,-0.28110471214096205,404.0560037258625,False,invalid: method_disagreement
CSB_07_A,ch_14,radial,0.41100001335144043,0.4099671791698328,-0.2512978462422807,404.17663222978115,False,invalid: method_disagreement
CSB_07_A,ch_15,radial,0.41100001335144043,0.40989966555183943,-0.26772451675326486,384.87064640262133,False,invalid: method_disagreement
CSB_07_A,ch_16,radial,0.41100001335144043,0.4101307602967307,-0.21149708673280865,404.49758214020727,False,invalid: method_disagreement
CSB_07_A,ch_17,radial,0.41100001335144043,0.4585087766221659,11.559309422722905,6.060647296881677,False,invalid: low_r_squared
CSB_07_A,ch_18,radial,0.41100001335144043,0.46195422033676453,12.39761686862863,6.461988809919357,False,invalid: low_r_squared
CSB_07_A,ch_19,radial,0.41100001335144043,0.4198657476705407,2.1571129029427287,401.8889650554657,False,invalid: method_disagreement
CSB_07_A,ch_20,radial,0.41100001335144043,0.4169832017291816,1.4557635482666036,181.6184398999214,False,invalid: method_disagreement
CSB_07_A,ch_01,axial,0.5873000025749207,0.6098993172680458,3.8480018038552966,298.81178101009135,False,invalid: method_disagreement
CSB_07_A,ch_02,axial,0.5873000025749207,0.6100173134363718,3.868093097539723,298.6972575095892,False,invalid: method_disagreement
CSB_07_A,ch_03,axial,0.5873000025749207,0.5120004369070394,-12.821311993485885,5.161814960631132,False,invalid: low_r_squared
CSB_07_A,ch_04,axial,0.5873000025749207,0.5389479735556194,-8.232935264312905,4.817692397122383,False,fast-decay
CSB_07_A,ch_05,axial,0.5873000025749207,0.5879436279649507,0.109590564823459,120.72902978931666,True,quantitative
CSB_07_A,ch_06,axial,0.5873000025749207,0.58794391602985,0.10963961384406254,120.55689215856195,True,quantitative
CSB_07_A,ch_07,axial,0.5873000025749207,0.5224496619750687,-11.042114816197216,6.825072059923411,False,invalid: low_r_squared
CSB_07_A,ch_08,axial,0.5873000025749207,0.5224496619750687,-11.042114816197216,6.538293468666078,False,invalid: low_r_squared
CSB_07_A,ch_09,axial,0.5873000025749207,0.5883838983618097,0.18455572656851554,109.88917491179107,True,quantitative
CSB_07_A,ch_10,axial,0.5873000025749207,0.5867869388130796,-0.08735974111894619,103.58028082413077,True,quantitative
CSB_07_A,ch_11,axial,0.5873000025749207,0.6536161312461191,11.291695620712787,6.538352198666334,False,invalid: poor_band_rejection
CSB_07_A,ch_12,axial,0.5873000025749207,0.6637021304838387,13.009046070823342,7.283870821934938,False,invalid: poor_band_rejection
CSB_07_A,ch_13,axial,0.5873000025749207,0.5866325985216858,-0.11363937515898515,91.4209977608204,True,quantitative
CSB_07_A,ch_14,axial,0.5873000025749207,0.5868041292955192,-0.08443270512981556,91.76556667233109,True,quantitative
CSB_07_A,ch_15,axial,0.5873000025749207,0.6660172997993622,13.403251639591085,7.857428004449605,False,invalid: poor_band_rejection
CSB_07_A,ch_16,axial,0.5873000025749207,0.6606474344857961,12.488920754179405,6.366273297911883,False,invalid: poor_band_rejection
CSB_07_A,ch_17,axial,0.5873000025749207,0.5520515317373343,-6.00178285085053,273.0600266871869,True,quantitative
CSB_07_A,ch_18,axial,0.5873000025749207,0.5519227308176856,-6.023713877427071,271.3964406998932,True,quantitative
CSB_07_A,ch_19,axial,0.5873000025749207,0.5526924259494996,-5.892657325675085,329.66746600537306,True,quantitative
CSB_07_A,ch_20,axial,0.5873000025749207,0.5512984633756881,-6.130008350313246,208.9959916163087,False,invalid: method_disagreement
CSB_07_A,ch_01,planar_rotation,0.5929999947547913,0.6104432757325319,2.9415313882006875,178.42124542182685,False,invalid: method_disagreement
CSB_07_A,ch_02,planar_rotation,0.5929999947547913,0.6104412282614164,2.9411861148223504,178.42124542182685,False,invalid: method_disagreement
CSB_07_A,ch_03,planar_rotation,0.5929999947547913,0.5206778531410761,-12.19597677123434,5.269818983387352,False,invalid: low_r_squared
CSB_07_A,ch_04,planar_rotation,0.5929999947547913,0.5535137049993358,-6.658733575838095,5.443550191850662,False,invalid: too_short
CSB_07_A,ch_05,planar_rotation,0.5929999947547913,0.5879436279649507,-0.8526756887968263,122.1899023192048,True,quantitative
CSB_07_A,ch_06,planar_rotation,0.5929999947547913,0.58794391602985,-0.8526271112417142,122.07426732022762,True,quantitative
CSB_07_A,ch_07,planar_rotation,0.5929999947547913,0.5278381859257226,-10.988500742906988,6.891312239044905,False,invalid: low_r_squared
CSB_07_A,ch_08,planar_rotation,0.5929999947547913,0.5278326137215367,-10.989440406353065,6.543873542118074,False,invalid: low_r_squared
CSB_07_A,ch_09,planar_rotation,0.5929999947547913,0.5882570814169588,-0.7998167588169575,110.37669012369514,True,quantitative
CSB_07_A,ch_10,planar_rotation,0.5929999947547913,0.5866363087217137,-1.0731342477851107,103.83246078158021,True,quantitative
CSB_07_A,ch_11,planar_rotation,0.5929999947547913,0.6606474344857961,11.40766278741325,6.485937442630529,False,invalid: poor_band_rejection
CSB_07_A,ch_12,planar_rotation,0.5929999947547913,0.6699013331036529,12.968185333738614,7.412499934434891,False,invalid: poor_band_rejection
CSB_07_A,ch_13,planar_rotation,0.5929999947547913,0.5864638863446167,-1.1022105342306652,91.72968668863177,True,quantitative
CSB_07_A,ch_14,planar_rotation,0.5929999947547913,0.5870064172845995,-1.0107213361224698,91.78744488812089,True,quantitative
CSB_07_A,ch_15,planar_rotation,0.5929999947547913,0.6714732963463459,13.233271886284548,7.875751530337332,False,invalid: poor_band_rejection
CSB_07_A,ch_16,planar_rotation,0.5929999947547913,0.671473296346346,13.233271886284568,8.165313427776098,False,invalid: poor_band_rejection
CSB_07_A,ch_17,planar_rotation,0.5929999947547913,0.5520105164422109,-6.912222373548207,278.3741223377228,True,quantitative
CSB_07_A,ch_18,planar_rotation,0.5929999947547913,0.5519983526299164,-6.914273606668293,276.75250455206634,True,quantitative
CSB_07_A,ch_19,planar_rotation,0.5929999947547913,0.5526355568968104,-6.806819260541771,330.0874577803075,False,invalid: method_disagreement
CSB_07_A,ch_20,planar_rotation,0.5929999947547913,0.5512331873877846,-7.043306532283776,211.89277432576418,False,invalid: method_disagreement
CSB_07_R,ch_01,radial,0.4138999879360199,0.369010498348678,-10.845491881067863,6.0629725832819945,False,invalid: poor_band_rejection
CSB_07_R,ch_02,radial,0.4138999879360199,0.36901151961711365,-10.845245138263945,5.577923187419772,False,invalid: low_r_squared
CSB_07_R,ch_03,radial,0.4138999879360199,0.42299857415073927,2.198257182874289,409.5748365370855,False,invalid: method_disagreement
CSB_07_R,ch_04,radial,0.4138999879360199,0.423040527889807,2.208393384925645,409.73667143236844,False,invalid: method_disagreement
CSB_07_R,ch_05,radial,0.4138999879360199,0.4108451925976901,-0.7380515649597008,399.5913411830753,False,invalid: method_disagreement
CSB_07_R,ch_06,radial,0.4138999879360199,0.4108068193932019,-0.7473226946061496,399.5913411830753,False,invalid: method_disagreement
CSB_07_R,ch_07,radial,0.4138999879360199,0.4112991437725684,-0.6283750276053538,400.48052252715826,False,invalid: method_disagreement
CSB_07_R,ch_08,radial,0.4138999879360199,0.4112991437725684,-0.6283750276053538,400.48027418716543,False,invalid: method_disagreement
CSB_07_R,ch_09,radial,0.4138999879360199,0.41280420049838407,-0.2647469121949374,404.40106599288583,False,invalid: method_disagreement
CSB_07_R,ch_10,radial,0.4138999879360199,0.3706775522307839,-10.442724562706982,10.387937727221844,False,invalid: method_disagreement
CSB_07_R,ch_11,radial,0.4138999879360199,0.413085227990245,-0.19684947318743232,405.7753381228298,False,invalid: method_disagreement
CSB_07_R,ch_12,radial,0.4138999879360199,0.4127784229160546,-0.2709748858795976,402.9055625564754,False,invalid: method_disagreement
CSB_07_R,ch_13,radial,0.4138999879360199,0.41200192667835667,-0.45857968421990636,401.1673895571381,False,invalid: method_disagreement
CSB_07_R,ch_14,radial,0.4138999879360199,0.4357393407263775,5.276480654001248,2.7485442598879333,False,fast-decay
CSB_07_R,ch_15,radial,0.4138999879360199,0.4115621673716713,-0.5648274057717516,389.24363453468084,False,invalid: method_disagreement
CSB_07_R,ch_16,radial,0.4138999879360199,0.4117412124131741,-0.5215693611422682,403.269215085876,False,invalid: method_disagreement
CSB_07_R,ch_17,radial,0.4138999879360199,0.47261460904269287,14.18570254120157,8.81155823316872,False,invalid: low_r_squared
CSB_07_R,ch_18,radial,0.4138999879360199,0.473526887448578,14.406112889709762,8.48817817259431,False,invalid: low_r_squared
CSB_07_R,ch_19,radial,0.4138999879360199,0.4228805776766795,2.1697487321617985,343.3264390630335,False,invalid: method_disagreement
CSB_07_R,ch_20,radial,0.4138999879360199,0.4227381308239818,2.1353329658294427,400.399563689518,True,quantitative
CSB_07_R,ch_01,axial,0.5785999894142151,0.5560128842817206,-3.9037513905525816,496.2732766044248,True,quantitative
CSB_07_R,ch_02,axial,0.5785999894142151,0.5560397865157665,-3.899101851226954,495.9343269446259,True,quantitative
CSB_07_R,ch_03,axial,0.5785999894142151,0.5559597331882243,-3.9129375458357942,492.99632349037824,True,quantitative
CSB_07_R,ch_04,axial,0.5785999894142151,0.5550560819327792,-4.069116472897301,336.4806289939135,False,invalid: low_r_squared
CSB_07_R,ch_05,axial,0.5785999894142151,0.5919086093107224,2.300141745592014,11.470281910145282,True,quantitative
CSB_07_R,ch_06,axial,0.5785999894142151,0.5928417058750615,2.4614097340832903,11.413810551178454,True,quantitative
CSB_07_R,ch_07,axial,0.5785999894142151,0.5073870948398733,-12.307793964261728,14.12599800155759,False,invalid: method_disagreement
CSB_07_R,ch_08,axial,0.5785999894142151,0.5184772323685336,-10.391074688153871,5.876377212488652,False,invalid: low_r_squared
CSB_07_R,ch_09,axial,0.5785999894142151,0.5780072522070422,-0.10244334912155761,163.5223089282751,True,quantitative
CSB_07_R,ch_10,axial,0.5785999894142151,0.5780367070825261,-0.0973526342887225,166.57326667245627,True,quantitative
CSB_07_R,ch_11,axial,0.5785999894142151,0.6467398919944379,11.776685763373223,6.384908743184805,False,invalid: poor_band_rejection
CSB_07_R,ch_12,axial,0.5785999894142151,0.6536232515578021,12.966343504351235,6.949969492846728,False,invalid: poor_band_rejection
CSB_07_R,ch_13,axial,0.5785999894142151,0.5753766319536664,-0.5570960109785134,140.46851309005618,True,quantitative
CSB_07_R,ch_14,axial,0.5785999894142151,0.575514016232784,-0.5333517521414762,142.33293583594562,True,quantitative
CSB_07_R,ch_15,axial,0.5785999894142151,0.6553563090332675,13.265869516652057,8.193091570103165,False,invalid: poor_band_rejection
CSB_07_R,ch_16,axial,0.5785999894142151,0.6481049411520713,12.012608539489303,6.0459648693859585,False,invalid: low_r_squared
CSB_07_R,ch_17,axial,0.5785999894142151,0.5469311819567403,-5.473350853244375,272.0658154224157,True,quantitative
CSB_07_R,ch_18,axial,0.5785999894142151,0.5469504135599778,-5.470027036516182,274.4955882179618,True,quantitative
CSB_07_R,ch_19,axial,0.5785999894142151,0.5457206682290006,-5.682565120421474,244.09658123412729,False,invalid: method_disagreement
CSB_07_R,ch_20,axial,0.5785999894142151,0.548226165867439,-5.249537522032638,270.31462469445466,True,quantitative
CSB_07_R,ch_01,planar_rotation,0.5785999894142151,0.5560128842817206,-3.9037513905525816,496.2732766044248,True,quantitative
CSB_07_R,ch_02,planar_rotation,0.5785999894142151,0.5560397865157665,-3.899101851226954,495.9343269446259,True,quantitative
CSB_07_R,ch_03,planar_rotation,0.5785999894142151,0.5559597331882243,-3.9129375458357942,492.99632349037824,True,quantitative
CSB_07_R,ch_04,planar_rotation,0.5785999894142151,0.5550560819327792,-4.069116472897301,336.4806289939135,False,invalid: low_r_squared
CSB_07_R,ch_05,planar_rotation,0.5785999894142151,0.5919086093107224,2.300141745592014,11.470281910145282,True,quantitative
CSB_07_R,ch_06,planar_rotation,0.5785999894142151,0.5928417058750615,2.4614097340832903,11.413810551178454,True,quantitative
CSB_07_R,ch_07,planar_rotation,0.5785999894142151,0.5073870948398733,-12.307793964261728,14.12599800155759,False,invalid: method_disagreement
CSB_07_R,ch_08,planar_rotation,0.5785999894142151,0.5184772323685336,-10.391074688153871,5.876377212488652,False,invalid: low_r_squared
CSB_07_R,ch_09,planar_rotation,0.5785999894142151,0.5780072522070422,-0.10244334912155761,163.5223089282751,True,quantitative
CSB_07_R,ch_10,planar_rotation,0.5785999894142151,0.5780367070825261,-0.0973526342887225,166.57326667245627,True,quantitative
CSB_07_R,ch_11,planar_rotation,0.5785999894142151,0.6467398919944379,11.776685763373223,6.384908743184805,False,invalid: poor_band_rejection
CSB_07_R,ch_12,planar_rotation,0.5785999894142151,0.6536232515578021,12.966343504351235,6.949969492846728,False,invalid: poor_band_rejection
CSB_07_R,ch_13,planar_rotation,0.5785999894142151,0.5753766319536664,-0.5570960109785134,140.46851309005618,True,quantitative
CSB_07_R,ch_14,planar_rotation,0.5785999894142151,0.575514016232784,-0.5333517521414762,142.33293583594562,True,quantitative
CSB_07_R,ch_15,planar_rotation,0.5785999894142151,0.6553563090332675,13.265869516652057,8.193091570103165,False,invalid: poor_band_rejection
CSB_07_R,ch_16,planar_rotation,0.5785999894142151,0.6481049411520713,12.012608539489303,6.0459648693859585,False,invalid: low_r_squared
CSB_07_R,ch_17,planar_rotation,0.5785999894142151,0.5469311819567403,-5.473350853244375,272.0658154224157,True,quantitative
CSB_07_R,ch_18,planar_rotation,0.5785999894142151,0.5469504135599778,-5.470027036516182,274.4955882179618,True,quantitative
CSB_07_R,ch_19,planar_rotation,0.5785999894142151,0.5457206682290006,-5.682565120421474,244.09658123412729,False,invalid: method_disagreement
CSB_07_R,ch_20,planar_rotation,0.5785999894142151,0.548226165867439,-5.249537522032638,270.31462469445466,True,quantitative
CSB_13_A,ch_01,radial,0.34850001335144043,0.37925907946236226,8.826130540173965,2.041994008231163,False,fast-decay
CSB_13_A,ch_02,radial,0.34850001335144043,0.37925907946236226,8.826130540173965,2.041994008231163,False,fast-decay
CSB_13_A,ch_03,radial,0.34850001335144043,0.3500423793383239,0.4425727195964479,346.5599486271143,False,invalid: method_disagreement
CSB_13_A,ch_04,radial,0.34850001335144043,0.3496438365727007,0.3282132503411993,345.8112625634313,False,invalid: method_disagreement
CSB_13_A,ch_05,radial,0.34850001335144043,0.3465625201862415,-0.5559521064480081,340.5020077450275,False,invalid: method_disagreement
CSB_13_A,ch_06,radial,0.34850001335144043,0.3392768468226723,-2.6465326184843385,13.000688448071479,False,invalid: method_disagreement
CSB_13_A,ch_07,radial,0.34850001335144043,0.347083879288745,-0.4063512219344839,340.2296898345947,False,invalid: method_disagreement
CSB_13_A,ch_08,radial,0.34850001335144043,0.34699651860555175,-0.4314188488631414,340.0936702793837,False,invalid: method_disagreement
CSB_13_A,ch_09,radial,0.34850001335144043,0.36571094207138666,4.938573331585524,3.165077121257782,False,fast-decay
CSB_13_A,ch_10,radial,0.34850001335144043,0.4055478952064239,16.369549402987907,4.900781437754631,False,fast-decay
CSB_13_A,ch_11,radial,0.34850001335144043,0.34701387332547734,-0.42643901550282315,339.1748499941826,False,invalid: method_disagreement
CSB_13_A,ch_12,radial,0.34850001335144043,0.3473642291760314,-0.3259064940877583,338.83440033113953,False,invalid: method_disagreement
CSB_13_A,ch_13,radial,0.34850001335144043,0.4253409639502266,22.049052411741766,33.352322527766226,False,invalid: low_r_squared
CSB_13_A,ch_14,radial,0.34850001335144043,0.424513698849982,21.81167362593084,34.781939282536506,False,invalid: low_r_squared
CSB_13_A,ch_15,radial,0.34850001335144043,0.3476958905234608,-0.23073824883006244,338.97041988635067,False,invalid: method_disagreement
CSB_13_A,ch_16,radial,0.34850001335144043,0.3479261427354575,-0.1646687500709491,338.187654006362,False,invalid: method_disagreement
CSB_13_A,ch_17,radial,0.34850001335144043,0.4198716580731778,20.479667715181264,101.48689798808098,False,invalid: low_r_squared
CSB_13_A,ch_18,radial,0.34850001335144043,0.4201375250165221,20.555956648655762,105.84314815497399,False,invalid: low_r_squared
CSB_13_A,ch_19,radial,0.34850001335144043,0.3528491907795044,1.247970519782472,237.34750234305858,False,invalid: method_disagreement
CSB_13_A,ch_20,radial,0.34850001335144043,0.3548514101964018,1.822495438057961,22.053499044895172,False,invalid: low_r_squared
CSB_13_A,ch_01,axial,0.42910000681877136,0.429409686048451,0.07216947675566167,424.6161820805195,True,quantitative
CSB_13_A,ch_02,axial,0.42910000681877136,0.4293672755725858,0.06228588896931022,425.5380776991692,True,quantitative
CSB_13_A,ch_03,axial,0.42910000681877136,0.48266458105092924,12.483004749701777,46.59742009847343,False,invalid: poor_band_rejection
CSB_13_A,ch_04,axial,0.42910000681877136,0.48328023633680145,12.626480693791478,48.18981022377789,False,invalid: poor_band_rejection
CSB_13_A,ch_05,axial,0.42910000681877136,0.4336171719071109,1.0527068321039095,104.2996222574115,True,quantitative
CSB_13_A,ch_06,axial,0.42910000681877136,0.43358573558281305,1.0453807254158853,94.49412927159369,True,quantitative
CSB_13_A,ch_07,axial,0.42910000681877136,0.4606509677823735,7.3528222936914505,57.9955692515999,False,invalid: poor_band_rejection
CSB_13_A,ch_08,axial,0.42910000681877136,0.46180658736979063,7.622134707826459,65.37038233879208,False,invalid: poor_band_rejection
CSB_13_A,ch_09,axial,0.42910000681877136,0.43389832251694455,1.1182278307909075,134.09349467086196,False,invalid: method_disagreement
CSB_13_A,ch_10,axial,0.42910000681877136,0.43381616424927455,1.0990811828383487,133.75849629553855,False,invalid: method_disagreement
CSB_13_A,ch_11,axial,0.42910000681877136,0.4637281002504132,8.069935418637012,57.7858251682669,False,invalid: poor_band_rejection
CSB_13_A,ch_12,axial,0.42910000681877136,0.4633490872022981,7.98160797932397,56.57048521895408,False,invalid: poor_band_rejection
CSB_13_A,ch_13,axial,0.42910000681877136,0.4307225266846065,0.3781216126897848,208.68313356615602,True,quantitative
CSB_13_A,ch_14,axial,0.42910000681877136,0.4307227050711179,0.37816318493601203,209.10236427281797,True,quantitative
CSB_13_A,ch_15,axial,0.42910000681877136,0.4633156121655686,7.973806759049543,55.94211116896868,False,invalid: poor_band_rejection
CSB_13_A,ch_16,axial,0.42910000681877136,0.46287085497119235,7.870157915584458,54.43343845499455,False,invalid: poor_band_rejection
CSB_13_A,ch_17,axial,0.42910000681877136,0.42264793883611645,-1.5036280307914123,339.71813211841584,True,quantitative
CSB_13_A,ch_18,axial,0.42910000681877136,0.4226033793516739,-1.514012436229411,344.24342079032664,True,quantitative
CSB_13_A,ch_19,axial,0.42910000681877136,0.4681127449546224,9.091758917712605,8.422804033845663,False,invalid: poor_band_rejection
CSB_13_A,ch_20,axial,0.42910000681877136,0.48188271577051534,12.300794246791176,29.50062546879053,False,invalid: method_disagreement
CSB_13_A,ch_01,planar_rotation,0.46129998564720154,0.42942274389736346,-6.910306252256755,454.36212612306474,True,quantitative
CSB_13_A,ch_02,planar_rotation,0.46129998564720154,0.4294163084212893,-6.911701326237761,455.44326567342637,True,quantitative
CSB_13_A,ch_03,planar_rotation,0.46129998564720154,0.48355899419729204,4.825278396412959,49.28313158261418,True,quantitative
CSB_13_A,ch_04,planar_rotation,0.46129998564720154,0.4849208813795987,5.120506496278594,74.87098048647881,True,quantitative
CSB_13_A,ch_05,planar_rotation,0.46129998564720154,0.433865622175354,-5.947184982752004,116.45093741676806,True,quantitative
CSB_13_A,ch_06,planar_rotation,0.46129998564720154,0.43344086579812946,-6.039263107711975,103.47687532044054,True,quantitative
CSB_13_A,ch_07,planar_rotation,0.46129998564720154,0.46120775352559046,-0.01999395718204473,75.99723517543673,True,quantitative
CSB_13_A,ch_08,planar_rotation,0.46129998564720154,0.4618175414311911,0.11219505746643689,76.26746470702885,True,quantitative
CSB_13_A,ch_09,planar_rotation,0.46129998564720154,0.43403073805686915,-5.911391380616189,150.4177931299299,False,invalid: method_disagreement
CSB_13_A,ch_10,planar_rotation,0.46129998564720154,0.433514442149071,-6.023313323790284,133.2992735725522,False,invalid: method_disagreement
CSB_13_A,ch_11,planar_rotation,0.46129998564720154,0.46315867479355755,0.4029241717292221,56.58121103954315,False,invalid: poor_band_rejection
CSB_13_A,ch_12,planar_rotation,0.46129998564720154,0.46277909786684085,0.32063998822027373,56.130520953565835,False,invalid: poor_band_rejection
CSB_13_A,ch_13,planar_rotation,0.46129998564720154,0.4306248577776971,-6.649713597208851,220.24366483738123,True,quantitative
CSB_13_A,ch_14,planar_rotation,0.46129998564720154,0.43060523561353153,-6.653967263971497,220.96407702496649,True,quantitative
CSB_13_A,ch_15,planar_rotation,0.46129998564720154,0.4631178120256259,0.3940659950105935,55.18467146299481,False,invalid: poor_band_rejection
CSB_13_A,ch_16,planar_rotation,0.46129998564720154,0.463115826125736,0.39363549426233607,55.40969359599352,True,quantitative
CSB_13_A,ch_17,planar_rotation,0.46129998564720154,0.4228346981497757,-8.338454085026523,387.50960960310107,True,quantitative
CSB_13_A,ch_18,planar_rotation,0.46129998564720154,0.42285618447362366,-8.333796308196588,390.708125313583,True,quantitative
CSB_13_A,ch_19,planar_rotation,0.46129998564720154,0.4843244918744189,4.991221969130151,35.40800299832225,False,invalid: method_disagreement
CSB_13_A,ch_20,planar_rotation,0.46129998564720154,0.4833041085380201,4.770024620735002,31.849534909039733,False,invalid: method_disagreement
CSB_13_R,ch_01,radial,0.35040000081062317,0.3562460579923845,1.6683953105699045,254.45059580465167,False,invalid: method_disagreement
CSB_13_R,ch_02,radial,0.35040000081062317,0.3562584737013668,1.6719386065041457,254.38191740449278,False,invalid: method_disagreement
CSB_13_R,ch_03,radial,0.35040000081062317,0.3559008977219909,1.5698906674206161,346.1224928007275,False,invalid: method_disagreement
CSB_13_R,ch_04,radial,0.35040000081062317,0.35593590557699845,1.5798814935982852,346.32793232120275,False,invalid: method_disagreement
CSB_13_R,ch_05,radial,0.35040000081062317,0.3480105149353771,-0.6819308988921737,347.2860310434192,False,invalid: method_disagreement
CSB_13_R,ch_06,radial,0.35040000081062317,0.3479959375583279,-0.6860911092276366,347.2860310434192,True,quantitative
CSB_13_R,ch_07,radial,0.35040000081062317,0.3482646688566368,-0.6093983872849396,343.4875899146318,False,invalid: method_disagreement
CSB_13_R,ch_08,radial,0.35040000081062317,0.3482298198002861,-0.6193438942113335,342.94005487336517,False,invalid: method_disagreement
CSB_13_R,ch_09,radial,0.35040000081062317,0.3478082941701533,-0.7396423043590636,345.26716639874877,False,invalid: method_disagreement
CSB_13_R,ch_10,radial,0.35040000081062317,0.34854360541911494,-0.52979320411347,343.65858511502745,False,invalid: method_disagreement
CSB_13_R,ch_11,radial,0.35040000081062317,0.34812527882019106,-0.6491786487356485,343.5903622348696,False,invalid: method_disagreement
CSB_13_R,ch_12,radial,0.35040000081062317,0.34775840642208816,-0.7538796753492818,345.096101118353,False,invalid: method_disagreement
CSB_13_R,ch_13,radial,0.35040000081062317,0.3488005760835321,-0.45645682745174804,344.0009959958196,False,invalid: method_disagreement
CSB_13_R,ch_14,radial,0.35040000081062317,0.34871014687291385,-0.48226425051369076,314.7440325681358,False,invalid: method_disagreement
CSB_13_R,ch_15,radial,0.35040000081062317,0.3489278422353549,-0.42013657872789795,342.9742889534444,False,invalid: method_disagreement
CSB_13_R,ch_16,radial,0.35040000081062317,0.34942878129078375,-0.277174519860895,342.5978892725736,False,invalid: method_disagreement
CSB_13_R,ch_17,radial,0.35040000081062317,0.41818457857908975,19.344913701955544,287.5741216252804,False,invalid: poor_band_rejection
CSB_13_R,ch_18,radial,0.35040000081062317,0.4181082183181232,19.32312139008629,289.4561200296343,False,invalid: poor_band_rejection
CSB_13_R,ch_19,radial,0.35040000081062317,0.4162623875902344,18.796343215537583,47.49552874987721,False,invalid: method_disagreement
CSB_13_R,ch_20,radial,0.35040000081062317,0.41740982727480364,19.123808878184487,209.14468512383996,False,invalid: poor_band_rejection
CSB_13_R,ch_01,axial,0.4404999911785126,0.44660487781847547,1.3858993784835032,83.41087582960725,False,invalid: method_disagreement
CSB_13_R,ch_02,axial,0.4404999911785126,0.4481048897371533,1.726424224957324,54.50320486851454,False,invalid: method_disagreement
CSB_13_R,ch_03,axial,0.4404999911785126,0.35598485981510813,-19.18618230554168,386.4696410255286,False,invalid: method_disagreement
CSB_13_R,ch_04,axial,0.4404999911785126,0.3563462747411961,-19.104135782652758,91.15404193954198,False,invalid: method_disagreement
CSB_13_R,ch_05,axial,0.4404999911785126,0.4433813613876908,0.6541135679638526,21.8959242515105,False,invalid: low_r_squared
CSB_13_R,ch_06,axial,0.4404999911785126,0.44425094847577495,0.8515226725038244,21.723864954956174,False,invalid: poor_band_rejection
CSB_13_R,ch_07,axial,0.4404999911785126,0.38496185028063723,-12.607977754843706,7.872219392350315,False,invalid: poor_band_rejection
CSB_13_R,ch_08,axial,0.4404999911785126,0.3864136945013332,-12.278387686791321,6.36659042250216,False,invalid: poor_band_rejection
CSB_13_R,ch_09,axial,0.4404999911785126,0.4414805773940847,0.22260754488295523,113.26496983174684,False,invalid: poor_band_rejection
CSB_13_R,ch_10,axial,0.4404999911785126,0.4428946525434179,0.5436234762454086,116.92156025851966,False,invalid: poor_band_rejection
CSB_13_R,ch_11,axial,0.4404999911785126,0.5091707306034239,15.58927146427172,8.904619221675398,False,invalid: poor_band_rejection
CSB_13_R,ch_12,axial,0.4404999911785126,0.5091707306034238,15.589271464271695,9.162752216506005,False,invalid: poor_band_rejection
CSB_13_R,ch_13,axial,0.4404999911785126,0.43562507955815166,-1.106676893980993,79.84031505111159,False,invalid: method_disagreement
CSB_13_R,ch_14,axial,0.4404999911785126,0.4355074834702576,-1.1333729417106335,80.65766278474331,False,invalid: method_disagreement
CSB_13_R,ch_15,axial,0.4404999911785126,0.5094528985322662,15.653327749060143,9.894026251861455,False,invalid: poor_band_rejection
CSB_13_R,ch_16,axial,0.4404999911785126,0.5069297294009105,15.080531112990943,9.678930106168986,False,invalid: poor_band_rejection
CSB_13_R,ch_17,axial,0.4404999911785126,0.41872075626772637,-4.944207797261947,426.30386581280527,True,quantitative
CSB_13_R,ch_18,axial,0.4404999911785126,0.4186784043088225,-4.953822317069434,426.30399796280267,True,quantitative
CSB_13_R,ch_19,axial,0.4404999911785126,0.41626100490031703,-5.5026076648370905,96.87524260996878,False,invalid: method_disagreement
CSB_13_R,ch_20,axial,0.4404999911785126,0.4184311283168758,-5.009957617159947,382.6410221372008,True,quantitative
CSB_13_R,ch_01,planar_rotation,0.4404999911785126,0.44660487781847547,1.3858993784835032,83.41087582960725,False,invalid: method_disagreement
CSB_13_R,ch_02,planar_rotation,0.4404999911785126,0.4481048897371533,1.726424224957324,54.50320486851454,False,invalid: method_disagreement
CSB_13_R,ch_03,planar_rotation,0.4404999911785126,0.35598485981510813,-19.18618230554168,386.4696410255286,False,invalid: method_disagreement
CSB_13_R,ch_04,planar_rotation,0.4404999911785126,0.3563462747411961,-19.104135782652758,91.15404193954198,False,invalid: method_disagreement
CSB_13_R,ch_05,planar_rotation,0.4404999911785126,0.4433813613876908,0.6541135679638526,21.8959242515105,False,invalid: low_r_squared
CSB_13_R,ch_06,planar_rotation,0.4404999911785126,0.44425094847577495,0.8515226725038244,21.723864954956174,False,invalid: poor_band_rejection
CSB_13_R,ch_07,planar_rotation,0.4404999911785126,0.38496185028063723,-12.607977754843706,7.872219392350315,False,invalid: poor_band_rejection
CSB_13_R,ch_08,planar_rotation,0.4404999911785126,0.3864136945013332,-12.278387686791321,6.36659042250216,False,invalid: poor_band_rejection
CSB_13_R,ch_09,planar_rotation,0.4404999911785126,0.4414805773940847,0.22260754488295523,113.26496983174684,False,invalid: poor_band_rejection
CSB_13_R,ch_10,planar_rotation,0.4404999911785126,0.4428946525434179,0.5436234762454086,116.92156025851966,False,invalid: poor_band_rejection
CSB_13_R,ch_11,planar_rotation,0.4404999911785126,0.5091707306034239,15.58927146427172,8.904619221675398,False,invalid: poor_band_rejection
CSB_13_R,ch_12,planar_rotation,0.4404999911785126,0.5091707306034238,15.589271464271695,9.162752216506005,False,invalid: poor_band_rejection
CSB_13_R,ch_13,planar_rotation,0.4404999911785126,0.43562507955815166,-1.106676893980993,79.84031505111159,False,invalid: method_disagreement
CSB_13_R,ch_14,planar_rotation,0.4404999911785126,0.4355074834702576,-1.1333729417106335,80.65766278474331,False,invalid: method_disagreement
CSB_13_R,ch_15,planar_rotation,0.4404999911785126,0.5094528985322662,15.653327749060143,9.894026251861455,False,invalid: poor_band_rejection
CSB_13_R,ch_16,planar_rotation,0.4404999911785126,0.5069297294009105,15.080531112990943,9.678930106168986,False,invalid: poor_band_rejection
CSB_13_R,ch_17,planar_rotation,0.4404999911785126,0.41872075626772637,-4.944207797261947,426.30386581280527,True,quantitative
CSB_13_R,ch_18,planar_rotation,0.4404999911785126,0.4186784043088225,-4.953822317069434,426.30399796280267,True,quantitative
CSB_13_R,ch_19,planar_rotation,0.4404999911785126,0.41626100490031703,-5.5026076648370905,96.87524260996878,False,invalid: method_disagreement
CSB_13_R,ch_20,planar_rotation,0.4404999911785126,0.4184311283168758,-5.009957617159947,382.6410221372008,True,quantitative
TB_07+07_MidTop_AA,ch_01,radial,0.3197999894618988,0.3639102850840184,13.793088516463174,311.08646310902833,True,quantitative
TB_07+07_MidTop_AA,ch_02,radial,0.3197999894618988,0.36391542153279327,13.794694660598294,312.05472153712213,True,quantitative
TB_07+07_MidTop_AA,ch_03,radial,0.3197999894618988,0.3637655996330333,13.747846034989497,124.35959534408241,False,invalid: method_disagreement
TB_07+07_MidTop_AA,ch_04,radial,0.3197999894618988,0.43574503686403004,36.25548818723304,2.5296690846419336,False,fast-decay
TB_07+07_MidTop_AA,ch_05,radial,0.3197999894618988,0.3631203366270769,13.546075232231766,22.454692300069333,False,invalid: low_r_squared
TB_07+07_MidTop_AA,ch_06,radial,0.3197999894618988,0.36362143489710097,13.70276637874095,28.763226792189478,False,invalid: low_r_squared
TB_07+07_MidTop_AA,ch_07,radial,0.3197999894618988,0.3455207940696068,8.042778441295845,10.805753823927047,False,invalid: low_r_squared
TB_07+07_MidTop_AA,ch_08,radial,0.3197999894618988,0.3657139141953888,14.357075123969071,8.963130244645477,False,invalid: low_r_squared
TB_07+07_MidTop_AA,ch_09,radial,0.3197999894618988,0.35223581684743915,10.142535476663852,13.928792601016163,False,invalid: method_disagreement
TB_07+07_MidTop_AA,ch_10,radial,0.3197999894618988,0.35031555347162713,9.542077865941884,13.241734303656221,False,invalid: method_disagreement
TB_07+07_MidTop_AA,ch_11,radial,0.3197999894618988,0.3764013712591494,17.698994265912614,34.509520922836664,False,invalid: poor_band_rejection
TB_07+07_MidTop_AA,ch_12,radial,0.3197999894618988,0.37675699174032745,17.81019517050814,34.63446677871942,False,invalid: poor_band_rejection
TB_07+07_MidTop_AA,ch_13,radial,0.3197999894618988,0.3588492218098305,12.21051708401761,25.8899518068701,False,invalid: low_r_squared
TB_07+07_MidTop_AA,ch_14,radial,0.3197999894618988,0.35953308636517384,12.424358415436679,25.608783656135202,False,invalid: low_r_squared
TB_07+07_MidTop_AA,ch_15,radial,0.3197999894618988,0.37756443480320306,18.062678938326343,28.794311351165174,False,invalid: poor_band_rejection
TB_07+07_MidTop_AA,ch_16,radial,0.3197999894618988,0.37751385888767897,18.04686407991775,28.388389224541186,False,invalid: poor_band_rejection
TB_07+07_MidTop_AA,ch_17,radial,0.3197999894618988,0.33971545433544864,6.227475150033605,33.82252658547461,True,quantitative
TB_07+07_MidTop_AA,ch_18,radial,0.3197999894618988,0.3393942685035331,6.1270418034109335,34.04094997827709,True,quantitative
TB_07+07_MidTop_AA,ch_19,radial,0.3197999894618988,0.33333333333333326,4.231814983548281,25.14050053156614,False,invalid: poor_band_rejection
TB_07+07_MidTop_AA,ch_20,radial,0.3197999894618988,0.34320912913777984,7.319931346861417,57.869982733058926,False,invalid: low_r_squared
TB_07+07_MidTop_AA,ch_01,axial,0.365200012922287,0.3640890366389169,-0.3042103625572713,361.91858855017665,False,invalid: method_disagreement
TB_07+07_MidTop_AA,ch_02,axial,0.365200012922287,0.36408446134778955,-0.30546318045580867,361.88316414892313,False,invalid: method_disagreement
TB_07+07_MidTop_AA,ch_03,axial,0.365200012922287,0.40238384351634904,10.181771434376868,361.31234557272523,False,invalid: method_disagreement
TB_07+07_MidTop_AA,ch_04,axial,0.365200012922287,0.40236173804338116,10.175718457327115,362.13274548975437,False,invalid: low_r_squared
TB_07+07_MidTop_AA,ch_05,axial,0.365200012922287,0.3654267331580909,0.06208111385038069,46.363237240523105,False,invalid: low_r_squared
TB_07+07_MidTop_AA,ch_06,axial,0.365200012922287,0.3654252494230341,0.06167483372873191,46.43445124304295,False,invalid: method_disagreement
TB_07+07_MidTop_AA,ch_07,axial,0.365200012922287,0.3788378860845957,3.7343572507514593,32.668236755937336,False,invalid: low_r_squared
TB_07+07_MidTop_AA,ch_08,axial,0.365200012922287,0.37693272253479715,3.212680503110177,30.35012967391312,False,invalid: poor_band_rejection
TB_07+07_MidTop_AA,ch_09,axial,0.365200012922287,0.35929830931235035,-1.616019551234927,39.586804920744896,False,invalid: method_disagreement
TB_07+07_MidTop_AA,ch_10,axial,0.365200012922287,0.3589697567979898,-1.7059846396070488,39.4086603544414,False,invalid: method_disagreement
TB_07+07_MidTop_AA,ch_11,axial,0.365200012922287,0.38013960627040283,4.090797595698587,46.64845845061541,True,quantitative
TB_07+07_MidTop_AA,ch_12,axial,0.365200012922287,0.3804583632843109,4.178080455126051,46.50592088557184,True,quantitative
TB_07+07_MidTop_AA,ch_13,axial,0.365200012922287,0.36020181593172634,-1.3686190618027823,29.493845203614235,False,invalid: method_disagreement
TB_07+07_MidTop_AA,ch_14,axial,0.365200012922287,0.3594794737220505,-1.5664126500055104,36.6623927772671,False,invalid: method_disagreement
TB_07+07_MidTop_AA,ch_15,axial,0.365200012922287,0.38063549416699316,4.226582885688664,40.478732912305,True,quantitative
TB_07+07_MidTop_AA,ch_16,axial,0.365200012922287,0.3809828241792143,4.32168967646938,40.442797231033445,True,quantitative
TB_07+07_MidTop_AA,ch_17,axial,0.365200012922287,0.34105844577170713,-6.610505557598947,46.18480051420927,False,invalid: poor_band_rejection
TB_07+07_MidTop_AA,ch_18,axial,0.365200012922287,0.34079429412981826,-6.682836234636759,46.36301812051535,False,invalid: poor_band_rejection
TB_07+07_MidTop_AA,ch_19,axial,0.365200012922287,0.3810231423931111,4.332729712742696,9.094356801795959,False,invalid: method_disagreement
TB_07+07_MidTop_AA,ch_20,axial,0.365200012922287,0.3828044252191555,4.820485124302181,9.16564384431839,False,invalid: method_disagreement
TB_07+07_MidTop_AA,ch_01,planar_rotation,0.4023999869823456,0.36417554861764095,-9.499115209062282,393.1255525623739,False,invalid: method_disagreement
TB_07+07_MidTop_AA,ch_02,planar_rotation,0.4023999869823456,0.36416714921393023,-9.501202536095692,392.06482619668844,False,invalid: method_disagreement
TB_07+07_MidTop_AA,ch_03,planar_rotation,0.4023999869823456,0.4024634126543439,0.01576184742796198,397.76258064436587,False,invalid: method_disagreement
TB_07+07_MidTop_AA,ch_04,planar_rotation,0.4023999869823456,0.402405817731301,0.0014489933260592976,397.8020158430901,False,invalid: method_disagreement
TB_07+07_MidTop_AA,ch_05,planar_rotation,0.4023999869823456,0.36721756952461393,-8.743145774325088,106.73007766727804,True,quantitative
TB_07+07_MidTop_AA,ch_06,planar_rotation,0.4023999869823456,0.3672174290572266,-8.743180681728637,106.69092414854467,True,quantitative
TB_07+07_MidTop_AA,ch_07,planar_rotation,0.4023999869823456,0.3788233037890617,-5.859016887671582,35.052459266051656,False,invalid: poor_band_rejection
TB_07+07_MidTop_AA,ch_08,planar_rotation,0.4023999869823456,0.3762143198926849,-6.507372747705762,35.524393970784544,False,invalid: poor_band_rejection
TB_07+07_MidTop_AA,ch_09,planar_rotation,0.4023999869823456,0.3675910706877629,-8.650327390818187,9.156169063797591,False,invalid: low_r_squared
TB_07+07_MidTop_AA,ch_10,planar_rotation,0.4023999869823456,0.3636736756108744,-9.623835145196026,156.00846295312047,False,invalid: method_disagreement
TB_07+07_MidTop_AA,ch_11,planar_rotation,0.4023999869823456,0.3802195940983006,-5.512026242937754,47.667014777970316,True,quantitative
TB_07+07_MidTop_AA,ch_12,planar_rotation,0.4023999869823456,0.37986059924221854,-5.601239679243802,51.242861782291534,True,quantitative
TB_07+07_MidTop_AA,ch_13,planar_rotation,0.4023999869823456,0.36209345052608555,-10.016535228672458,57.68761949380338,False,invalid: poor_band_rejection
TB_07+07_MidTop_AA,ch_14,planar_rotation,0.4023999869823456,0.36116422349691946,-10.24745646605482,38.982337778919934,False,invalid: method_disagreement
TB_07+07_MidTop_AA,ch_15,planar_rotation,0.4023999869823456,0.3813795260215251,-5.223772773566894,43.3049184390843,True,quantitative
TB_07+07_MidTop_AA,ch_16,planar_rotation,0.4023999869823456,0.3817340268168154,-5.135676151609035,43.422902115267526,True,quantitative
TB_07+07_MidTop_AA,ch_17,planar_rotation,0.4023999869823456,0.34640271343159623,-13.915823897182708,96.67007799271941,False,invalid: method_disagreement
TB_07+07_MidTop_AA,ch_18,planar_rotation,0.4023999869823456,0.3464028597668286,-13.915787531567123,96.55217479653358,False,invalid: method_disagreement
TB_07+07_MidTop_AA,ch_19,planar_rotation,0.4023999869823456,0.39240894243921404,-2.4828640323912037,22.831491181400416,False,invalid: poor_band_rejection
TB_07+07_MidTop_AA,ch_20,planar_rotation,0.4023999869823456,0.3916938520852102,-2.6605703885385834,22.51709607157111,False,invalid: poor_band_rejection
TB_07+07_MidTop_AR,ch_01,radial,0.32030001282691956,0.35928020776661157,12.169901148507208,307.41274181082844,False,invalid: low_r_squared
TB_07+07_MidTop_AR,ch_02,radial,0.32030001282691956,0.35929842387061744,12.175588349030587,307.5377549058348,True,quantitative
TB_07+07_MidTop_AR,ch_03,radial,0.32030001282691956,0.33032367177883837,3.129459428818473,8.789477568988502,False,invalid: method_disagreement
TB_07+07_MidTop_AR,ch_04,radial,0.32030001282691956,0.3471185687607173,8.372948754232384,2.908961513493955,False,fast-decay
TB_07+07_MidTop_AR,ch_05,radial,0.32030001282691956,0.3204863260723302,0.05816835402729372,310.3217705873251,False,invalid: method_disagreement
TB_07+07_MidTop_AR,ch_06,radial,0.32030001282691956,0.3204538206858645,0.04801993530610132,310.2279226835668,False,invalid: method_disagreement
TB_07+07_MidTop_AR,ch_07,radial,0.32030001282691956,0.29595430465536127,-7.600907648016228,6.349691514283419,False,invalid: low_r_squared
TB_07+07_MidTop_AR,ch_08,radial,0.32030001282691956,0.3250816767712888,1.4928703568154733,3.253063020274044,False,fast-decay
TB_07+07_MidTop_AR,ch_09,radial,0.32030001282691956,0.35543760292880583,10.970211893458014,19.73723912040889,False,invalid: low_r_squared
TB_07+07_MidTop_AR,ch_10,radial,0.32030001282691956,0.35543820452929825,10.97039971751931,19.924902897924184,False,invalid: low_r_squared
TB_07+07_MidTop_AR,ch_11,radial,0.32030001282691956,0.37838387517115957,18.134205438083068,14.60744223497808,False,invalid: low_r_squared
TB_07+07_MidTop_AR,ch_12,radial,0.32030001282691956,0.380138703109297,18.682075518589645,14.763812701240182,False,invalid: low_r_squared
TB_07+07_MidTop_AR,ch_13,radial,0.32030001282691956,0.3636635078981972,13.538399417645339,18.45478989905119,False,invalid: low_r_squared
TB_07+07_MidTop_AR,ch_14,radial,0.32030001282691956,0.3637659966097009,13.570397140842147,19.04910657285154,False,invalid: low_r_squared
TB_07+07_MidTop_AR,ch_15,radial,0.32030001282691956,0.3798454029210111,18.590505060725075,21.707820889323948,False,invalid: low_r_squared
TB_07+07_MidTop_AR,ch_16,radial,0.32030001282691956,0.3777861730260672,17.94759846925496,17.141047366440297,False,invalid: poor_band_rejection
TB_07+07_MidTop_AR,ch_17,radial,0.32030001282691956,0.33935547910630737,5.949255546762906,38.56732454448938,True,quantitative
TB_07+07_MidTop_AR,ch_18,radial,0.32030001282691956,0.33930569354953777,5.933712132845997,38.8800334470123,True,quantitative
TB_07+07_MidTop_AR,ch_19,radial,0.32030001282691956,0.32855558749845987,2.5774506215837634,13.418808887377379,False,invalid: poor_band_rejection
TB_07+07_MidTop_AR,ch_20,radial,0.32030001282691956,0.3769341433229257,17.681588581955353,6.88145359557867,False,invalid: poor_band_rejection
TB_07+07_MidTop_AR,ch_01,axial,0.3594000041484833,0.3593164343794493,-0.02325257876163713,354.90741424662616,True,quantitative
TB_07+07_MidTop_AR,ch_02,axial,0.3594000041484833,0.3593340188560221,-0.018359847440039462,354.94239105502993,True,quantitative
TB_07+07_MidTop_AR,ch_03,axial,0.3594000041484833,0.40733916552498545,13.338664669769033,64.82502547026246,False,invalid: low_r_squared
TB_07+07_MidTop_AR,ch_04,axial,0.3594000041484833,0.4081310312838558,13.558994594568698,89.39360975385277,False,invalid: low_r_squared
TB_07+07_MidTop_AR,ch_05,axial,0.3594000041484833,0.3203587684281947,-10.862892395560179,346.16818983575104,False,invalid: method_disagreement
TB_07+07_MidTop_AR,ch_06,axial,0.3594000041484833,0.320358801858081,-10.862883093978121,346.16818983575104,False,invalid: method_disagreement
TB_07+07_MidTop_AR,ch_07,axial,0.3594000041484833,0.3531031885217924,-1.7520354908202498,3.860746724563837,False,fast-decay
TB_07+07_MidTop_AR,ch_08,axial,0.3594000041484833,0.36571094207138666,1.7559648998490458,2.9481941740304243,False,fast-decay
TB_07+07_MidTop_AR,ch_09,axial,0.3594000041484833,0.3548514101964018,-1.2656076515241894,22.778376922926306,True,quantitative
TB_07+07_MidTop_AR,ch_10,axial,0.3594000041484833,0.3561735562504897,-0.8977317364360986,21.86586031239331,True,quantitative
TB_07+07_MidTop_AR,ch_11,axial,0.3594000041484833,0.385711264013139,7.3208846858514285,29.937984405568244,True,quantitative
TB_07+07_MidTop_AR,ch_12,axial,0.3594000041484833,0.3866503358868886,7.58217346239847,29.93802034556866,True,quantitative
TB_07+07_MidTop_AR,ch_13,axial,0.3594000041484833,0.36803387643587343,2.4023016660353567,18.426258512690666,False,invalid: method_disagreement
TB_07+07_MidTop_AR,ch_14,axial,0.3594000041484833,0.3690093636126017,2.6737226914856738,24.778941106018426,False,invalid: low_r_squared
TB_07+07_MidTop_AR,ch_15,axial,0.3594000041484833,0.3847106919021793,7.042483990411736,32.42999215433299,True,quantitative
TB_07+07_MidTop_AR,ch_16,axial,0.3594000041484833,0.3848760057801378,7.088481173508647,32.64070837676525,True,quantitative
TB_07+07_MidTop_AR,ch_17,axial,0.3594000041484833,0.3400741059262825,-5.377267111609832,49.031325265958905,True,quantitative
TB_07+07_MidTop_AR,ch_18,axial,0.3594000041484833,0.33982371456016247,-5.446936383515737,49.13641382717193,True,quantitative
TB_07+07_MidTop_AR,ch_19,axial,0.3594000041484833,0.392408209179736,9.184252824219683,20.005677770921583,False,invalid: low_r_squared
TB_07+07_MidTop_AR,ch_20,axial,0.3594000041484833,0.39031378932698424,8.6014982809319,17.19782929851115,False,invalid: low_r_squared
TB_07+07_MidTop_AR,ch_01,planar_rotation,0.40869998931884766,0.3593872631412686,-12.065751765681517,405.82593742795945,True,quantitative
TB_07+07_MidTop_AR,ch_02,planar_rotation,0.40869998931884766,0.3594399953143564,-12.052849349614503,405.7462409300423,True,quantitative
TB_07+07_MidTop_AR,ch_03,planar_rotation,0.40869998931884766,0.4085624971728935,-0.033641338279284824,127.2796516546154,True,quantitative
TB_07+07_MidTop_AR,ch_04,planar_rotation,0.40869998931884766,0.408998078160687,0.07293585750666508,164.23813420772552,True,quantitative
TB_07+07_MidTop_AR,ch_05,planar_rotation,0.40869998931884766,0.35888172454631373,-12.189446066676592,35.92072380123138,False,invalid: poor_band_rejection
TB_07+07_MidTop_AR,ch_06,planar_rotation,0.40869998931884766,0.359098870344457,-12.136315211815267,35.801097314357754,False,invalid: poor_band_rejection
TB_07+07_MidTop_AR,ch_07,planar_rotation,0.40869998931884766,0.38026428367715565,-6.957598821836002,16.96264348669052,False,invalid: low_r_squared
TB_07+07_MidTop_AR,ch_08,planar_rotation,0.40869998931884766,0.3989626969878316,-2.3825036910924653,4.3903370252609255,False,fast-decay
TB_07+07_MidTop_AR,ch_09,planar_rotation,0.40869998931884766,0.3588487619076913,-12.19751130755838,32.96741680841446,False,invalid: low_r_squared
TB_07+07_MidTop_AR,ch_10,planar_rotation,0.40869998931884766,0.3590810990853338,-12.14066345247776,34.00510608129502,False,invalid: low_r_squared
TB_07+07_MidTop_AR,ch_11,planar_rotation,0.40869998931884766,0.3868471953578337,-5.346903482291382,36.55915405454636,True,quantitative
TB_07+07_MidTop_AR,ch_12,planar_rotation,0.40869998931884766,0.3864154511627696,-5.452541898329426,36.798733988285065,True,quantitative
TB_07+07_MidTop_AR,ch_13,planar_rotation,0.40869998931884766,0.36923076923076925,-9.657259877559346,18.1999418343544,False,invalid: poor_band_rejection
TB_07+07_MidTop_AR,ch_14,planar_rotation,0.40869998931884766,0.3702923030472208,-9.397525636259079,29.814337260818483,False,invalid: method_disagreement
TB_07+07_MidTop_AR,ch_15,planar_rotation,0.40869998931884766,0.38520760014595085,-5.748076776818607,40.15142261066437,True,quantitative
TB_07+07_MidTop_AR,ch_16,planar_rotation,0.40869998931884766,0.38520553925565454,-5.74858103185902,39.4330097694397,True,quantitative
TB_07+07_MidTop_AR,ch_17,planar_rotation,0.40869998931884766,0.3431208557434142,-16.04578793474639,77.50905383434296,False,invalid: method_disagreement
TB_07+07_MidTop_AR,ch_18,planar_rotation,0.40869998931884766,0.34278494814969585,-16.12797721845012,77.11004003477096,False,invalid: method_disagreement
TB_07+07_MidTop_AR,ch_19,planar_rotation,0.40869998931884766,0.39439119380805826,-3.501051109552728,30.373152756214143,False,invalid: poor_band_rejection
TB_07+07_MidTop_AR,ch_20,planar_rotation,0.40869998931884766,0.39482901356428707,-3.3939261358138024,33.44596362590789,False,invalid: poor_band_rejection
TB_07+07_MidTop_RA,ch_01,radial,0.3212999999523163,0.37318820613660914,16.149457264859482,186.127901162377,False,invalid: low_r_squared
TB_07+07_MidTop_RA,ch_02,radial,0.3212999999523163,0.3729804486191882,16.0847957281487,190.3636633217484,False,invalid: method_disagreement
TB_07+07_MidTop_RA,ch_03,radial,0.3212999999523163,0.37313146819601267,16.131798397568822,191.1481494016319,False,invalid: low_r_squared
TB_07+07_MidTop_RA,ch_04,radial,0.3212999999523163,0.3733782348556822,16.208600968283474,76.46557651865184,False,invalid: method_disagreement
TB_07+07_MidTop_RA,ch_05,radial,0.3212999999523163,0.364412894385855,13.418267799544678,9.256171048626305,False,invalid: method_disagreement
TB_07+07_MidTop_RA,ch_06,radial,0.3212999999523163,0.36571391419538873,13.823191487601575,9.256171048626305,False,invalid: method_disagreement
TB_07+07_MidTop_RA,ch_07,radial,0.3212999999523163,0.32,-0.40460627217840295,3.1063283995389943,False,fast-decay
TB_07+07_MidTop_RA,ch_08,radial,0.3212999999523163,0.2925708935846517,-8.941520812925061,5.585093639171124,False,invalid: low_r_squared
TB_07+07_MidTop_RA,ch_09,radial,0.3212999999523163,0.369590124551872,15.029606164557238,96.2957305657089,False,invalid: method_disagreement
TB_07+07_MidTop_RA,ch_10,radial,0.3212999999523163,0.3690865151666662,14.87286499266786,75.86917945874035,False,invalid: method_disagreement
TB_07+07_MidTop_RA,ch_11,radial,0.3212999999523163,0.3766025784723206,17.212131505823745,19.108578507164122,False,invalid: poor_band_rejection
TB_07+07_MidTop_RA,ch_12,radial,0.3212999999523163,0.37660257847232065,17.212131505823763,19.17129626715481,False,invalid: poor_band_rejection
TB_07+07_MidTop_RA,ch_13,radial,0.3212999999523163,0.36685726181152406,14.179041975091463,151.83307815746664,False,invalid: poor_band_rejection
TB_07+07_MidTop_RA,ch_14,radial,0.3212999999523163,0.3670326741098432,14.233636527953324,157.4807610366285,False,invalid: poor_band_rejection
TB_07+07_MidTop_RA,ch_15,radial,0.3212999999523163,0.3757795076161111,16.955962549604752,17.571093747392297,False,invalid: poor_band_rejection
TB_07+07_MidTop_RA,ch_16,radial,0.3212999999523163,0.37632481188711053,17.125680654516156,17.38281194742024,False,invalid: poor_band_rejection
TB_07+07_MidTop_RA,ch_17,radial,0.3212999999523163,0.34237408414932496,6.559005353294821,32.09838407523632,True,quantitative
TB_07+07_MidTop_RA,ch_18,radial,0.3212999999523163,0.3423708872697167,6.5580103705345545,32.12999999523163,True,quantitative
TB_07+07_MidTop_RA,ch_19,radial,0.3212999999523163,0.33851380350482685,5.357548569892699,28.333358545795086,True,quantitative
TB_07+07_MidTop_RA,ch_20,radial,0.3212999999523163,0.3346422626406334,4.152587205196771,34.95377717481256,False,invalid: low_r_squared
TB_07+07_MidTop_RA,ch_01,axial,0.3711000084877014,0.37343262030754254,0.6285669001590521,215.37564591601486,False,invalid: method_disagreement
TB_07+07_MidTop_RA,ch_02,axial,0.3711000084877014,0.3733961602485545,0.6187420394330624,217.5500693057477,False,invalid: method_disagreement
TB_07+07_MidTop_RA,ch_03,axial,0.3711000084877014,0.4082938526787588,10.02259319330897,46.568505090102555,False,invalid: method_disagreement
TB_07+07_MidTop_RA,ch_04,axial,0.3711000084877014,0.40960004603504907,10.374571993205326,75.81452565900982,False,invalid: low_r_squared
TB_07+07_MidTop_RA,ch_05,axial,0.3711000084877014,0.3719888279355343,0.2395094118846735,37.47238000705838,False,invalid: method_disagreement
TB_07+07_MidTop_RA,ch_06,axial,0.3711000084877014,0.37181819095376395,0.19352801121973964,37.47215734705329,False,invalid: low_r_squared
TB_07+07_MidTop_RA,ch_07,axial,0.3711000084877014,0.39295728092053706,5.889860396906999,17.938900190293786,False,invalid: low_r_squared
TB_07+07_MidTop_RA,ch_08,axial,0.3711000084877014,0.38598729874735765,4.011665297536531,17.069153100401163,False,invalid: low_r_squared
TB_07+07_MidTop_RA,ch_09,axial,0.3711000084877014,0.3697181194327187,-0.37237645469590636,189.78982184082267,False,invalid: method_disagreement
TB_07+07_MidTop_RA,ch_10,axial,0.3711000084877014,0.3694489425046825,-0.444911329899259,161.37751455098393,False,invalid: method_disagreement
TB_07+07_MidTop_RA,ch_11,axial,0.3711000084877014,0.38641956055815546,4.128146515782618,28.01344900071621,True,quantitative
TB_07+07_MidTop_RA,ch_12,axial,0.3711000084877014,0.3858965824723016,3.9872200609476756,27.832463526576756,True,quantitative
TB_07+07_MidTop_RA,ch_13,axial,0.3711000084877014,0.3676181359260705,-0.9382572034477056,203.99608681574463,True,quantitative
TB_07+07_MidTop_RA,ch_14,axial,0.3711000084877014,0.3679269792594305,-0.8550334561299406,198.59624770224093,True,quantitative
TB_07+07_MidTop_RA,ch_15,axial,0.3711000084877014,0.3847451507313118,3.676944740372492,26.455014515072108,True,quantitative
TB_07+07_MidTop_RA,ch_16,axial,0.3711000084877014,0.3849648142159806,3.7361372705920286,25.947980573475363,True,quantitative
TB_07+07_MidTop_RA,ch_17,axial,0.3711000084877014,0.3426417680315231,-7.668617570813521,38.88575149938464,True,quantitative
TB_07+07_MidTop_RA,ch_18,axial,0.3711000084877014,0.3426390845466836,-7.66934068716439,38.99448380187154,True,quantitative
TB_07+07_MidTop_RA,ch_19,axial,0.3711000084877014,0.35028682652979015,-5.608510234944129,32.470916752666234,False,invalid: low_r_squared
TB_07+07_MidTop_RA,ch_20,axial,0.3711000084877014,0.39268399510655316,5.816218303742524,13.517577579170467,False,invalid: low_r_squared
TB_07+07_MidTop_RA,ch_01,planar_rotation,0.4099000096321106,0.3735324301724555,-8.872305100040213,236.812967214793,False,invalid: method_disagreement
TB_07+07_MidTop_RA,ch_02,planar_rotation,0.4099000096321106,0.37346936187635177,-8.88769136367079,237.8940375001967,False,invalid: method_disagreement
TB_07+07_MidTop_RA,ch_03,planar_rotation,0.4099000096321106,0.4090572083549935,-0.20561143140092478,61.444704174869656,False,invalid: method_disagreement
TB_07+07_MidTop_RA,ch_04,planar_rotation,0.4099000096321106,0.4100002460001477,0.02445385842440934,83.02061098187507,False,invalid: method_disagreement
TB_07+07_MidTop_RA,ch_05,planar_rotation,0.4099000096321106,0.37391943959091073,-8.777889532984592,78.49745045458674,True,quantitative
TB_07+07_MidTop_RA,ch_06,planar_rotation,0.4099000096321106,0.3739926560484358,-8.760027504244759,78.93768306493163,True,quantitative
TB_07+07_MidTop_RA,ch_07,planar_rotation,0.4099000096321106,0.39295728092053706,-4.133380901059215,18.533546955513955,False,invalid: method_disagreement
TB_07+07_MidTop_RA,ch_08,planar_rotation,0.4099000096321106,0.38598642235996633,-5.8340050525021825,19.29411642338634,False,invalid: poor_band_rejection
TB_07+07_MidTop_RA,ch_09,planar_rotation,0.4099000096321106,0.3696557842578498,-9.818059143345815,223.92366141191124,False,invalid: method_disagreement
TB_07+07_MidTop_RA,ch_10,planar_rotation,0.4099000096321106,0.3694940675575061,-9.857511862678232,229.44784285172224,False,invalid: method_disagreement
TB_07+07_MidTop_RA,ch_11,planar_rotation,0.4099000096321106,0.3856665048640526,-5.912052744230926,31.582836732155084,True,quantitative
TB_07+07_MidTop_RA,ch_12,planar_rotation,0.4099000096321106,0.3856639404215706,-5.912678370584114,31.823120117801423,True,quantitative
TB_07+07_MidTop_RA,ch_13,planar_rotation,0.4099000096321106,0.3675996904883398,-10.319667760373017,226.88592680152058,False,invalid: method_disagreement
TB_07+07_MidTop_RA,ch_14,planar_rotation,0.4099000096321106,0.3679269792594305,-10.239821758079804,219.44054401656385,False,invalid: method_disagreement
TB_07+07_MidTop_RA,ch_15,planar_rotation,0.4099000096321106,0.38485856447755457,-6.109159445258609,30.662365270525218,True,quantitative
TB_07+07_MidTop_RA,ch_16,planar_rotation,0.4099000096321106,0.3845365053322395,-6.187729617921969,29.221361786663532,True,quantitative
TB_07+07_MidTop_RA,ch_17,planar_rotation,0.4099000096321106,0.34542977220825577,-15.728283949472827,54.8398254586637,False,invalid: method_disagreement
TB_07+07_MidTop_RA,ch_18,planar_rotation,0.4099000096321106,0.34542924189028096,-15.728413326872767,54.80006515772938,False,invalid: low_r_squared
TB_07+07_MidTop_RA,ch_19,planar_rotation,0.4099000096321106,0.39196184251463123,-4.376229981936095,17.893119180464744,False,invalid: method_disagreement
TB_07+07_MidTop_RA,ch_20,planar_rotation,0.4099000096321106,0.3946892370437776,-3.7108495318126,20.174786594080924,True,quantitative
TB_07+07_MidTop_RR,ch_01,radial,0.3215999901294708,0.3610258187614287,12.259275448387198,20.63390682270527,False,invalid: method_disagreement
TB_07+07_MidTop_RR,ch_02,radial,0.3215999901294708,0.36218689765849466,12.620307454824303,20.696718516777455,False,invalid: low_r_squared
TB_07+07_MidTop_RR,ch_03,radial,0.3215999901294708,0.34133420714890367,6.136261699351476,2.198438236525655,False,fast-decay
TB_07+07_MidTop_RR,ch_04,radial,0.3215999901294708,0.34133420714890367,6.136261699351476,2.104219087417424,False,fast-decay
TB_07+07_MidTop_RR,ch_05,radial,0.3215999901294708,0.3213350897175,-0.08236953361352986,174.1161320960373,True,quantitative
TB_07+07_MidTop_RR,ch_06,radial,0.3215999901294708,0.32133538814621615,-0.08227673861188582,174.08474393700064,True,quantitative
TB_07+07_MidTop_RR,ch_07,radial,0.3215999901294708,0.3250763929523438,1.0809710601898461,3.0778083855360734,False,fast-decay
TB_07+07_MidTop_RR,ch_08,radial,0.3215999901294708,0.2871033189143667,-10.726577199587707,5.276233758062126,False,invalid: too_short
TB_07+07_MidTop_RR,ch_09,radial,0.3215999901294708,0.3548514101964019,10.33937222869459,20.19419602020085,False,invalid: method_disagreement
TB_07+07_MidTop_RR,ch_10,radial,0.3215999901294708,0.35426714779519314,10.157698590902026,19.91154178887606,False,invalid: method_disagreement
TB_07+07_MidTop_RR,ch_11,radial,0.3215999901294708,0.37852149504037236,17.699473463287692,17.838765532493593,False,invalid: poor_band_rejection
TB_07+07_MidTop_RR,ch_12,radial,0.3215999901294708,0.37855844942459116,17.71096425475318,18.30984519803524,False,invalid: poor_band_rejection
TB_07+07_MidTop_RR,ch_13,radial,0.3215999901294708,0.35912794029934775,11.669139092563029,67.17792849817872,False,invalid: low_r_squared
TB_07+07_MidTop_RR,ch_14,radial,0.3215999901294708,0.3595321288563149,11.794819617865423,73.71036397768557,False,invalid: low_r_squared
TB_07+07_MidTop_RR,ch_15,radial,0.3215999901294708,0.376831729887016,17.17404895917746,20.382653614416718,False,invalid: poor_band_rejection
TB_07+07_MidTop_RR,ch_16,radial,0.3215999901294708,0.3764705882352941,17.061753666016376,18.247036719962956,False,invalid: poor_band_rejection
TB_07+07_MidTop_RR,ch_17,radial,0.3215999901294708,0.3397157840688827,5.633020676436823,34.01280087608099,True,quantitative
TB_07+07_MidTop_RR,ch_18,radial,0.3215999901294708,0.33966882289767475,5.6184183217573205,34.044092555120585,True,quantitative
TB_07+07_MidTop_RR,ch_19,radial,0.3215999901294708,0.3315100281783524,3.081479587388034,9.48469122889638,False,invalid: method_disagreement
TB_07+07_MidTop_RR,ch_20,radial,0.3215999901294708,0.36948477986624645,14.889549504494076,7.474691290587187,False,invalid: poor_band_rejection
TB_07+07_MidTop_RR,ch_01,axial,0.36250001192092896,0.36398102057366316,0.4085540976636585,30.762918261648416,False,invalid: method_disagreement
TB_07+07_MidTop_RR,ch_02,axial,0.36250001192092896,0.36465887788155665,0.5955492109331586,38.727735898574,False,invalid: low_r_squared
TB_07+07_MidTop_RR,ch_03,axial,0.36250001192092896,0.41647244300756825,14.888946017031342,70.87157620563447,False,invalid: poor_band_rejection
TB_07+07_MidTop_RR,ch_04,axial,0.36250001192092896,0.4164721828337872,14.888874244956165,70.69431369980514,False,invalid: poor_band_rejection
TB_07+07_MidTop_RR,ch_05,axial,0.36250001192092896,0.32145211626978787,-11.323557048625627,196.25953645405767,False,invalid: method_disagreement
TB_07+07_MidTop_RR,ch_06,axial,0.36250001192092896,0.3213427643698132,-11.353723089005934,196.11794394940136,False,invalid: method_disagreement
TB_07+07_MidTop_RR,ch_07,axial,0.36250001192092896,0.38912019922954194,7.343499705710236,19.753423149597648,False,invalid: poor_band_rejection
TB_07+07_MidTop_RR,ch_08,axial,0.36250001192092896,0.3958765498566926,9.207320507080148,14.832739237779377,False,invalid: low_r_squared
TB_07+07_MidTop_RR,ch_09,axial,0.36250001192092896,0.3548514101964019,-2.109959027034584,22.90405575320721,False,invalid: method_disagreement
TB_07+07_MidTop_RR,ch_10,axial,0.36250001192092896,0.35555597695523194,-1.915595789611089,31.64780979074836,False,invalid: method_disagreement
TB_07+07_MidTop_RR,ch_11,axial,0.36250001192092896,0.38585972514914957,6.444058609663163,24.850934567230944,True,quantitative
TB_07+07_MidTop_RR,ch_12,axial,0.36250001192092896,0.3861254320743585,6.517357069379324,24.88635081839561,True,quantitative
TB_07+07_MidTop_RR,ch_13,axial,0.36250001192092896,0.3596071686373432,-0.7980257071596322,83.89859775903226,False,invalid: method_disagreement
TB_07+07_MidTop_RR,ch_14,axial,0.36250001192092896,0.3597292873599304,-0.7643377847951347,90.05830671159625,False,invalid: method_disagreement
TB_07+07_MidTop_RR,ch_15,axial,0.36250001192092896,0.3845337670494439,6.07827707694562,26.302493364965915,True,quantitative
TB_07+07_MidTop_RR,ch_16,axial,0.36250001192092896,0.38418459774394986,5.9819545130803755,26.37328961729407,True,quantitative
TB_07+07_MidTop_RR,ch_17,axial,0.36250001192092896,0.3397157840688827,-6.285304028353002,39.329837543374296,True,quantitative
TB_07+07_MidTop_RR,ch_18,axial,0.36250001192092896,0.3397611101883032,-6.272800271682678,39.400525045698885,True,quantitative
TB_07+07_MidTop_RR,ch_19,axial,0.36250001192092896,0.3900947149968012,7.612331632665271,20.390625670552254,False,invalid: poor_band_rejection
TB_07+07_MidTop_RR,ch_20,axial,0.36250001192092896,0.38990034967905046,7.5587136157386565,18.974628123986722,False,invalid: poor_band_rejection
TB_07+07_MidTop_RR,ch_01,planar_rotation,0.41760000586509705,0.36744225669109926,-12.010955093281519,87.88329483430087,False,invalid: poor_band_rejection
TB_07+07_MidTop_RR,ch_02,planar_rotation,0.41760000586509705,0.3674414217391592,-12.011155033877376,87.80199646515906,False,invalid: poor_band_rejection
TB_07+07_MidTop_RR,ch_03,planar_rotation,0.41760000586509705,0.41740285933441723,-0.047209417603193644,108.3965671544051,True,quantitative
TB_07+07_MidTop_RR,ch_04,planar_rotation,0.41760000586509705,0.417304326402604,-0.07080446799336357,106.07168352175266,True,quantitative
TB_07+07_MidTop_RR,ch_05,planar_rotation,0.41760000586509705,0.35691341280605327,-14.532229934558044,51.13958903824389,False,invalid: low_r_squared
TB_07+07_MidTop_RR,ch_06,planar_rotation,0.41760000586509705,0.35709839218861744,-14.48793410602208,44.736945748320224,False,invalid: method_disagreement
TB_07+07_MidTop_RR,ch_07,planar_rotation,0.41760000586509705,0.40487674033736354,-3.046758943735186,25.977560044848918,False,invalid: poor_band_rejection
TB_07+07_MidTop_RR,ch_08,planar_rotation,0.41760000586509705,0.39689889662106737,-4.957162105672249,17.413586164569853,False,invalid: poor_band_rejection
TB_07+07_MidTop_RR,ch_09,planar_rotation,0.41760000586509705,0.35986115772678917,-13.826352329353183,118.3060399015814,False,invalid: method_disagreement
TB_07+07_MidTop_RR,ch_10,planar_rotation,0.41760000586509705,0.35955069107440574,-13.900697791044514,117.69442293299137,False,invalid: method_disagreement
TB_07+07_MidTop_RR,ch_11,planar_rotation,0.41760000586509705,0.38641476104387196,-7.467730934682812,31.401474201026556,False,invalid: poor_band_rejection
TB_07+07_MidTop_RR,ch_12,planar_rotation,0.41760000586509705,0.38589764616217903,-7.591561124919921,31.482989722171425,True,quantitative
TB_07+07_MidTop_RR,ch_13,planar_rotation,0.41760000586509705,0.36050326255452614,-13.672591596901377,147.54626703225375,False,invalid: method_disagreement
TB_07+07_MidTop_RR,ch_14,planar_rotation,0.41760000586509705,0.36571391419538873,-12.424830206173363,11.989672008392215,False,invalid: low_r_squared
TB_07+07_MidTop_RR,ch_15,planar_rotation,0.41760000586509705,0.3841654931956343,-8.006348706868442,32.910471822220096,True,quantitative
TB_07+07_MidTop_RR,ch_16,planar_rotation,0.41760000586509705,0.3856068666585737,-7.6611922311271545,29.810835778686403,False,invalid: poor_band_rejection
TB_07+07_MidTop_RR,ch_17,planar_rotation,0.41760000586509705,0.3408173730106723,-18.386645540237108,28.832357204943897,False,invalid: poor_band_rejection
TB_07+07_MidTop_RR,ch_18,planar_rotation,0.41760000586509705,0.3392768468226724,-18.755545484289684,28.750799923798443,False,invalid: method_disagreement
TB_07+07_MidTop_RR,ch_19,planar_rotation,0.41760000586509705,0.38975787178028987,-6.667177608661576,25.73297172141373,False,invalid: poor_band_rejection
TB_07+07_MidTop_RR,ch_20,planar_rotation,0.41760000586509705,0.38993360956456286,-6.625094806505256,25.44750035740435,False,invalid: poor_band_rejection
TB_07+07_Mid_AA,ch_01,radial,0.33399999141693115,0.38689504582305845,15.836843043537257,118.79160594731569,False,invalid: low_r_squared
TB_07+07_Mid_AA,ch_02,radial,0.33399999141693115,0.3867379591553529,15.789811105889855,118.79160594731569,False,invalid: method_disagreement
TB_07+07_Mid_AA,ch_03,radial,0.33399999141693115,0.33488907144754765,0.26619163277362484,195.34413678008318,False,invalid: method_disagreement
TB_07+07_Mid_AA,ch_04,radial,0.33399999141693115,0.33503358582838866,0.3094594125804252,195.57249257421492,False,invalid: method_disagreement
TB_07+07_Mid_AA,ch_05,radial,0.33399999141693115,0.3355663057173333,0.46895638941706896,191.6259486756325,False,invalid: method_disagreement
TB_07+07_Mid_AA,ch_06,radial,0.33399999141693115,0.335536337267775,0.4599837994983714,191.59321667647365,False,invalid: method_disagreement
TB_07+07_Mid_AA,ch_07,radial,0.33399999141693115,0.32252082275061883,-3.436876934521508,4.762105077624321,False,fast-decay
TB_07+07_Mid_AA,ch_08,radial,0.33399999141693115,0.3471197736779075,3.928078622193417,2.8050655279159553,False,fast-decay
TB_07+07_Mid_AA,ch_09,radial,0.33399999141693115,0.36658683220098737,9.756539407624762,14.938684016108512,False,invalid: poor_band_rejection
TB_07+07_Mid_AA,ch_10,radial,0.33399999141693115,0.36658683220098737,9.756539407624762,15.55838760018349,False,invalid: poor_band_rejection
TB_07+07_Mid_AA,ch_11,radial,0.33399999141693115,0.39951091453305065,19.614049341199657,32.78019535762072,False,invalid: poor_band_rejection
TB_07+07_Mid_AA,ch_12,radial,0.33399999141693115,0.4009932897196079,20.057874258759853,35.65035748386383,False,invalid: poor_band_rejection
TB_07+07_Mid_AA,ch_13,radial,0.33399999141693115,0.36173913043478256,8.305131655894185,13.340427257180211,False,invalid: low_r_squared
TB_07+07_Mid_AA,ch_14,radial,0.33399999141693115,0.360351703262384,7.889734288213833,12.622861675620081,False,invalid: low_r_squared
TB_07+07_Mid_AA,ch_15,radial,0.33399999141693115,0.40156895352311806,20.230228695377654,29.5509832406044,False,invalid: poor_band_rejection
TB_07+07_Mid_AA,ch_16,radial,0.33399999141693115,0.40133242364650634,20.15941136523094,28.50723326742649,False,invalid: poor_band_rejection
TB_07+07_Mid_AA,ch_17,radial,0.33399999141693115,0.35397648331949033,5.980985753266857,27.4634164942503,True,quantitative
TB_07+07_Mid_AA,ch_18,radial,0.33399999141693115,0.35397693081773723,5.981119734781349,27.49624869340658,True,quantitative
TB_07+07_Mid_AA,ch_19,radial,0.33399999141693115,0.3525511078918565,5.554226632230075,21.820887439250942,False,invalid: low_r_squared
TB_07+07_Mid_AA,ch_20,radial,0.33399999141693115,0.35772959756314593,7.104672681441235,38.29236421597004,True,quantitative
TB_07+07_Mid_AA,ch_01,axial,0.3815000057220459,0.3874048950587808,1.5478084529930738,226.32923130966904,False,invalid: method_disagreement
TB_07+07_Mid_AA,ch_02,axial,0.3815000057220459,0.38733701094122364,1.5300144512790586,220.3309410547018,False,invalid: method_disagreement
TB_07+07_Mid_AA,ch_03,axial,0.3815000057220459,0.42881080301340796,12.401257295348998,223.3113335494041,True,quantitative
TB_07+07_Mid_AA,ch_04,axial,0.3815000057220459,0.4288830427364797,12.420193002292178,223.05065459549428,False,invalid: method_disagreement
TB_07+07_Mid_AA,ch_05,axial,0.3815000057220459,0.3701208814798913,-2.982732390951842,16.72789780089855,False,invalid: method_disagreement
TB_07+07_Mid_AA,ch_06,axial,0.3815000057220459,0.3692307692307692,-3.2160514566848653,16.72785965089798,False,invalid: low_r_squared
TB_07+07_Mid_AA,ch_07,axial,0.3815000057220459,0.4108645221645607,7.69712083933998,24.588858018803595,True,quantitative
TB_07+07_Mid_AA,ch_08,axial,0.3815000057220459,0.41031349735169403,7.55268445543383,22.278989934158325,False,invalid: low_r_squared
TB_07+07_Mid_AA,ch_09,axial,0.3815000057220459,0.39384733241796005,3.2365207105423197,50.77967271163464,False,invalid: method_disagreement
TB_07+07_Mid_AA,ch_10,axial,0.3815000057220459,0.3683458325352507,-3.4480138897767354,6.035444540524484,False,invalid: poor_band_rejection
TB_07+07_Mid_AA,ch_11,axial,0.3815000057220459,0.40554672043057466,6.30320166392049,54.132676261925695,True,quantitative
TB_07+07_Mid_AA,ch_12,axial,0.3815000057220459,0.4051813112698603,6.2074194476076014,52.12079783174992,True,quantitative
TB_07+07_Mid_AA,ch_13,axial,0.3815000057220459,0.40209410610459273,5.398191369242423,44.334306414961816,False,invalid: method_disagreement
TB_07+07_Mid_AA,ch_14,axial,0.3815000057220459,0.4024472369314203,5.4907551494602584,43.477571852111815,False,invalid: low_r_squared
TB_07+07_Mid_AA,ch_15,axial,0.3815000057220459,0.4060695032092732,6.440235155626238,44.74419002110958,True,quantitative
TB_07+07_Mid_AA,ch_16,axial,0.3815000057220459,0.4060712955263302,6.440704963497826,44.5950998188734,True,quantitative
TB_07+07_Mid_AA,ch_17,axial,0.3815000057220459,0.35437030230230726,-7.111324511880834,32.44955118670464,True,quantitative
TB_07+07_Mid_AA,ch_18,axial,0.3815000057220459,0.35437073533149543,-7.111211004886949,32.52432518782616,True,quantitative
TB_07+07_Mid_AA,ch_19,axial,0.3815000057220459,0.41795910568693073,9.556775732121032,14.082691211223603,False,invalid: low_r_squared
TB_07+07_Mid_AA,ch_20,axial,0.3815000057220459,0.7876961855812215,106.47344004370025,2.6824409902334208,False,fast-decay
TB_07+07_Mid_AA,ch_01,planar_rotation,0.4300000071525574,0.38743266799240517,-9.899381035370535,256.15235016080084,False,invalid: method_disagreement
TB_07+07_Mid_AA,ch_02,planar_rotation,0.4300000071525574,0.3874049999199814,-9.905815470710893,256.1102101600999,False,invalid: method_disagreement
TB_07+07_Mid_AA,ch_03,planar_rotation,0.4300000071525574,0.429007637408465,-0.23078365757801356,254.38840843145968,False,invalid: method_disagreement
TB_07+07_Mid_AA,ch_04,planar_rotation,0.4300000071525574,0.429007549766791,-0.23080403936231955,253.42258971539437,False,invalid: method_disagreement
TB_07+07_Mid_AA,ch_05,planar_rotation,0.4300000071525574,0.37756789071125774,-12.193515248639875,38.17088563492894,False,invalid: poor_band_rejection
TB_07+07_Mid_AA,ch_06,planar_rotation,0.4300000071525574,0.3770801271702729,-12.306948628377423,38.21272463562489,False,invalid: poor_band_rejection
TB_07+07_Mid_AA,ch_07,planar_rotation,0.4300000071525574,0.41290350995510366,-3.9759295146681555,33.21582355250716,True,quantitative
TB_07+07_Mid_AA,ch_08,planar_rotation,0.4300000071525574,0.4130177497938472,-3.9493621107511125,31.746083528059724,False,invalid: poor_band_rejection
TB_07+07_Mid_AA,ch_09,planar_rotation,0.4300000071525574,0.40114011313609876,-6.711603148001707,60.930442013508085,False,invalid: method_disagreement
TB_07+07_Mid_AA,ch_10,planar_rotation,0.4300000071525574,0.40128784735583556,-6.677246353285566,60.76257001071571,False,invalid: method_disagreement
TB_07+07_Mid_AA,ch_11,planar_rotation,0.4300000071525574,0.4054719546107321,-5.70419817065796,58.747030977189546,True,quantitative
TB_07+07_Mid_AA,ch_12,planar_rotation,0.4300000071525574,0.4056211437291736,-5.669503027411463,57.19331195134521,True,quantitative
TB_07+07_Mid_AA,ch_13,planar_rotation,0.4300000071525574,0.4031513535000391,-6.243872838586436,54.50585490664243,False,invalid: method_disagreement
TB_07+07_Mid_AA,ch_14,planar_rotation,0.4300000071525574,0.405120725976341,-5.785879247064655,51.86010786263347,False,invalid: method_disagreement
TB_07+07_Mid_AA,ch_15,planar_rotation,0.4300000071525574,0.40671127837489024,-5.4159833465780975,48.83690681234598,True,quantitative
TB_07+07_Mid_AA,ch_16,planar_rotation,0.4300000071525574,0.4066441964941725,-5.431583783694822,48.24879580256343,True,quantitative
TB_07+07_Mid_AA,ch_17,planar_rotation,0.4300000071525574,0.35913652528965745,-16.479879228876072,47.87108379628062,False,invalid: method_disagreement
TB_07+07_Mid_AA,ch_18,planar_rotation,0.4300000071525574,0.35849245649142514,-16.62966266783397,47.913051796978706,False,invalid: method_disagreement
TB_07+07_Mid_AA,ch_19,planar_rotation,0.4300000071525574,0.427558725190905,-0.5677399816382461,40.73218067753315,False,invalid: poor_band_rejection
TB_07+07_Mid_AA,ch_20,planar_rotation,0.4300000071525574,0.4248349735869842,-1.2011705766648304,31.326188521075245,False,invalid: low_r_squared
TB_07+07_Mid_AR,ch_01,radial,0.33340001106262207,0.38337328686108624,14.9889844451978,187.04881515450955,False,invalid: poor_band_rejection
TB_07+07_Mid_AR,ch_02,radial,0.33340001106262207,0.383375305829779,14.989590014671645,180.73272864693402,False,invalid: poor_band_rejection
TB_07+07_Mid_AR,ch_03,radial,0.33340001106262207,0.34133362460469296,2.3796080620347473,3.093038586630821,False,fast-decay
TB_07+07_Mid_AR,ch_04,radial,0.33340001106262207,0.3344091625138003,0.30268488833034257,198.31415147830722,False,invalid: method_disagreement
TB_07+07_Mid_AR,ch_05,radial,0.33340001106262207,0.335359567560048,0.5877493798456552,188.83976666593554,False,invalid: method_disagreement
TB_07+07_Mid_AR,ch_06,radial,0.33340001106262207,0.33541801247967973,0.6052793491595354,188.80709346485136,False,invalid: method_disagreement
TB_07+07_Mid_AR,ch_07,radial,0.33340001106262207,0.291382568662221,-12.602711759511303,9.604787558698655,False,invalid: low_r_squared
TB_07+07_Mid_AR,ch_08,radial,0.33340001106262207,0.3326059053470822,-0.2381840699431587,189.8165953583479,False,invalid: method_disagreement
TB_07+07_Mid_AR,ch_09,radial,0.33340001106262207,0.3394877614661992,1.8259598684997238,49.163399011302,False,invalid: method_disagreement
TB_07+07_Mid_AR,ch_10,radial,0.33340001106262207,0.3408964264876523,2.2484748579153977,51.27958890151977,False,invalid: low_r_squared
TB_07+07_Mid_AR,ch_11,radial,0.33340001106262207,0.403980082025521,21.169786628963838,20.414249377369885,False,invalid: low_r_squared
TB_07+07_Mid_AR,ch_12,radial,0.33340001106262207,0.40259833464323663,20.755345316295486,20.251450151968,False,invalid: low_r_squared
TB_07+07_Mid_AR,ch_13,radial,0.33340001106262207,0.3411643276542202,2.3288291343637035,67.03800714440347,False,invalid: low_r_squared
TB_07+07_Mid_AR,ch_14,radial,0.33340001106262207,0.3423205146979117,2.6756158786131823,80.32199385118246,False,invalid: low_r_squared
TB_07+07_Mid_AR,ch_15,radial,0.33340001106262207,0.4013589798105585,20.383613225247256,31.484096604681017,False,invalid: poor_band_rejection
TB_07+07_Mid_AR,ch_16,radial,0.33340001106262207,0.4010814157672625,20.30036066553336,27.51173549287319,False,invalid: poor_band_rejection
TB_07+07_Mid_AR,ch_17,radial,0.33340001106262207,0.35404255319148936,6.191524128351043,25.916649819946286,True,quantitative
TB_07+07_Mid_AR,ch_18,radial,0.33340001106262207,0.35400782750640825,6.181108506296791,26.04687586426735,True,quantitative
TB_07+07_Mid_AR,ch_19,radial,0.33340001106262207,0.3451687875371056,3.5299268398263584,10.451323526787757,False,invalid: poor_band_rejection
TB_07+07_Mid_AR,ch_20,radial,0.33340001106262207,0.35152232090319846,5.435605650646634,22.921250760555267,False,invalid: method_disagreement
TB_07+07_Mid_AR,ch_01,axial,0.3833000063896179,0.3834889039871785,0.04928191870901421,225.5253064915109,True,quantitative
TB_07+07_Mid_AR,ch_02,axial,0.3833000063896179,0.3835271148510642,0.05925083685374364,224.66462932516333,True,quantitative
TB_07+07_Mid_AR,ch_03,axial,0.3833000063896179,0.4283692499417621,11.75821622771696,57.457234408813115,False,invalid: poor_band_rejection
TB_07+07_Mid_AR,ch_04,axial,0.3833000063896179,0.40337932732463383,5.238539160003463,79.20510182135045,False,invalid: method_disagreement
TB_07+07_Mid_AR,ch_05,axial,0.3833000063896179,0.37770372919481954,-1.4600253330311355,10.293713321596384,False,invalid: method_disagreement
TB_07+07_Mid_AR,ch_06,axial,0.3833000063896179,0.3777053143137724,-1.4596117877855186,10.33116173222065,False,invalid: low_r_squared
TB_07+07_Mid_AR,ch_07,axial,0.3833000063896179,0.42021638932384975,9.631198100400487,18.603504140120748,True,quantitative
TB_07+07_Mid_AR,ch_08,axial,0.3833000063896179,0.4154650764944524,8.391617419421394,16.357634412682053,False,invalid: low_r_squared
TB_07+07_Mid_AR,ch_09,axial,0.3833000063896179,0.40451438048622634,5.53466572996724,34.36207897281646,False,invalid: method_disagreement
TB_07+07_Mid_AR,ch_10,axial,0.3833000063896179,0.4062587748908179,5.989764706098855,33.31402176534533,False,invalid: low_r_squared
TB_07+07_Mid_AR,ch_11,axial,0.3833000063896179,0.410385087778439,7.066287747798672,40.72554901889563,True,quantitative
TB_07+07_Mid_AR,ch_12,axial,0.3833000063896179,0.4100125053814141,6.969083888989915,38.96620198956728,True,quantitative
TB_07+07_Mid_AR,ch_13,axial,0.3833000063896179,0.40248944401231435,5.0063755029502115,42.11037361198067,False,invalid: low_r_squared
TB_07+07_Mid_AR,ch_14,axial,0.3833000063896179,0.40369509008308246,5.320919215621742,40.50070523514747,False,invalid: method_disagreement
TB_07+07_Mid_AR,ch_15,axial,0.3833000063896179,0.40546147986538683,5.781756615271786,46.00336012687683,True,quantitative
TB_07+07_Mid_AR,ch_16,axial,0.3833000063896179,0.4054597309472747,5.781300336095434,45.703964491885905,True,quantitative
TB_07+07_Mid_AR,ch_17,axial,0.3833000063896179,0.3544128834146163,-7.536426426676955,32.26592622787357,False,invalid: poor_band_rejection
TB_07+07_Mid_AR,ch_18,axial,0.3833000063896179,0.3547934429278044,-7.437141400106599,32.45309162099361,False,invalid: poor_band_rejection
TB_07+07_Mid_AR,ch_19,axial,0.3833000063896179,0.41840819903898246,9.159455273704761,18.678400961369277,False,invalid: low_r_squared
TB_07+07_Mid_AR,ch_20,axial,0.3833000063896179,0.41195371994209107,7.4755317179272724,14.7854911064744,False,invalid: low_r_squared
TB_07+07_Mid_AR,ch_01,planar_rotation,0.42969998717308044,0.38364130491178844,-10.718800008420725,255.1339935450277,False,invalid: method_disagreement
TB_07+07_Mid_AR,ch_02,planar_rotation,0.42969998717308044,0.383533410494825,-10.743909252121961,255.1339935450277,False,invalid: method_disagreement
TB_07+07_Mid_AR,ch_03,planar_rotation,0.42969998717308044,0.4292231762256144,-0.11096368668821667,64.70677648644626,False,invalid: method_disagreement
TB_07+07_Mid_AR,ch_04,planar_rotation,0.42969998717308044,0.42918264980855103,-0.12039501512040611,64.62270568395584,True,quantitative
TB_07+07_Mid_AR,ch_05,planar_rotation,0.42969998717308044,0.38589924170799006,-10.193331806511718,32.5628369079709,False,invalid: poor_band_rejection
TB_07+07_Mid_AR,ch_06,planar_rotation,0.42969998717308044,0.3858965824723016,-10.19395066519635,32.35297143423557,False,invalid: poor_band_rejection
TB_07+07_Mid_AR,ch_07,planar_rotation,0.42969998717308044,0.422755520482505,-1.6161198272920312,29.03826573318243,False,invalid: poor_band_rejection
TB_07+07_Mid_AR,ch_08,planar_rotation,0.42969998717308044,0.4231400034866736,-1.526642746620457,26.01700215336978,False,invalid: poor_band_rejection
TB_07+07_Mid_AR,ch_09,planar_rotation,0.42969998717308044,0.40462223845322254,-5.83610646228778,43.347275306046,False,invalid: method_disagreement
TB_07+07_Mid_AR,ch_10,planar_rotation,0.42969998717308044,0.4073402716959612,-5.203564380864848,39.73865481376648,False,invalid: method_disagreement
TB_07+07_Mid_AR,ch_11,planar_rotation,0.42969998717308044,0.4099936939065176,-4.586058611778664,45.31964121716917,True,quantitative
TB_07+07_Mid_AR,ch_12,planar_rotation,0.42969998717308044,0.41000205001025003,-4.584113975059583,44.48039417222142,True,quantitative
TB_07+07_Mid_AR,ch_13,planar_rotation,0.42969998717308044,0.40470588235294125,-5.816640811318369,46.956110648319125,False,invalid: low_r_squared
TB_07+07_Mid_AR,ch_14,planar_rotation,0.42969998717308044,0.40454472284051074,-5.8541459351818235,53.124797724178435,False,invalid: low_r_squared
TB_07+07_Mid_AR,ch_15,planar_rotation,0.42969998717308044,0.40563416845896877,-5.600609595647513,49.13842797317505,True,quantitative
TB_07+07_Mid_AR,ch_16,planar_rotation,0.42969998717308044,0.40563563103383005,-5.600269224480434,48.67662939696014,True,quantitative
TB_07+07_Mid_AR,ch_17,planar_rotation,0.42969998717308044,0.3610277146207199,-15.981446265368346,53.2508287304163,False,invalid: method_disagreement
TB_07+07_Mid_AR,ch_18,planar_rotation,0.42969998717308044,0.3603286532507091,-16.14413218365515,52.66342884795069,False,invalid: method_disagreement
TB_07+07_Mid_AR,ch_19,planar_rotation,0.42969998717308044,0.42060035848092087,-2.1176702266212324,27.821398339506985,False,invalid: poor_band_rejection
TB_07+07_Mid_AR,ch_20,planar_rotation,0.42969998717308044,0.4203616455308831,-2.1732236260076725,27.024090013307333,True,quantitative
TB_07+07_Mid_RA,ch_01,radial,0.3370000123977661,0.38711944467855586,14.872234551028157,145.26526737410904,False,invalid: low_r_squared
TB_07+07_Mid_RA,ch_02,radial,0.3370000123977661,0.3871555605009097,14.882951411866497,138.68319544196365,False,invalid: low_r_squared
TB_07+07_Mid_RA,ch_03,radial,0.3370000123977661,0.33923515063701887,0.6632457439243614,193.70892142628432,False,invalid: method_disagreement
TB_07+07_Mid_RA,ch_04,radial,0.3370000123977661,0.33900544524515214,0.5950839090827634,199.6329435442209,False,invalid: method_disagreement
TB_07+07_Mid_RA,ch_05,radial,0.3370000123977661,0.37672135975862425,11.786749525093324,10.597066489851477,False,invalid: method_disagreement
TB_07+07_Mid_RA,ch_06,radial,0.3370000123977661,0.3778589754731739,12.124320941324275,10.597100189852716,False,invalid: method_disagreement
TB_07+07_Mid_RA,ch_07,radial,0.3370000123977661,0.33505901273920713,-0.5759642691846532,180.67676024684906,False,invalid: method_disagreement
TB_07+07_Mid_RA,ch_08,radial,0.3370000123977661,0.3360765819021446,-0.27401497378331025,180.44615113836525,False,invalid: method_disagreement
TB_07+07_Mid_RA,ch_09,radial,0.3370000123977661,0.37621166608863316,11.63550511819713,29.684915692067147,False,invalid: low_r_squared
TB_07+07_Mid_RA,ch_10,radial,0.3370000123977661,0.3763055235949265,11.663356009247721,30.639198627173897,False,invalid: low_r_squared
TB_07+07_Mid_RA,ch_11,radial,0.3370000123977661,0.3987255282207054,18.316176128232225,19.81189372885227,False,invalid: low_r_squared
TB_07+07_Mid_RA,ch_12,radial,0.3370000123977661,0.3987255282207055,18.316176128232257,19.976484534907343,False,invalid: low_r_squared
TB_07+07_Mid_RA,ch_13,radial,0.3370000123977661,0.3821564218346809,13.399527529873206,40.479464189183716,False,invalid: poor_band_rejection
TB_07+07_Mid_RA,ch_14,radial,0.3370000123977661,0.3817736184249038,13.285936017797754,40.31480598312616,False,invalid: poor_band_rejection
TB_07+07_Mid_RA,ch_15,radial,0.3370000123977661,0.3974432708178447,17.935684331292105,15.665243376302723,False,invalid: poor_band_rejection
TB_07+07_Mid_RA,ch_16,radial,0.3370000123977661,0.39638758778333455,17.62242528213097,15.632318475091457,False,invalid: poor_band_rejection
TB_07+07_Mid_RA,ch_17,radial,0.3370000123977661,0.3558343656922955,5.5888286651749155,27.282307803678513,True,quantitative
TB_07+07_Mid_RA,ch_18,radial,0.3370000123977661,0.3561760934606069,5.690231560053175,27.41407480852604,True,quantitative
TB_07+07_Mid_RA,ch_19,radial,0.3370000123977661,0.33752386775922016,0.15544668907481718,189.59519597494602,False,invalid: method_disagreement
TB_07+07_Mid_RA,ch_20,radial,0.3370000123977661,0.3373852463944195,0.11431275444545501,189.36478906646968,False,invalid: method_disagreement
TB_07+07_Mid_RA,ch_01,axial,0.3871999979019165,0.3876902994729724,0.12662747254975354,219.61499880999327,True,quantitative
TB_07+07_Mid_RA,ch_02,axial,0.3871999979019165,0.3877179452860934,0.13376740366307524,219.501549210608,True,quantitative
TB_07+07_Mid_RA,ch_03,axial,0.3871999979019165,0.4354306030995253,12.45625140985314,131.20922037702917,False,invalid: low_r_squared
TB_07+07_Mid_RA,ch_04,axial,0.3871999979019165,0.43568257863266435,12.52132773591316,134.00744119386675,False,invalid: low_r_squared
TB_07+07_Mid_RA,ch_05,axial,0.3871999979019165,0.38188128866548043,-1.3736335912334838,28.01875984817744,False,invalid: low_r_squared
TB_07+07_Mid_RA,ch_06,axial,0.3871999979019165,0.38198163256011436,-1.3477183290491737,28.05670544797182,False,invalid: low_r_squared
TB_07+07_Mid_RA,ch_07,axial,0.3871999979019165,0.40421098016671475,4.393332220292878,9.301860429596902,False,invalid: low_r_squared
TB_07+07_Mid_RA,ch_08,axial,0.3871999979019165,0.376801443371176,-2.6855771144334093,18.7170155785799,False,invalid: low_r_squared
TB_07+07_Mid_RA,ch_09,axial,0.3871999979019165,0.37976374626085296,-1.9205195458051767,58.38251904364824,False,invalid: low_r_squared
TB_07+07_Mid_RA,ch_10,axial,0.3871999979019165,0.3786883472185728,-2.19825690327091,51.91631779868603,False,invalid: low_r_squared
TB_07+07_Mid_RA,ch_11,axial,0.3871999979019165,0.40512978122991816,4.630625884596089,29.00217040284872,True,quantitative
TB_07+07_Mid_RA,ch_12,axial,0.3871999979019165,0.4051297812299181,4.630625884596074,29.11562000223398,True,quantitative
TB_07+07_Mid_RA,ch_13,axial,0.3871999979019165,0.38378407610089327,-0.8822112137223047,68.36499962955713,True,quantitative
TB_07+07_Mid_RA,ch_14,axial,0.3871999979019165,0.38400178735377394,-0.8259841336447322,68.28903098996878,True,quantitative
TB_07+07_Mid_RA,ch_15,axial,0.3871999979019165,0.4112456493637344,6.210137291351184,29.191124001824853,True,quantitative
TB_07+07_Mid_RA,ch_16,axial,0.3871999979019165,0.4112479043492207,6.2107196739695985,29.417868320596217,True,quantitative
TB_07+07_Mid_RA,ch_17,axial,0.3871999979019165,0.35796920813956895,-7.549274256388851,37.320852597773076,False,invalid: poor_band_rejection
TB_07+07_Mid_RA,ch_18,axial,0.3871999979019165,0.3583470428224716,-7.4516929844492905,37.43430219715834,False,invalid: poor_band_rejection
TB_07+07_Mid_RA,ch_19,axial,0.3871999979019165,0.41654228251286074,7.578069413723776,12.591589051771162,False,invalid: low_r_squared
TB_07+07_Mid_RA,ch_20,axial,0.3871999979019165,0.4119537199420911,6.393006759892882,7.713759638202191,False,invalid: method_disagreement
TB_07+07_Mid_RA,ch_01,planar_rotation,0.4320000112056732,0.3878529981729354,-10.219215714723589,251.39527852095662,False,invalid: method_disagreement
TB_07+07_Mid_RA,ch_02,planar_rotation,0.4320000112056732,0.3878791389289985,-10.213164613940014,251.3529425198585,True,quantitative
TB_07+07_Mid_RA,ch_03,planar_rotation,0.4320000112056732,0.43594792306985,0.9138684633730654,227.85453519033194,True,quantitative
TB_07+07_Mid_RA,ch_04,planar_rotation,0.4320000112056732,0.4359789783393187,0.9210571829710243,237.59959144310952,True,quantitative
TB_07+07_Mid_RA,ch_05,planar_rotation,0.4320000112056732,0.38570209882444045,-10.717109069515866,57.54343829262257,False,invalid: poor_band_rejection
TB_07+07_Mid_RA,ch_06,planar_rotation,0.4320000112056732,0.3855439523961171,-10.753717038085583,57.67001429590584,False,invalid: poor_band_rejection
TB_07+07_Mid_RA,ch_07,planar_rotation,0.4320000112056732,0.4107740156094126,-4.913424779092192,16.410946025684478,False,invalid: poor_band_rejection
TB_07+07_Mid_RA,ch_08,planar_rotation,0.4320000112056732,0.42313952602731225,-2.051038182529706,16.24216362130642,False,invalid: method_disagreement
TB_07+07_Mid_RA,ch_09,planar_rotation,0.4320000112056732,0.3823908606169213,-11.48359937544845,108.80127642220258,False,invalid: poor_band_rejection
TB_07+07_Mid_RA,ch_10,planar_rotation,0.4320000112056732,0.8359281937681553,93.50189168633463,2.7000000700354576,False,fast-decay
TB_07+07_Mid_RA,ch_11,planar_rotation,0.4320000112056732,0.40593396894736083,-6.033805921801807,34.12968568529189,True,quantitative
TB_07+07_Mid_RA,ch_12,planar_rotation,0.4320000112056732,0.40541477200650233,-6.1539903957349145,34.38283769185841,True,quantitative
TB_07+07_Mid_RA,ch_13,planar_rotation,0.4320000112056732,0.3851523759087188,-10.844359741150669,103.94991629636289,False,invalid: poor_band_rejection
TB_07+07_Mid_RA,ch_14,planar_rotation,0.4320000112056732,0.3853776701167144,-10.792208305467407,111.58555969442426,False,invalid: poor_band_rejection
TB_07+07_Mid_RA,ch_15,planar_rotation,0.4320000112056732,0.4116592182076872,-4.708516775547459,35.057708109363915,True,quantitative
TB_07+07_Mid_RA,ch_16,planar_rotation,0.4320000112056732,0.4125147261690849,-4.5104825303607345,36.49212094657123,True,quantitative
TB_07+07_Mid_RA,ch_17,planar_rotation,0.4320000112056732,0.36656002923020625,-15.148143582873958,74.54523073363305,False,invalid: method_disagreement
TB_07+07_Mid_RA,ch_18,planar_rotation,0.4320000112056732,0.36634755037574257,-15.197328501612889,74.62947073581815,False,invalid: method_disagreement
TB_07+07_Mid_RA,ch_19,planar_rotation,0.4320000112056732,0.42431014242677106,-1.7800621711653248,47.50315323218703,False,invalid: poor_band_rejection
TB_07+07_Mid_RA,ch_20,planar_rotation,0.4320000112056732,0.4230402659679037,-2.0740150475375456,36.196719338908785,False,invalid: low_r_squared
TB_07+07_Mid_RR,ch_01,radial,0.3361000120639801,0.3884775377128228,15.58391067206272,56.61832915125937,False,invalid: low_r_squared
TB_07+07_Mid_RR,ch_02,radial,0.3361000120639801,0.3888622086206863,15.698361994304955,52.22006053438783,False,invalid: method_disagreement
TB_07+07_Mid_RR,ch_03,radial,0.3361000120639801,0.347090440729685,3.269987584413634,199.32952336473764,False,invalid: method_disagreement
TB_07+07_Mid_RR,ch_04,radial,0.3361000120639801,0.3469739978882444,3.2353422891857333,198.44320746692418,False,invalid: method_disagreement
TB_07+07_Mid_RR,ch_05,radial,0.3361000120639801,0.37647058823529406,12.01147715627841,10.306204379931094,False,invalid: method_disagreement
TB_07+07_Mid_RR,ch_06,radial,0.3361000120639801,0.3764705882352941,12.011477156278428,10.339007741108539,False,invalid: method_disagreement
TB_07+07_Mid_RR,ch_07,radial,0.3361000120639801,0.33629270917406506,0.05733326485221271,150.78548949229716,False,invalid: method_disagreement
TB_07+07_Mid_RR,ch_08,radial,0.3361000120639801,0.33524562059397667,-0.25420750947214865,146.2558024097085,False,invalid: method_disagreement
TB_07+07_Mid_RR,ch_09,radial,0.3361000120639801,0.3788608628069043,12.72265671171241,32.494048336341976,False,invalid: low_r_squared
TB_07+07_Mid_RR,ch_10,radial,0.3361000120639801,0.37887159410223215,12.725849599228825,32.526650037512184,False,invalid: low_r_squared
TB_07+07_Mid_RR,ch_11,radial,0.3361000120639801,0.3955365893319388,17.684193732383545,8.960493541628123,False,invalid: poor_band_rejection
TB_07+07_Mid_RR,ch_12,radial,0.3361000120639801,0.3972422559829097,18.191681560335834,9.026133873984218,False,invalid: poor_band_rejection
TB_07+07_Mid_RR,ch_13,radial,0.3361000120639801,0.379262802350537,12.842245979550995,31.936021486312157,False,invalid: low_r_squared
TB_07+07_Mid_RR,ch_14,radial,0.3361000120639801,0.37885963250615645,12.722290659732739,31.83740974277258,False,invalid: low_r_squared
TB_07+07_Mid_RR,ch_15,radial,0.3361000120639801,0.396386714879036,17.937131999739318,16.247040973171593,False,invalid: poor_band_rejection
TB_07+07_Mid_RR,ch_16,radial,0.3361000120639801,0.3972413793103448,18.19142072352137,16.017283004924657,False,invalid: poor_band_rejection
TB_07+07_Mid_RR,ch_17,radial,0.3361000120639801,0.3545175765723877,5.479786922739419,26.257578172490003,True,quantitative
TB_07+07_Mid_RR,ch_18,radial,0.3361000120639801,0.35491758025080844,5.5988002116602775,26.356156306028364,True,quantitative
TB_07+07_Mid_RR,ch_19,radial,0.3361000120639801,0.33611304097481937,0.0038764981766151196,192.66654228557647,False,invalid: method_disagreement
TB_07+07_Mid_RR,ch_20,radial,0.3361000120639801,0.3372179116887099,0.3326092188645912,184.06702015690504,False,invalid: method_disagreement
TB_07+07_Mid_RR,ch_01,axial,0.38679999113082886,0.3897457166578054,0.761562976866818,211.90872326101658,False,invalid: method_disagreement
TB_07+07_Mid_RR,ch_02,axial,0.38679999113082886,0.38976466997362774,0.766463006922906,211.98426529928446,False,invalid: low_r_squared
TB_07+07_Mid_RR,ch_03,axial,0.38679999113082886,0.38766455178319076,0.22351620273679823,42.155060517401104,False,invalid: method_disagreement
TB_07+07_Mid_RR,ch_04,axial,0.38679999113082886,0.38827795436746887,0.3821001216466199,60.28605481366455,False,invalid: method_disagreement
TB_07+07_Mid_RR,ch_05,axial,0.38679999113082886,0.3818335182718908,-1.28398991024232,35.544791784971956,False,invalid: method_disagreement
TB_07+07_Mid_RR,ch_06,axial,0.38679999113082886,0.38092293144843703,-1.5194053301836832,35.507001425838475,False,invalid: low_r_squared
TB_07+07_Mid_RR,ch_07,axial,0.38679999113082886,0.3864136945013332,-0.09986986513786447,3.3996238020479685,False,fast-decay
TB_07+07_Mid_RR,ch_08,axial,0.38679999113082886,0.34133576060985316,-11.753937839568914,5.174958401340246,False,invalid: low_r_squared
TB_07+07_Mid_RR,ch_09,axial,0.38679999113082886,0.3811563144801284,-1.4590684540092447,69.27630389152168,False,invalid: low_r_squared
TB_07+07_Mid_RR,ch_10,axial,0.38679999113082886,0.38136936647717734,-1.4039877916684584,69.12521981498598,False,invalid: method_disagreement
TB_07+07_Mid_RR,ch_11,axial,0.38679999113082886,0.41451286294823053,7.164651616558141,26.592422030246254,True,quantitative
TB_07+07_Mid_RR,ch_12,axial,0.38679999113082886,0.4158420216159882,7.508281062844274,30.40731430277229,True,quantitative
TB_07+07_Mid_RR,ch_13,axial,0.38679999113082886,0.38123616589263015,-1.4384243448229117,52.35380427954793,False,invalid: low_r_squared
TB_07+07_Mid_RR,ch_14,axial,0.38679999113082886,0.38092079760333597,-1.5199569964582407,52.35364955955147,False,invalid: low_r_squared
TB_07+07_Mid_RR,ch_15,axial,0.38679999113082886,0.40897222134834993,5.732220973609504,25.45898201623559,True,quantitative
TB_07+07_Mid_RR,ch_16,axial,0.38679999113082886,0.4089709347502603,5.731888347415314,25.912543685835598,True,quantitative
TB_07+07_Mid_RR,ch_17,axial,0.38679999113082886,0.35758868199313437,-7.55204493472034,36.56451260159016,True,quantitative
TB_07+07_Mid_RR,ch_18,axial,0.38679999113082886,0.35758945696248345,-7.5518445806958185,36.86671943466067,True,quantitative
TB_07+07_Mid_RR,ch_19,axial,0.38679999113082886,0.41739130434782606,7.908819523899675,15.638207601422073,False,invalid: low_r_squared
TB_07+07_Mid_RR,ch_20,axial,0.38679999113082886,0.36141203682788653,-6.56358709541833,26.743583466780187,False,invalid: low_r_squared
TB_07+07_Mid_RR,ch_01,planar_rotation,0.42660000920295715,0.38996304751943467,-8.588129604585232,247.00306906854806,False,invalid: method_disagreement
TB_07+07_Mid_RR,ch_02,planar_rotation,0.42660000920295715,0.39004629589501405,-8.568615217856802,247.08638405034543,False,invalid: method_disagreement
TB_07+07_Mid_RR,ch_03,planar_rotation,0.42660000920295715,0.38987407686984504,-8.608985358844556,166.3070828457096,False,invalid: method_disagreement
TB_07+07_Mid_RR,ch_04,planar_rotation,0.42660000920295715,0.3898956978699076,-8.60391714515583,204.84271487703114,False,invalid: low_r_squared
TB_07+07_Mid_RR,ch_05,planar_rotation,0.42660000920295715,0.38487984717309454,-9.77969084150067,116.44004591193796,True,quantitative
TB_07+07_Mid_RR,ch_06,planar_rotation,0.42660000920295715,0.38493506182879283,-9.766747884513524,116.43991793193518,True,quantitative
TB_07+07_Mid_RR,ch_07,planar_rotation,0.42660000920295715,0.4151344170647921,-2.6876680475433945,13.331250287592413,False,invalid: low_r_squared
TB_07+07_Mid_RR,ch_08,planar_rotation,0.42660000920295715,0.43220815144573627,1.314613718189352,14.497702692756059,False,invalid: method_disagreement
TB_07+07_Mid_RR,ch_09,planar_rotation,0.42660000920295715,0.3832131823144926,-10.17037645393558,156.55874791741073,False,invalid: poor_band_rejection
TB_07+07_Mid_RR,ch_10,planar_rotation,0.42660000920295715,0.38324275202484515,-10.163444970176869,156.7255485210091,False,invalid: poor_band_rejection
TB_07+07_Mid_RR,ch_11,planar_rotation,0.42660000920295715,0.4160437194845352,-2.47451699266132,33.494414402568346,True,quantitative
TB_07+07_Mid_RR,ch_12,planar_rotation,0.42660000920295715,0.41615750426561443,-2.447844517596962,34.7861592304349,True,quantitative
TB_07+07_Mid_RR,ch_13,planar_rotation,0.42660000920295715,0.38306712503918255,-10.204613976710817,91.98562698438764,False,invalid: poor_band_rejection
TB_07+07_Mid_RR,ch_14,planar_rotation,0.42660000920295715,0.38289147501469695,-10.245788383812632,92.36048041247427,False,invalid: poor_band_rejection
TB_07+07_Mid_RR,ch_15,planar_rotation,0.42660000920295715,0.4096039412373711,-3.984075855352383,31.078407910448313,True,quantitative
TB_07+07_Mid_RR,ch_16,planar_rotation,0.42660000920295715,0.41124903185123757,-3.5984474966141593,31.99474473021627,True,quantitative
TB_07+07_Mid_RR,ch_17,planar_rotation,0.42660000920295715,0.3665595957911863,-14.074170678980533,73.11352513726354,False,invalid: method_disagreement
TB_07+07_Mid_RR,ch_18,planar_rotation,0.42660000920295715,0.3665608961113209,-14.07386586882897,73.27989914085269,False,invalid: method_disagreement
TB_07+07_Mid_RR,ch_19,planar_rotation,0.42660000920295715,0.42364162339470085,-0.6934800151044619,37.327287505254155,False,invalid: poor_band_rejection
TB_07+07_Mid_RR,ch_20,planar_rotation,0.42660000920295715,0.4221288092018633,-1.0481012434687171,32.74462222639322,False,invalid: poor_band_rejection
TB_07+13_MidTop_AA,ch_01,radial,0.28700000047683716,0.31869550618666886,11.043730194136272,282.5436280594331,True,quantitative
TB_07+13_MidTop_AA,ch_02,radial,0.28700000047683716,0.31872317860174304,11.05337215059209,282.6556470296192,True,quantitative
TB_07+13_MidTop_AA,ch_03,radial,0.28700000047683716,0.28884442456237747,0.642656474730273,278.00306706188917,False,invalid: method_disagreement
TB_07+13_MidTop_AA,ch_04,radial,0.28700000047683716,0.28880194357474887,0.6278547369051785,277.94710206179616,False,invalid: method_disagreement
TB_07+13_MidTop_AA,ch_05,radial,0.28700000047683716,0.3179987037549241,10.800941890795837,126.31917570987345,False,invalid: low_r_squared
TB_07+13_MidTop_AA,ch_06,radial,0.28700000047683716,0.3179839266037796,10.795793057652995,126.34710080991982,False,invalid: low_r_squared
TB_07+13_MidTop_AA,ch_07,radial,0.28700000047683716,0.33279999999999993,15.95818796065094,12.892585321420434,False,invalid: low_r_squared
TB_07+13_MidTop_AA,ch_08,radial,0.28700000047683716,0.3322135781551984,15.753859792070035,15.387017125564812,False,invalid: low_r_squared
TB_07+13_MidTop_AA,ch_09,radial,0.28700000047683716,0.32105644468007355,11.866356845523761,204.9076683404446,False,invalid: poor_band_rejection
TB_07+13_MidTop_AA,ch_10,radial,0.28700000047683716,0.3210393576899049,11.860403190422618,199.44244213136434,False,invalid: poor_band_rejection
TB_07+13_MidTop_AA,ch_11,radial,0.28700000047683716,0.33366584861005166,16.25987737131755,25.616730342561006,False,invalid: poor_band_rejection
TB_07+13_MidTop_AA,ch_12,radial,0.28700000047683716,0.33404057786716246,16.390445056505076,25.84107824293375,False,invalid: poor_band_rejection
TB_07+13_MidTop_AA,ch_13,radial,0.28700000047683716,0.3178711713552665,10.75650551468234,14.237869123655555,False,invalid: method_disagreement
TB_07+13_MidTop_AA,ch_14,radial,0.28700000047683716,0.3180122116689281,10.805648481033318,14.63025552430749,False,invalid: low_r_squared
TB_07+13_MidTop_AA,ch_15,radial,0.28700000047683716,0.3349063784442077,16.692117730932505,29.288321348661185,False,invalid: poor_band_rejection
TB_07+13_MidTop_AA,ch_16,radial,0.28700000047683716,0.3350532734704818,16.743300666831487,28.952244348102806,False,invalid: poor_band_rejection
TB_07+13_MidTop_AA,ch_17,radial,0.28700000047683716,0.30457465886325386,6.123574340493804,55.606077892386914,True,quantitative
TB_07+13_MidTop_AA,ch_18,radial,0.28700000047683716,0.3048871838569595,6.232468066342727,55.69016889252663,True,quantitative
TB_07+13_MidTop_AA,ch_19,radial,0.28700000047683716,0.3014247342438593,5.026039631726867,36.12712956002355,False,invalid: poor_band_rejection
TB_07+13_MidTop_AA,ch_20,radial,0.28700000047683716,0.31376038974745135,9.324177430715348,21.553039935809373,False,invalid: low_r_squared
TB_07+13_MidTop_AA,ch_01,axial,0.3158999979496002,0.31875515486852013,0.9038166943500365,309.9458831982464,True,quantitative
TB_07+13_MidTop_AA,ch_02,axial,0.3158999979496002,0.31875110243297283,0.9025338720728603,310.0074836978465,True,quantitative
TB_07+13_MidTop_AA,ch_03,axial,0.3158999979496002,0.28891924042092415,-8.540917285153219,304.9173554408848,False,invalid: method_disagreement
TB_07+13_MidTop_AA,ch_04,axial,0.3158999979496002,0.2888473333395204,-8.563679894165716,304.91726067088547,False,invalid: method_disagreement
TB_07+13_MidTop_AA,ch_05,axial,0.3158999979496002,0.3178947368421053,0.6314463138500284,150.7928422612548,False,invalid: low_r_squared
TB_07+13_MidTop_AA,ch_06,axial,0.3158999979496002,0.3179471635403629,0.6480422931466086,150.8543164008558,False,invalid: low_r_squared
TB_07+13_MidTop_AA,ch_07,axial,0.3158999979496002,0.339855605696571,7.583288351522152,23.13721082982421,False,invalid: poor_band_rejection
TB_07+13_MidTop_AA,ch_08,axial,0.3158999979496002,0.33959272383405403,7.500071553730694,25.851707922205332,True,quantitative
TB_07+13_MidTop_AA,ch_09,axial,0.3158999979496002,0.32110101065526964,1.6464111235920946,234.8578120556176,False,invalid: method_disagreement
TB_07+13_MidTop_AA,ch_10,axial,0.3158999979496002,0.31716832122807576,0.40149518414301755,7.959195218339564,False,invalid: low_r_squared
TB_07+13_MidTop_AA,ch_11,axial,0.3158999979496002,0.3398431176849887,7.579335198099131,36.12461790552735,True,quantitative
TB_07+13_MidTop_AA,ch_12,axial,0.3158999979496002,0.34010854058506024,7.663356376254973,35.72367762812972,True,quantitative
TB_07+13_MidTop_AA,ch_13,axial,0.3158999979496002,0.32288269671628295,2.2104143121256907,14.900371103286743,False,invalid: method_disagreement
TB_07+13_MidTop_AA,ch_14,axial,0.3158999979496002,0.3214132540781817,1.74525361328464,64.32134628251195,False,invalid: low_r_squared
TB_07+13_MidTop_AA,ch_15,axial,0.3158999979496002,0.3385135306679154,7.158446617629615,35.04490330253541,True,quantitative
TB_07+13_MidTop_AA,ch_16,axial,0.3158999979496002,0.3385138489776882,7.158547380458004,35.29168438093364,True,quantitative
TB_07+13_MidTop_AA,ch_17,axial,0.3158999979496002,0.30493877862182434,-3.469838366230276,66.04887701129913,True,quantitative
TB_07+13_MidTop_AA,ch_18,axial,0.3158999979496002,0.3050222642044753,-3.4434105146339307,66.07983521109819,True,quantitative
TB_07+13_MidTop_AA,ch_19,axial,0.3158999979496002,0.31419773891881697,-0.538860095546703,23.260601369023323,False,invalid: method_disagreement
TB_07+13_MidTop_AA,ch_20,axial,0.3158999979496002,0.34267699266671237,8.476414970216062,16.905577930271622,False,invalid: low_r_squared
TB_07+13_MidTop_AA,ch_01,planar_rotation,0.3553999960422516,0.318807244084707,-10.296216197254617,346.41054408235846,False,invalid: method_disagreement
TB_07+13_MidTop_AA,ch_02,planar_rotation,0.3553999960422516,0.3188431465539896,-10.28611420803616,346.44551544196906,False,invalid: method_disagreement
TB_07+13_MidTop_AA,ch_03,planar_rotation,0.3553999960422516,0.3188758563145392,-10.276910561183643,217.89058427356184,False,invalid: method_disagreement
TB_07+13_MidTop_AA,ch_04,planar_rotation,0.3553999960422516,0.31881916742806654,-10.292861289125097,217.4740554782003,False,invalid: method_disagreement
TB_07+13_MidTop_AA,ch_05,planar_rotation,0.3553999960422516,0.31816868801466924,-10.47588870067295,256.3461077453196,True,quantitative
TB_07+13_MidTop_AA,ch_06,planar_rotation,0.3553999960422516,0.3181686436149763,-10.475901193552357,256.13773672764006,True,quantitative
TB_07+13_MidTop_AA,ch_07,planar_rotation,0.3553999960422516,0.3392411552292139,-4.546663194424083,29.22301345457137,False,invalid: poor_band_rejection
TB_07+13_MidTop_AA,ch_08,planar_rotation,0.3553999960422516,0.3396598118284642,-4.428864487639472,29.014784596890212,True,quantitative
TB_07+13_MidTop_AA,ch_09,planar_rotation,0.3553999960422516,0.32288269671628295,-9.14949344065351,9.440312394872306,False,invalid: method_disagreement
TB_07+13_MidTop_AA,ch_10,planar_rotation,0.3553999960422516,0.32240491244252106,-9.283929084739752,268.7363467273414,False,invalid: method_disagreement
TB_07+13_MidTop_AA,ch_11,planar_rotation,0.3553999960422516,0.34075122539382985,-4.12177006515223,42.932319521904,True,quantitative
TB_07+13_MidTop_AA,ch_12,planar_rotation,0.3553999960422516,0.3405038460324657,-4.191375963891391,43.45301605610549,True,quantitative
TB_07+13_MidTop_AA,ch_13,planar_rotation,0.3553999960422516,0.3214018502282327,-9.56616381334372,95.75638051365314,False,invalid: method_disagreement
TB_07+13_MidTop_AA,ch_14,planar_rotation,0.3553999960422516,0.3212135802042071,-9.619137934368535,101.41367319065333,False,invalid: low_r_squared
TB_07+13_MidTop_AA,ch_15,planar_rotation,0.3553999960422516,0.33828664215764703,-4.815237500050518,40.91947610431909,True,quantitative
TB_07+13_MidTop_AA,ch_16,planar_rotation,0.3553999960422516,0.3385897098011655,-4.729962416512694,40.017079974368215,True,quantitative
TB_07+13_MidTop_AA,ch_17,planar_rotation,0.3553999960422516,0.30725914502188484,-13.545540674300835,122.51565457566083,False,invalid: method_disagreement
TB_07+13_MidTop_AA,ch_18,planar_rotation,0.3553999960422516,0.30725905424481337,-13.545566216527194,121.37034254841508,False,invalid: low_r_squared
TB_07+13_MidTop_AA,ch_19,planar_rotation,0.3553999960422516,0.3426769926667123,-3.5799109502597486,19.540033942401404,False,invalid: low_r_squared
TB_07+13_MidTop_AA,ch_20,planar_rotation,0.3553999960422516,0.3456539773250991,-2.7422675367711093,25.683193953990937,False,invalid: poor_band_rejection
TB_07+13_MidTop_AR,ch_01,radial,0.28690001368522644,0.31370258066077605,9.342128162097671,278.10231083557306,False,invalid: low_r_squared
TB_07+13_MidTop_AR,ch_02,radial,0.28690001368522644,0.31371186040317545,9.345362648663286,278.80294935899377,True,quantitative
TB_07+13_MidTop_AR,ch_03,radial,0.28690001368522644,0.288536149074885,0.5702806941841624,285.2747796187022,False,invalid: method_disagreement
TB_07+13_MidTop_AR,ch_04,radial,0.28690001368522644,0.2885222420227219,0.5654333426680537,285.27496897271124,False,invalid: method_disagreement
TB_07+13_MidTop_AR,ch_05,radial,0.28690001368522644,0.2997062878379188,4.463671502903037,6.5000640900552265,True,quantitative
TB_07+13_MidTop_AR,ch_06,radial,0.28690001368522644,0.29941554086423305,4.362330631583056,6.528094221392275,True,quantitative
TB_07+13_MidTop_AR,ch_07,radial,0.28690001368522644,0.2861144337518859,-0.2738166245619125,120.44736789537967,False,invalid: method_disagreement
TB_07+13_MidTop_AR,ch_08,radial,0.28690001368522644,0.26947350267048237,-6.074071168871969,6.8082807747572645,False,invalid: method_disagreement
TB_07+13_MidTop_AR,ch_09,radial,0.28690001368522644,0.3119122610718898,8.718106027734683,44.35167228558957,False,invalid: low_r_squared
TB_07+13_MidTop_AR,ch_10,radial,0.28690001368522644,0.31191329606743695,8.718466779040988,44.74383591429591,False,invalid: low_r_squared
TB_07+13_MidTop_AR,ch_11,radial,0.28690001368522644,0.33526798928291923,16.858826521618756,31.211422138795253,False,invalid: poor_band_rejection
TB_07+13_MidTop_AR,ch_12,radial,0.28690001368522644,0.33512813065528724,16.810078309363373,31.239538340136413,False,invalid: poor_band_rejection
TB_07+13_MidTop_AR,ch_13,radial,0.28690001368522644,0.3130134742137874,9.101937707542755,71.44473079793751,True,quantitative
TB_07+13_MidTop_AR,ch_14,radial,0.28690001368522644,0.31313847715471804,9.14550791840646,71.55688001328707,True,quantitative
TB_07+13_MidTop_AR,ch_15,radial,0.28690001368522644,0.3351272987250268,16.8097883371707,23.842911707314848,False,invalid: poor_band_rejection
TB_07+13_MidTop_AR,ch_16,radial,0.28690001368522644,0.33573773201414236,17.022556988267848,23.758735243299604,False,invalid: poor_band_rejection
TB_07+13_MidTop_AR,ch_17,radial,0.28690001368522644,0.3023381915575346,5.381030720077354,44.51991045361459,True,quantitative
TB_07+13_MidTop_AR,ch_18,radial,0.28690001368522644,0.30216551955682386,5.320845292236909,44.519738313606375,True,quantitative
TB_07+13_MidTop_AR,ch_19,radial,0.28690001368522644,0.29648144938377463,3.339642816838797,13.140250146794317,False,invalid: poor_band_rejection
TB_07+13_MidTop_AR,ch_20,radial,0.28690001368522644,0.2986279490714116,4.087812766385057,30.371034618708496,False,invalid: method_disagreement
TB_07+13_MidTop_AR,ch_01,axial,0.31049999594688416,0.3137547926562325,1.0482437203977115,300.9786377711713,True,quantitative
TB_07+13_MidTop_AR,ch_02,axial,0.31049999594688416,0.31372302150265874,1.038011464684828,300.857542772752,False,invalid: method_disagreement
TB_07+13_MidTop_AR,ch_03,axial,0.31049999594688416,0.2906933447145427,-6.378953781284322,303.3135666906923,False,invalid: method_disagreement
TB_07+13_MidTop_AR,ch_04,axial,0.31049999594688416,0.3531037822459419,13.721026362379018,6.7315157121300695,False,invalid: method_disagreement
TB_07+13_MidTop_AR,ch_05,axial,0.31049999594688416,0.3027950737994175,-2.481456440593545,11.61344504840374,False,invalid: low_r_squared
TB_07+13_MidTop_AR,ch_06,axial,0.31049999594688416,0.3029586946115767,-2.4287605261668044,11.643749848008156,False,invalid: method_disagreement
TB_07+13_MidTop_AR,ch_07,axial,0.31049999594688416,0.337582370098304,8.722181805133648,15.737257594573498,False,invalid: low_r_squared
TB_07+13_MidTop_AR,ch_08,axial,0.31049999594688416,0.33999999999999997,9.500806582349279,17.34434347359538,False,invalid: low_r_squared
TB_07+13_MidTop_AR,ch_09,axial,0.31049999594688416,0.3117103613850551,0.3898117404091647,48.21235902065933,False,invalid: low_r_squared
TB_07+13_MidTop_AR,ch_10,axial,0.31049999594688416,0.31129628689065797,0.25645441358074356,39.20667923821509,False,invalid: low_r_squared
TB_07+13_MidTop_AR,ch_11,axial,0.31049999594688416,0.3379537239965732,8.84178048568652,37.17482936473787,True,quantitative
TB_07+13_MidTop_AR,ch_12,axial,0.31049999594688416,0.33815537112118443,8.906723199774586,36.7806496198833,True,quantitative
TB_07+13_MidTop_AR,ch_13,axial,0.31049999594688416,0.3130134742137874,0.8094938163326755,77.17005439265967,True,quantitative
TB_07+13_MidTop_AR,ch_14,axial,0.31049999594688416,0.3130492521212176,0.8210164919839568,76.7758125478059,True,quantitative
TB_07+13_MidTop_AR,ch_15,axial,0.31049999594688416,0.3391473398267285,9.226197827308484,29.8066955109179,True,quantitative
TB_07+13_MidTop_AR,ch_16,axial,0.31049999594688416,0.3392159024415065,9.248279185013148,30.018953308147193,True,quantitative
TB_07+13_MidTop_AR,ch_17,axial,0.31049999594688416,0.30214417268984506,-2.691086430309806,48.69726686432958,True,quantitative
TB_07+13_MidTop_AR,ch_18,axial,0.31049999594688416,0.3023371979914294,-2.6289204708560265,48.758124863535166,True,quantitative
TB_07+13_MidTop_AR,ch_19,axial,0.31049999594688416,0.3400730779258565,9.524342146539443,9.430226426902413,False,invalid: method_disagreement
TB_07+13_MidTop_AR,ch_20,axial,0.31049999594688416,0.3400743629273602,9.52475599566037,9.49086707611084,False,invalid: method_disagreement
TB_07+13_MidTop_AR,ch_01,planar_rotation,0.35589998960494995,0.31396483573184225,-11.782847737550048,345.1604226986289,False,invalid: method_disagreement
TB_07+13_MidTop_AR,ch_02,planar_rotation,0.35589998960494995,0.3139133872559867,-11.79730361767318,344.9518653047204,False,invalid: method_disagreement
TB_07+13_MidTop_AR,ch_03,planar_rotation,0.35589998960494995,0.35906657338395115,0.8897397784462188,351.5204302518672,True,quantitative
TB_07+13_MidTop_AR,ch_04,planar_rotation,0.35589998960494995,0.35902907491095615,0.8792035395897287,348.70532895509,False,invalid: method_disagreement
TB_07+13_MidTop_AR,ch_05,planar_rotation,0.35589998960494995,0.31116135790816596,-12.570562799522419,39.55198441477418,False,invalid: poor_band_rejection
TB_07+13_MidTop_AR,ch_06,planar_rotation,0.35589998960494995,0.31141576936181753,-12.499078826192168,39.5866490737617,False,invalid: poor_band_rejection
TB_07+13_MidTop_AR,ch_07,planar_rotation,0.35589998960494995,0.3417905999382042,-3.9644254225483984,28.082502219772337,False,invalid: poor_band_rejection
TB_07+13_MidTop_AR,ch_08,planar_rotation,0.35589998960494995,0.3417587411126905,-3.9733770456010067,29.19479645728469,False,invalid: poor_band_rejection
TB_07+13_MidTop_AR,ch_09,planar_rotation,0.35589998960494995,0.31244220449140714,-12.210673330387305,72.01415631662607,False,invalid: method_disagreement
TB_07+13_MidTop_AR,ch_10,planar_rotation,0.35589998960494995,0.31216240472078743,-12.289290857443229,64.99317486169338,False,invalid: method_disagreement
TB_07+13_MidTop_AR,ch_11,planar_rotation,0.35589998960494995,0.3381550779187336,-4.985926441277293,42.71468967239856,True,quantitative
TB_07+13_MidTop_AR,ch_12,planar_rotation,0.35589998960494995,0.33823434905108357,-4.963653012037256,43.16664706919789,True,quantitative
TB_07+13_MidTop_AR,ch_13,planar_rotation,0.35589998960494995,0.31310653271874317,-12.024011839311276,101.97363949157595,False,invalid: method_disagreement
TB_07+13_MidTop_AR,ch_14,planar_rotation,0.35589998960494995,0.313215189512986,-11.99348169111896,100.61822997116447,False,invalid: poor_band_rejection
TB_07+13_MidTop_AR,ch_15,planar_rotation,0.35589998960494995,0.33921518327160327,-4.688060359840658,35.589998960494995,True,quantitative
TB_07+13_MidTop_AR,ch_16,planar_rotation,0.35589998960494995,0.3392796373614737,-4.669950190761423,35.52042051252723,True,quantitative
TB_07+13_MidTop_AR,ch_17,planar_rotation,0.35589998960494995,0.3042492264349892,-14.512718369925567,80.2163698370576,False,invalid: method_disagreement
TB_07+13_MidTop_AR,ch_18,planar_rotation,0.35589998960494995,0.30438399267297755,-14.47485204738424,79.83413324822187,False,invalid: method_disagreement
TB_07+13_MidTop_AR,ch_19,planar_rotation,0.35589998960494995,0.3473539272529723,-2.401253891989092,26.762006488341093,False,invalid: poor_band_rejection
TB_07+13_MidTop_AR,ch_20,planar_rotation,0.35589998960494995,0.34536230232325216,-2.9608563049958665,21.757162884521485,False,invalid: poor_band_rejection
TB_07+13_MidTop_RA,ch_01,radial,0.28760001063346863,0.31978527484744906,11.190981579969026,168.20656187912076,True,quantitative
TB_07+13_MidTop_RA,ch_02,radial,0.28760001063346863,0.31973150804459943,11.17228658662351,169.07712711130824,True,quantitative
TB_07+13_MidTop_RA,ch_03,radial,0.28760001063346863,0.3200003413336974,11.265761301212658,9.184100823564828,False,invalid: method_disagreement
TB_07+13_MidTop_RA,ch_04,radial,0.28760001063346863,0.3413342071489036,18.683655955742104,4.718423294454812,False,fast-decay
TB_07+13_MidTop_RA,ch_05,radial,0.28760001063346863,0.31566015270375547,9.756655435610552,23.395398065000776,False,invalid: method_disagreement
TB_07+13_MidTop_RA,ch_06,radial,0.28760001063346863,0.3154839523829555,9.695389679600371,23.36732830396295,False,invalid: method_disagreement
TB_07+13_MidTop_RA,ch_07,radial,0.28760001063346863,0.2925687536571095,1.7276574547743224,2.836685184881092,False,fast-decay
TB_07+13_MidTop_RA,ch_08,radial,0.28760001063346863,0.28652135051215694,-0.37505566113708827,93.24507148756086,False,invalid: method_disagreement
TB_07+13_MidTop_RA,ch_09,radial,0.28760001063346863,0.31491018272934823,9.495887025777968,54.26192540623247,False,invalid: low_r_squared
TB_07+13_MidTop_RA,ch_10,radial,0.28760001063346863,0.31491103763186906,9.496184279772828,54.40244677142799,False,invalid: method_disagreement
TB_07+13_MidTop_RA,ch_11,radial,0.28760001063346863,0.333486998911263,15.955141370378792,15.784293863594533,False,invalid: poor_band_rejection
TB_07+13_MidTop_RA,ch_12,radial,0.28760001063346863,0.3341267205069292,16.177575852998306,15.924728948786857,False,invalid: poor_band_rejection
TB_07+13_MidTop_RA,ch_13,radial,0.28760001063346863,0.31589769509554466,9.839250144583609,71.87176033732294,False,invalid: low_r_squared
TB_07+13_MidTop_RA,ch_14,radial,0.28760001063346863,0.31582450846774096,9.813802778416097,71.6751569700539,False,invalid: low_r_squared
TB_07+13_MidTop_RA,ch_15,radial,0.28760001063346863,0.3351275067072047,16.52555435205022,16.823478982016443,False,invalid: poor_band_rejection
TB_07+13_MidTop_RA,ch_16,radial,0.28760001063346863,0.3341267205069292,16.177575852998306,16.17750059813261,False,invalid: poor_band_rejection
TB_07+13_MidTop_RA,ch_17,radial,0.28760001063346863,0.3063254326377871,6.510925351871098,47.21238898558914,True,quantitative
TB_07+13_MidTop_RA,ch_18,radial,0.28760001063346863,0.30632639014354207,6.511258281537148,47.240286186620594,True,quantitative
TB_07+13_MidTop_RA,ch_19,radial,0.28760001063346863,0.3027045352923218,5.2519207581334495,35.0231527749151,True,quantitative
TB_07+13_MidTop_RA,ch_20,radial,0.28760001063346863,0.3016859070445383,4.897738487576557,34.62988852037489,False,invalid: poor_band_rejection
TB_07+13_MidTop_RA,ch_01,axial,0.3172999918460846,0.3198391642334386,0.8002434455106175,185.29808036224483,True,quantitative
TB_07+13_MidTop_RA,ch_02,axial,0.3172999918460846,0.3198380132838236,0.7998807131927543,185.42202408505977,True,quantitative
TB_07+13_MidTop_RA,ch_03,axial,0.3172999918460846,0.35819635944159256,12.888865000458594,187.8388886039516,True,quantitative
TB_07+13_MidTop_RA,ch_04,axial,0.3172999918460846,0.3581130200637211,12.862599831844312,188.55154438563792,True,quantitative
TB_07+13_MidTop_RA,ch_05,axial,0.3172999918460846,0.3157730439889895,-0.48123160930801645,35.913060167112945,False,invalid: method_disagreement
TB_07+13_MidTop_RA,ch_06,axial,0.3172999918460846,0.3159363889957498,-0.4297519336200539,35.91286978711784,False,invalid: method_disagreement
TB_07+13_MidTop_RA,ch_07,axial,0.3172999918460846,0.34565447514528286,8.936175237266445,9.140968545097111,False,invalid: method_disagreement
TB_07+13_MidTop_RA,ch_08,axial,0.3172999918460846,0.3349538720667611,5.563782122389719,7.994468484559654,False,invalid: method_disagreement
TB_07+13_MidTop_RA,ch_09,axial,0.3172999918460846,0.31466700231146916,-0.8298107791608907,60.2063407928288,False,invalid: method_disagreement
TB_07+13_MidTop_RA,ch_10,axial,0.3172999918460846,0.31474407779171215,-0.805519735283278,59.92743409999609,False,invalid: method_disagreement
TB_07+13_MidTop_RA,ch_11,axial,0.3172999918460846,0.34019911854408386,7.216869614389128,20.203093350824712,True,quantitative
TB_07+13_MidTop_RA,ch_12,axial,0.3172999918460846,0.34079235846163086,7.403834610541657,20.605905690473314,False,invalid: poor_band_rejection
TB_07+13_MidTop_RA,ch_13,axial,0.3172999918460846,0.3158980838935054,-0.44182413760012107,79.04583742869495,False,invalid: method_disagreement
TB_07+13_MidTop_RA,ch_14,axial,0.3172999918460846,0.31569962071523777,-0.5043716268430062,78.9218683218807,False,invalid: low_r_squared
TB_07+13_MidTop_RA,ch_15,axial,0.3172999918460846,0.3418511238355696,7.737514220105693,22.093154212254284,False,invalid: poor_band_rejection
TB_07+13_MidTop_RA,ch_16,axial,0.3172999918460846,0.34133346572934425,7.574369524383026,21.783374230214957,True,quantitative
TB_07+13_MidTop_RA,ch_17,axial,0.3172999918460846,0.3064787811519155,-3.4104037101325293,54.132996838900446,True,quantitative
TB_07+13_MidTop_RA,ch_18,axial,0.3172999918460846,0.3068405590273997,-3.2963860975321215,54.164092238101354,True,quantitative
TB_07+13_MidTop_RA,ch_19,axial,0.3172999918460846,0.3031912344480012,-4.446504179214485,33.77487071205973,False,invalid: low_r_squared
TB_07+13_MidTop_RA,ch_20,axial,0.3172999918460846,0.2993451824134706,-5.6586227210883475,26.616963656002284,False,invalid: low_r_squared
TB_07+13_MidTop_RA,ch_01,planar_rotation,0.3564999997615814,0.319945637063059,-10.253678183161034,206.031652712211,False,invalid: method_disagreement
TB_07+13_MidTop_RA,ch_02,planar_rotation,0.3564999997615814,0.32000045259732524,-10.238302156708611,202.79402666437628,False,invalid: method_disagreement
TB_07+13_MidTop_RA,ch_03,planar_rotation,0.3564999997615814,0.35840009175042353,0.5329851304664369,210.59232868916098,True,quantitative
TB_07+13_MidTop_RA,ch_04,planar_rotation,0.3564999997615814,0.358400207967694,0.5330177299813181,209.72220131474288,True,quantitative
TB_07+13_MidTop_RA,ch_05,planar_rotation,0.3564999997615814,0.31767725207825126,-10.889971306954804,106.49724492877722,True,quantitative
TB_07+13_MidTop_RA,ch_06,planar_rotation,0.3564999997615814,0.3176519170293193,-10.897077912550577,106.53207497875393,True,quantitative
TB_07+13_MidTop_RA,ch_07,planar_rotation,0.3564999997615814,0.34777366889628225,-2.4477786454796995,19.496093736961484,False,invalid: low_r_squared
TB_07+13_MidTop_RA,ch_08,planar_rotation,0.3564999997615814,0.3401403168317541,-4.588971371884509,20.958278485983612,False,invalid: poor_band_rejection
TB_07+13_MidTop_RA,ch_09,planar_rotation,0.3564999997615814,0.3165514593603105,-11.205761690880099,124.53115391671659,False,invalid: poor_band_rejection
TB_07+13_MidTop_RA,ch_10,planar_rotation,0.3564999997615814,0.316551919016145,-11.205632755162059,124.1481659669727,False,invalid: poor_band_rejection
TB_07+13_MidTop_RA,ch_11,planar_rotation,0.3564999997615814,0.3418511238355696,-4.10908160892248,24.230841533794997,True,quantitative
TB_07+13_MidTop_RA,ch_12,planar_rotation,0.3564999997615814,0.34133346572934425,-4.254287248914496,24.613793833538892,True,quantitative
TB_07+13_MidTop_RA,ch_13,planar_rotation,0.3564999997615814,0.31700356509135436,-11.078943813924635,135.77605515919626,False,invalid: poor_band_rejection
TB_07+13_MidTop_RA,ch_14,planar_rotation,0.3564999997615814,0.3169206603774339,-11.102198993160517,134.38356616012751,False,invalid: poor_band_rejection
TB_07+13_MidTop_RA,ch_15,planar_rotation,0.3564999997615814,0.3418290230675142,-4.1152809828552,25.344832733049987,True,quantitative
TB_07+13_MidTop_RA,ch_16,planar_rotation,0.3564999997615814,0.34232558139534885,-3.975993934281087,25.205583833143116,True,quantitative
TB_07+13_MidTop_RA,ch_17,planar_rotation,0.3564999997615814,0.3111875825781632,-12.710355459669584,111.4061073254943,False,invalid: poor_band_rejection
TB_07+13_MidTop_RA,ch_18,planar_rotation,0.3564999997615814,0.3110971972434824,-12.735708989751283,110.77938032591344,False,invalid: poor_band_rejection
TB_07+13_MidTop_RA,ch_19,planar_rotation,0.3564999997615814,0.6826637539679834,91.49053420042985,2.7851562481373535,False,fast-decay
TB_07+13_MidTop_RA,ch_20,planar_rotation,0.3564999997615814,0.34965850019813977,-1.9190742126275133,22.977530134633184,False,invalid: low_r_squared
TB_07+13_MidTop_RR,ch_01,radial,0.28700000047683716,0.3161579918768473,10.159578868141283,164.24008397287724,True,quantitative
TB_07+13_MidTop_RR,ch_02,radial,0.28700000047683716,0.3162123105668667,10.178505240938907,164.60445917348267,True,quantitative
TB_07+13_MidTop_RR,ch_03,radial,0.28700000047683716,0.2875165307118949,0.17997569135873695,169.6775228419113,False,invalid: method_disagreement
TB_07+13_MidTop_RR,ch_04,radial,0.28700000047683716,0.30117624382023994,4.9394576027350565,3.1390596352154017,False,fast-decay
TB_07+13_MidTop_RR,ch_05,radial,0.28700000047683716,0.31670199973320257,10.3491286435599,60.14661879993082,False,invalid: low_r_squared
TB_07+13_MidTop_RR,ch_06,radial,0.28700000047683716,0.31665102085853347,10.331365969488683,60.06235559979081,False,invalid: method_disagreement
TB_07+13_MidTop_RR,ch_07,radial,0.28700000047683716,0.27125816317534807,-5.484960723113157,4.596505907636881,False,fast-decay
TB_07+13_MidTop_RR,ch_08,radial,0.28700000047683716,0.3263747516492124,13.71942547280695,7.903721713131667,False,invalid: low_r_squared
TB_07+13_MidTop_RR,ch_09,radial,0.28700000047683716,0.31729594625583574,10.556078651102185,21.048522634971143,False,invalid: method_disagreement
TB_07+13_MidTop_RR,ch_10,radial,0.28700000047683716,0.31684947921467416,10.400515222384486,20.319829633760452,False,invalid: method_disagreement
TB_07+13_MidTop_RR,ch_11,radial,0.28700000047683716,0.33368578894790957,16.266825224218167,15.246875025331974,False,invalid: poor_band_rejection
TB_07+13_MidTop_RR,ch_12,radial,0.28700000047683716,0.33368578894790957,16.266825224218167,14.714375224447252,False,invalid: poor_band_rejection
TB_07+13_MidTop_RR,ch_13,radial,0.28700000047683716,0.3184212774151875,10.948180099702212,57.568095995646715,False,invalid: low_r_squared
TB_07+13_MidTop_RR,ch_14,radial,0.28700000047683716,0.31842208211650613,10.948460483436461,57.82022549606562,False,invalid: method_disagreement
TB_07+13_MidTop_RR,ch_15,radial,0.28700000047683716,0.334640662856225,16.599533902520943,18.610141930919884,False,invalid: poor_band_rejection
TB_07+13_MidTop_RR,ch_16,radial,0.28700000047683716,0.3335506972043448,16.219754930371376,17.797357929569483,False,invalid: poor_band_rejection
TB_07+13_MidTop_RR,ch_17,radial,0.28700000047683716,0.305022665051499,6.279674057393038,47.08579407823086,True,quantitative
TB_07+13_MidTop_RR,ch_18,radial,0.28700000047683716,0.30520733544030204,6.344019140492767,47.11392007827759,True,quantitative
TB_07+13_MidTop_RR,ch_19,radial,0.28700000047683716,0.301446394609773,5.033586797537925,32.42741255387664,False,invalid: low_r_squared
TB_07+13_MidTop_RR,ch_20,radial,0.28700000047683716,0.3268092523330549,13.870819439051058,8.520312514156103,False,invalid: poor_band_rejection
TB_07+13_MidTop_RR,ch_01,axial,0.3188999891281128,0.3162936435807259,-0.8172924541367141,186.41920719462635,False,invalid: method_disagreement
TB_07+13_MidTop_RR,ch_02,axial,0.3188999891281128,0.31627351679386456,-0.8236037703949527,186.35692602674965,False,invalid: method_disagreement
TB_07+13_MidTop_RR,ch_03,axial,0.3188999891281128,0.3573045432490758,12.042820768342706,79.66252477415799,False,invalid: low_r_squared
TB_07+13_MidTop_RR,ch_04,axial,0.3188999891281128,0.35735655952790224,12.059131925633324,101.92947734003664,False,invalid: poor_band_rejection
TB_07+13_MidTop_RR,ch_05,axial,0.3188999891281128,0.31670199973320257,-0.6892409751783407,67.26780700671674,False,invalid: method_disagreement
TB_07+13_MidTop_RR,ch_06,axial,0.3188999891281128,0.31665102085853347,-0.7052268254157372,67.11199247202873,False,invalid: method_disagreement
TB_07+13_MidTop_RR,ch_07,axial,0.3188999891281128,0.29095941486474614,-8.761547574760812,181.71664417494537,False,invalid: method_disagreement
TB_07+13_MidTop_RR,ch_08,axial,0.3188999891281128,0.3357378558821273,5.279983483238741,14.26331225373745,False,invalid: low_r_squared
TB_07+13_MidTop_RR,ch_09,axial,0.3188999891281128,0.3177432143770139,-0.36273903748368014,23.01437441539764,False,invalid: method_disagreement
TB_07+13_MidTop_RR,ch_10,axial,0.3188999891281128,0.31763654211784914,-0.3961891042135103,22.42265548557043,False,invalid: method_disagreement
TB_07+13_MidTop_RR,ch_11,axial,0.3188999891281128,0.3436237182835308,7.752815929224016,19.775530455815794,True,quantitative
TB_07+13_MidTop_RR,ch_12,axial,0.3188999891281128,0.3458443790514542,8.449166146731022,22.827499021768567,False,invalid: poor_band_rejection
TB_07+13_MidTop_RR,ch_13,axial,0.3188999891281128,0.318479648929267,-0.13180941146941447,73.12274702711105,False,invalid: method_disagreement
TB_07+13_MidTop_RR,ch_14,axial,0.3188999891281128,0.3183967593372417,-0.1578017585535008,64.02905871713162,False,invalid: method_disagreement
TB_07+13_MidTop_RR,ch_15,axial,0.3188999891281128,0.3437894436995673,7.804783762929388,27.68571712614298,True,quantitative
TB_07+13_MidTop_RR,ch_16,axial,0.3188999891281128,0.34297039308081734,7.547947561401346,27.125186615252495,True,quantitative
TB_07+13_MidTop_RR,ch_17,axial,0.3188999891281128,0.3051258705241086,-4.319259665597121,53.59611801280976,True,quantitative
TB_07+13_MidTop_RR,ch_18,axial,0.3188999891281128,0.305307527112835,-4.262296167660658,53.59611801280976,True,quantitative
TB_07+13_MidTop_RR,ch_19,axial,0.3188999891281128,0.3303246265267191,3.582514201346263,5.26309353057146,False,invalid: low_r_squared
TB_07+13_MidTop_RR,ch_20,axial,0.3188999891281128,0.3451681256411977,8.237107998938225,17.377561987566953,False,invalid: poor_band_rejection
TB_07+13_MidTop_RR,ch_01,planar_rotation,0.3564999997615814,0.3166138209416441,-11.188268961181556,211.39313820362537,False,invalid: method_disagreement
TB_07+13_MidTop_RR,ch_02,planar_rotation,0.3564999997615814,0.3164642002967338,-11.23023828657016,203.52495861388743,False,invalid: method_disagreement
TB_07+13_MidTop_RR,ch_03,planar_rotation,0.3564999997615814,0.35765197672471954,0.32313519324222667,142.46048719472589,True,quantitative
TB_07+13_MidTop_RR,ch_04,planar_rotation,0.3564999997615814,0.35748493688470484,0.2762796981156021,121.36304180383533,True,quantitative
TB_07+13_MidTop_RR,ch_05,planar_rotation,0.3564999997615814,0.3178581430270233,-10.839230507826326,173.06256838425998,True,quantitative
TB_07+13_MidTop_RR,ch_06,planar_rotation,0.3564999997615814,0.3177933097238521,-10.857416567634056,173.13208588421344,True,quantitative
TB_07+13_MidTop_RR,ch_07,planar_rotation,0.3564999997615814,0.34446530373228157,-3.375791314824226,23.708640334144235,False,invalid: poor_band_rejection
TB_07+13_MidTop_RR,ch_08,planar_rotation,0.3564999997615814,0.33954643744303664,-4.755557455787633,21.619764235541222,False,invalid: poor_band_rejection
TB_07+13_MidTop_RR,ch_09,planar_rotation,0.3564999997615814,0.32112257692417384,-9.923540774492889,170.34689398607614,False,invalid: method_disagreement
TB_07+13_MidTop_RR,ch_10,planar_rotation,0.3564999997615814,0.3211299691672696,-9.921467214015832,169.72038088649512,False,invalid: method_disagreement
TB_07+13_MidTop_RR,ch_11,planar_rotation,0.3564999997615814,0.345653977325099,-3.0423625368123353,25.72789198279381,True,quantitative
TB_07+13_MidTop_RR,ch_12,planar_rotation,0.3564999997615814,0.3451682911149368,-3.1785999030078527,25.414564133003356,True,quantitative
TB_07+13_MidTop_RR,ch_13,planar_rotation,0.3564999997615814,0.3193098191944992,-10.432028216536922,146.04642800232767,False,invalid: method_disagreement
TB_07+13_MidTop_RR,ch_14,planar_rotation,0.3564999997615814,0.31924599996834374,-10.449929822763606,134.38363746012746,False,invalid: method_disagreement
TB_07+13_MidTop_RR,ch_15,planar_rotation,0.3564999997615814,0.3435504498294438,-3.63241232560952,32.795076678067446,True,quantitative
TB_07+13_MidTop_RR,ch_16,planar_rotation,0.3564999997615814,0.3433073998134302,-3.7005890482395754,31.71573727878928,True,quantitative
TB_07+13_MidTop_RR,ch_17,planar_rotation,0.3564999997615814,0.30982450338767803,-13.092705863988453,114.15657612365483,False,invalid: poor_band_rejection
TB_07+13_MidTop_RR,ch_18,planar_rotation,0.3564999997615814,0.30981972005712183,-13.094047611690948,112.76373062458634,False,invalid: poor_band_rejection
TB_07+13_MidTop_RR,ch_19,planar_rotation,0.3564999997615814,0.3403878719801213,-4.519530937513464,14.273903490453957,False,invalid: low_r_squared
TB_07+13_MidTop_RR,ch_20,planar_rotation,0.3564999997615814,0.34496469558681214,-3.235709448102051,20.47090733630955,False,invalid: poor_band_rejection
TB_07+13_Mid_AA,ch_01,radial,0.2953000068664551,0.32932671930931406,11.522760464495027,173.37334783835888,True,quantitative
TB_07+13_Mid_AA,ch_02,radial,0.2953000068664551,0.3292769034840943,11.505890899963552,173.94999492676737,True,quantitative
TB_07+13_Mid_AA,ch_03,radial,0.2953000068664551,0.32884785583902365,11.360598778360366,136.20116015401362,False,invalid: method_disagreement
TB_07+13_Mid_AA,ch_04,radial,0.2953000068664551,0.32909977771119203,11.445909264750673,172.4216786002302,False,invalid: low_r_squared
TB_07+13_Mid_AA,ch_05,radial,0.2953000068664551,0.32632261820384195,10.505455677627658,46.111716202211376,False,invalid: low_r_squared
TB_07+13_Mid_AA,ch_06,radial,0.2953000068664551,0.3264562112291609,10.550695441329857,46.11150949220657,False,invalid: low_r_squared
TB_07+13_Mid_AA,ch_07,radial,0.2953000068664551,0.2945757040271655,-0.24527694630808025,168.8457815560818,False,invalid: method_disagreement
TB_07+13_Mid_AA,ch_08,radial,0.2953000068664551,0.2955808622603374,0.09510849554749672,88.53227090859414,False,invalid: method_disagreement
TB_07+13_Mid_AA,ch_09,radial,0.2953000068664551,0.32208444165551403,9.070245230699166,27.828422987079623,False,invalid: low_r_squared
TB_07+13_Mid_AA,ch_10,radial,0.2953000068664551,0.32278386614932203,9.307097407314355,28.23206856646538,False,invalid: low_r_squared
TB_07+13_Mid_AA,ch_11,radial,0.2953000068664551,0.34806264849222734,17.86747050420265,43.833535709238056,False,invalid: poor_band_rejection
TB_07+13_Mid_AA,ch_12,radial,0.2953000068664551,0.3476985085779268,17.744158649873697,44.5255417453289,False,invalid: poor_band_rejection
TB_07+13_Mid_AA,ch_13,radial,0.2953000068664551,0.3259717667984492,10.386643826210593,27.82855587208271,False,invalid: low_r_squared
TB_07+13_Mid_AA,ch_14,radial,0.2953000068664551,0.32597154695530217,10.38656937882085,27.6266887873888,False,invalid: low_r_squared
TB_07+13_Mid_AA,ch_15,radial,0.2953000068664551,0.3488952232754982,18.149412517040933,35.182042818069455,False,invalid: poor_band_rejection
TB_07+13_Mid_AA,ch_16,radial,0.2953000068664551,0.34889370168367373,18.14889724721733,34.86497920069694,False,invalid: poor_band_rejection
TB_07+13_Mid_AA,ch_17,radial,0.2953000068664551,0.31304938106842106,6.010624378343773,36.508589508914945,True,quantitative
TB_07+13_Mid_AA,ch_18,radial,0.2953000068664551,0.3128670374281992,5.948875771509398,36.62405181159973,True,quantitative
TB_07+13_Mid_AA,ch_19,radial,0.2953000068664551,0.3054545454545455,3.4387193877318922,21.57075007157326,False,invalid: low_r_squared
TB_07+13_Mid_AA,ch_20,radial,0.2953000068664551,0.31095360893830787,5.30091490276595,29.097238526582718,False,invalid: poor_band_rejection
TB_07+13_Mid_AA,ch_01,axial,0.32679998874664307,0.3294924580549236,0.8238890455923249,191.3564588906407,True,quantitative
TB_07+13_Mid_AA,ch_02,axial,0.32679998874664307,0.32949217533308317,0.8238025333982691,191.35668765063284,False,invalid: method_disagreement
TB_07+13_Mid_AA,ch_03,axial,0.32679998874664307,0.3684308380194327,12.738938404635208,194.1967985088336,False,invalid: method_disagreement
TB_07+13_Mid_AA,ch_04,axial,0.32679998874664307,0.368521745752132,12.766755949258728,188.70758158185478,False,invalid: method_disagreement
TB_07+13_Mid_AA,ch_05,axial,0.32679998874664307,0.32632347009767515,-0.14581354509695074,51.062302161669734,False,invalid: low_r_squared
TB_07+13_Mid_AA,ch_06,axial,0.32679998874664307,0.3264546887554348,-0.10566095566054227,51.157923838377,False,invalid: low_r_squared
TB_07+13_Mid_AA,ch_07,axial,0.32679998874664307,0.2963514375249717,-9.317182457211503,186.88851480449438,False,invalid: method_disagreement
TB_07+13_Mid_AA,ch_08,axial,0.32679998874664307,0.35310266901479936,8.04855605076164,8.52104826657772,False,invalid: method_disagreement
TB_07+13_Mid_AA,ch_09,axial,0.32679998874664307,0.3310505890443322,1.3006733304952744,44.71149994035959,False,invalid: method_disagreement
TB_07+13_Mid_AA,ch_10,axial,0.32679998874664307,0.3235691581491844,-0.9886262878556613,18.57397148040533,False,invalid: method_disagreement
TB_07+13_Mid_AA,ch_11,axial,0.32679998874664307,0.3503174414969873,7.196283219145551,50.23262235023975,True,quantitative
TB_07+13_Mid_AA,ch_12,axial,0.32679998874664307,0.35008654543349127,7.125629586511853,49.91340412123203,True,quantitative
TB_07+13_Mid_AA,ch_13,axial,0.32679998874664307,0.3410635661281652,4.364619912083347,41.296668817949296,False,invalid: low_r_squared
TB_07+13_Mid_AA,ch_14,axial,0.32679998874664307,0.3352380952380952,2.5820400189774593,11.840126992285251,False,invalid: low_r_squared
TB_07+13_Mid_AA,ch_15,axial,0.32679998874664307,0.35166218995116916,7.60777296837697,40.72231783772707,True,quantitative
TB_07+13_Mid_AA,ch_16,axial,0.32679998874664307,0.3516598344184551,7.607052181107949,40.05208374080658,True,quantitative
TB_07+13_Mid_AA,ch_17,axial,0.32679998874664307,0.31279762076251827,-4.284690473162885,40.81793951443433,True,quantitative
TB_07+13_Mid_AA,ch_18,axial,0.32679998874664307,0.3130514442381234,-4.207021108308061,40.94571831003427,True,quantitative
TB_07+13_Mid_AA,ch_19,axial,0.32679998874664307,0.3657140285088151,11.907601316455612,12.733728881514072,False,invalid: low_r_squared
TB_07+13_Mid_AA,ch_20,axial,0.32679998874664307,0.31064238626605634,-4.944186975818157,30.445994151592256,False,invalid: method_disagreement
TB_07+13_Mid_AA,ch_01,planar_rotation,0.3621000051498413,0.3296905203995564,-8.95042371978799,205.0248973858953,False,invalid: method_disagreement
TB_07+13_Mid_AA,ch_02,planar_rotation,0.3621000051498413,0.32980781779288354,-8.918030073928024,205.06012971639632,False,invalid: method_disagreement
TB_07+13_Mid_AA,ch_03,planar_rotation,0.3621000051498413,0.36877280798646556,1.8428066119090394,208.10111797964575,False,invalid: method_disagreement
TB_07+13_Mid_AA,ch_04,planar_rotation,0.3621000051498413,0.36872476539886795,1.8295388441889788,208.0305084786415,False,invalid: method_disagreement
TB_07+13_Mid_AA,ch_05,planar_rotation,0.3621000051498413,0.3273059169428505,-9.60897202765645,79.38593608903885,False,invalid: poor_band_rejection
TB_07+13_Mid_AA,ch_06,planar_rotation,0.3621000051498413,0.3273492959915387,-9.596992174557503,79.42131325954199,False,invalid: poor_band_rejection
TB_07+13_Mid_AA,ch_07,planar_rotation,0.3621000051498413,0.3564163161906224,-1.5696461967369795,28.35970861333609,False,invalid: poor_band_rejection
TB_07+13_Mid_AA,ch_08,planar_rotation,0.3621000051498413,0.35704339505423494,-1.396467833109775,26.308846604168416,False,invalid: low_r_squared
TB_07+13_Mid_AA,ch_09,planar_rotation,0.3621000051498413,0.32118134276472904,-11.300376084827626,20.297407158672815,False,invalid: method_disagreement
TB_07+13_Mid_AA,ch_10,planar_rotation,0.3621000051498413,0.3415406588629801,-5.677808891042002,59.866754261434075,False,invalid: method_disagreement
TB_07+13_Mid_AA,ch_11,planar_rotation,0.3621000051498413,0.35008686530345345,-3.317630399208825,59.477496755898,True,quantitative
TB_07+13_Mid_AA,ch_12,planar_rotation,0.3621000051498413,0.35008730302119084,-3.3175095161016266,59.6543826084137,True,quantitative
TB_07+13_Mid_AA,ch_13,planar_rotation,0.3621000051498413,0.3441372021492516,-4.960729838475561,48.480374759495255,False,invalid: method_disagreement
TB_07+13_Mid_AA,ch_14,planar_rotation,0.3621000051498413,0.3452718652494771,-4.64737356007507,42.04448168796301,False,invalid: method_disagreement
TB_07+13_Mid_AA,ch_15,planar_rotation,0.3621000051498413,0.3517852335853951,-2.8485974641667946,48.69252915251255,True,quantitative
TB_07+13_Mid_AA,ch_16,planar_rotation,0.3621000051498413,0.3515231267829292,-2.9209826612775895,48.30330785697699,True,quantitative
TB_07+13_Mid_AA,ch_17,planar_rotation,0.3621000051498413,0.31497824400271784,-13.01346602511754,57.214516563713545,False,invalid: poor_band_rejection
TB_07+13_Mid_AA,ch_18,planar_rotation,0.3621000051498413,0.31487633232048107,-13.0416106483673,57.28537953472138,False,invalid: poor_band_rejection
TB_07+13_Mid_AA,ch_19,planar_rotation,0.3621000051498413,0.37853571941366115,4.5389986274699305,56.966840160191055,False,invalid: low_r_squared
TB_07+13_Mid_AA,ch_20,planar_rotation,0.3621000051498413,0.3628344628235778,0.20283282609525227,9.759753858804704,False,invalid: method_disagreement
TB_07+13_Mid_AR,ch_01,radial,0.29679998755455017,0.3307582937642161,11.44147831321071,133.73383015225826,False,invalid: method_disagreement
TB_07+13_Mid_AR,ch_02,radial,0.29679998755455017,0.3307554521572295,11.440520898417665,133.84967118740082,False,invalid: method_disagreement
TB_07+13_Mid_AR,ch_03,radial,0.29679998755455017,0.3258183334718061,9.777071136811463,13.854522507050634,False,invalid: method_disagreement
TB_07+13_Mid_AR,ch_04,radial,0.29679998755455017,0.28444525353316563,-4.162646408168669,3.246237991878391,False,fast-decay
TB_07+13_Mid_AR,ch_05,radial,0.29679998755455017,0.31507723330681436,6.158101926774824,12.11549421197176,False,invalid: method_disagreement
TB_07+13_Mid_AR,ch_06,radial,0.29679998755455017,0.31427104830346014,5.886476240400411,12.0574994944036,False,invalid: low_r_squared
TB_07+13_Mid_AR,ch_07,radial,0.29679998755455017,0.2694739867778097,-9.20687396313253,4.347644937694073,False,fast-decay
TB_07+13_Mid_AR,ch_08,radial,0.29679998755455017,0.2909090909090909,-1.9848035352011468,10.985072099372745,False,invalid: low_r_squared
TB_07+13_Mid_AR,ch_09,radial,0.29679998755455017,0.29635868759894873,-0.14868597510312528,77.12733516588807,False,invalid: method_disagreement
TB_07+13_Mid_AR,ch_10,radial,0.29679998755455017,0.29640988349115505,-0.1314366845529014,77.09854556709529,False,invalid: method_disagreement
TB_07+13_Mid_AR,ch_11,radial,0.29679998755455017,0.34822692642944436,17.327136466082973,28.578395921647548,False,invalid: poor_band_rejection
TB_07+13_Mid_AR,ch_12,radial,0.29679998755455017,0.34934268989504436,17.703067568639007,28.897337188273667,False,invalid: poor_band_rejection
TB_07+13_Mid_AR,ch_13,radial,0.29679998755455017,0.32215679371149936,8.54339865910161,14.26031932203472,False,invalid: low_r_squared
TB_07+13_Mid_AR,ch_14,radial,0.29679998755455017,0.32551067878470585,9.67341389287586,22.462861858084796,False,invalid: method_disagreement
TB_07+13_Mid_AR,ch_15,radial,0.29679998755455017,0.3501772108915724,17.984240422925147,29.505895882755517,False,invalid: poor_band_rejection
TB_07+13_Mid_AR,ch_16,radial,0.29679998755455017,0.348958239325187,17.573535700047973,25.998699469819666,False,invalid: poor_band_rejection
TB_07+13_Mid_AR,ch_17,radial,0.29679998755455017,0.3126021285363116,5.324171713065544,32.17255473093689,True,quantitative
TB_07+13_Mid_AR,ch_18,radial,0.29679998755455017,0.31267404707698626,5.3484030283251025,32.23051976850629,True,quantitative
TB_07+13_Mid_AR,ch_19,radial,0.29679998755455017,0.31159045683409936,4.983311960830451,22.926404078647497,False,invalid: low_r_squared
TB_07+13_Mid_AR,ch_20,radial,0.29679998755455017,0.3098779221840196,4.4063123914605224,22.8396494422853,False,invalid: poor_band_rejection
TB_07+13_Mid_AR,ch_01,axial,0.328000009059906,0.3308566264057041,0.8709198984431689,179.7911713661313,False,invalid: method_disagreement
TB_07+13_Mid_AR,ch_02,axial,0.328000009059906,0.33082861249609313,0.8623790725781687,189.7210764404118,False,invalid: method_disagreement
TB_07+13_Mid_AR,ch_03,axial,0.328000009059906,0.37490484446416444,14.300254301423426,193.53258414569197,False,invalid: poor_band_rejection
TB_07+13_Mid_AR,ch_04,axial,0.328000009059906,0.37496671105193075,14.319116065465332,193.75703783189178,False,invalid: poor_band_rejection
TB_07+13_Mid_AR,ch_05,axial,0.328000009059906,0.31376038974745146,-4.341347231442856,13.196883564519883,False,invalid: method_disagreement
TB_07+13_Mid_AR,ch_06,axial,0.328000009059906,0.3142710483034601,-4.185658651594261,13.132792362749576,False,invalid: low_r_squared
TB_07+13_Mid_AR,ch_07,axial,0.328000009059906,0.35720947954578824,8.905326121667093,17.45704608219266,False,invalid: low_r_squared
TB_07+13_Mid_AR,ch_08,axial,0.328000009059906,0.3407648466984146,3.8917186847324854,21.01250058040023,False,invalid: low_r_squared
TB_07+13_Mid_AR,ch_09,axial,0.328000009059906,0.2969248740999464,-9.474126250491672,85.17110635256768,False,invalid: method_disagreement
TB_07+13_Mid_AR,ch_10,axial,0.328000009059906,0.3008626569092219,-8.273582744239409,184.78798910415173,False,invalid: method_disagreement
TB_07+13_Mid_AR,ch_11,axial,0.328000009059906,0.3525107795217031,7.472795666088065,39.206169082939624,True,quantitative
TB_07+13_Mid_AR,ch_12,axial,0.328000009059906,0.3525113856878658,7.472980472839867,38.9498370758593,True,quantitative
TB_07+13_Mid_AR,ch_13,axial,0.328000009059906,0.32143488532810466,-2.0015620580675937,15.663279632645846,False,invalid: low_r_squared
TB_07+13_Mid_AR,ch_14,axial,0.328000009059906,0.3249237167728576,-0.9378939640475944,34.94584256526232,False,invalid: method_disagreement
TB_07+13_Mid_AR,ch_15,axial,0.328000009059906,0.35275643881288393,7.5476917893793125,33.56857052721977,True,quantitative
TB_07+13_Mid_AR,ch_16,axial,0.328000009059906,0.352784444062777,7.556229975086476,36.06714339623451,True,quantitative
TB_07+13_Mid_AR,ch_17,axial,0.328000009059906,0.3123130853504342,-4.782598559808794,35.93879699268937,True,quantitative
TB_07+13_Mid_AR,ch_18,axial,0.328000009059906,0.3126015362944593,-4.694656201254654,36.099057797116046,True,quantitative
TB_07+13_Mid_AR,ch_19,axial,0.328000009059906,0.35772895771196556,9.063703606980647,9.000812248617411,False,invalid: method_disagreement
TB_07+13_Mid_AR,ch_20,axial,0.328000009059906,0.30985562203516115,-5.531825159623994,23.286557443213468,False,invalid: method_disagreement
TB_07+13_Mid_AR,ch_01,planar_rotation,0.3621000051498413,0.33099701702004086,-8.589612727823535,210.1169649183154,False,invalid: method_disagreement
TB_07+13_Mid_AR,ch_02,planar_rotation,0.3621000051498413,0.3310496109907084,-8.575088019201736,210.04613815730812,False,invalid: method_disagreement
TB_07+13_Mid_AR,ch_03,planar_rotation,0.3621000051498413,0.3751983925747039,3.6173397510564267,212.4152100300014,True,quantitative
TB_07+13_Mid_AR,ch_04,planar_rotation,0.3621000051498413,0.3752169990765228,3.6224782491382475,213.08726763955954,True,quantitative
TB_07+13_Mid_AR,ch_05,planar_rotation,0.3621000051498413,0.32283937227919557,-10.842483378148316,37.16445991855859,False,invalid: poor_band_rejection
TB_07+13_Mid_AR,ch_06,planar_rotation,0.3621000051498413,0.32283872087263304,-10.842663275014724,37.23521425956488,False,invalid: poor_band_rejection
TB_07+13_Mid_AR,ch_07,planar_rotation,0.3621000051498413,0.36027397450091664,-0.5042890425171458,27.263269797742364,False,invalid: poor_band_rejection
TB_07+13_Mid_AR,ch_08,planar_rotation,0.3621000051498413,0.35555555555555557,-1.8073597075972336,16.054065828323363,False,invalid: low_r_squared
TB_07+13_Mid_AR,ch_09,planar_rotation,0.3621000051498413,0.3446153846153846,-4.82867171659425,8.734250434219836,False,invalid: low_r_squared
TB_07+13_Mid_AR,ch_10,planar_rotation,0.3621000051498413,0.3480290845228789,-3.8859211341738855,29.031440332889552,False,invalid: method_disagreement
TB_07+13_Mid_AR,ch_11,planar_rotation,0.3621000051498413,0.3525107795217031,-2.648225764086927,43.317444256067276,True,quantitative
TB_07+13_Mid_AR,ch_12,planar_rotation,0.3621000051498413,0.3525113856878658,-2.6480583611170205,43.60031678009033,True,quantitative
TB_07+13_Mid_AR,ch_13,planar_rotation,0.3621000051498413,0.3267481903401565,-9.762997599255984,62.907633894681936,False,invalid: low_r_squared
TB_07+13_Mid_AR,ch_14,planar_rotation,0.3621000051498413,0.32674298889690334,-9.76443406519887,60.64440023249388,False,invalid: method_disagreement
TB_07+13_Mid_AR,ch_15,planar_rotation,0.3621000051498413,0.3531049857469649,-2.4841257318276333,40.09967877030373,True,quantitative
TB_07+13_Mid_AR,ch_16,planar_rotation,0.3621000051498413,0.35310570405095876,-2.483927360111636,39.74605190527439,True,quantitative
TB_07+13_Mid_AR,ch_17,planar_rotation,0.3621000051498413,0.3148468270186554,-13.04975903317979,49.11683793854713,False,invalid: poor_band_rejection
TB_07+13_Mid_AR,ch_18,planar_rotation,0.3621000051498413,0.3144885648889625,-13.148699139392898,49.15196163904667,False,invalid: poor_band_rejection
TB_07+13_Mid_AR,ch_19,planar_rotation,0.3621000051498413,0.3657142857142857,0.9981443007571273,16.72590617787838,False,invalid: low_r_squared
TB_07+13_Mid_AR,ch_20,planar_rotation,0.3621000051498413,0.35720806178905673,-1.3509923477521726,10.679125771880148,False,invalid: low_r_squared
TB_07+13_Mid_RA,ch_01,radial,0.30090001225471497,0.2996124539500977,-0.4279023769288886,170.9016383402884,False,invalid: method_disagreement
TB_07+13_Mid_RA,ch_02,radial,0.30090001225471497,0.29961218836565096,-0.42799064028414,170.9016383402884,False,invalid: method_disagreement
TB_07+13_Mid_RA,ch_03,radial,0.30090001225471497,0.29965694446357966,-0.4131165638115829,175.5737429205686,False,invalid: method_disagreement
TB_07+13_Mid_RA,ch_04,radial,0.30090001225471497,0.29959796723645116,-0.43271683789817006,175.6033213917732,False,invalid: method_disagreement
TB_07+13_Mid_RA,ch_05,radial,0.30090001225471497,0.3252857635432727,8.104270619941003,23.977698916536568,False,invalid: method_disagreement
TB_07+13_Mid_RA,ch_06,radial,0.30090001225471497,0.3262050439809496,8.409780889212358,23.360823801413183,False,invalid: method_disagreement
TB_07+13_Mid_RA,ch_07,radial,0.30090001225471497,0.2961048280763115,-1.593613819578144,174.10471897073984,False,invalid: method_disagreement
TB_07+13_Mid_RA,ch_08,radial,0.30090001225471497,0.29673574873891695,-1.383935974144436,172.84114954927858,False,invalid: method_disagreement
TB_07+13_Mid_RA,ch_09,radial,0.30090001225471497,0.3286233749806624,9.213480092011206,98.14500834713877,False,invalid: low_r_squared
TB_07+13_Mid_RA,ch_10,radial,0.30090001225471497,0.32860681974945766,9.207978187547761,97.38105330602528,False,invalid: low_r_squared
TB_07+13_Mid_RA,ch_11,radial,0.30090001225471497,0.3489565597215086,15.970935696111985,25.887752014327052,False,invalid: poor_band_rejection
TB_07+13_Mid_RA,ch_12,radial,0.30090001225471497,0.34923299703027233,16.062805851480988,25.799708670741325,False,invalid: poor_band_rejection
TB_07+13_Mid_RA,ch_13,radial,0.30090001225471497,0.328048180773556,9.022322171213421,99.55532670457661,False,invalid: low_r_squared
TB_07+13_Mid_RA,ch_14,radial,0.30090001225471497,0.32787502375575983,8.964775806725537,100.08445937612653,False,invalid: low_r_squared
TB_07+13_Mid_RA,ch_15,radial,0.30090001225471497,0.3476575257319244,15.539219532376986,29.502223141533136,False,invalid: poor_band_rejection
TB_07+13_Mid_RA,ch_16,radial,0.30090001225471497,0.3476556944422497,15.538610928322449,29.472825210335852,False,invalid: poor_band_rejection
TB_07+13_Mid_RA,ch_17,radial,0.30090001225471497,0.31346932926519805,4.177240444856821,40.962090378257635,True,quantitative
TB_07+13_Mid_RA,ch_18,radial,0.30090001225471497,0.31331457012094704,4.1258083617899715,41.22658148902953,True,quantitative
TB_07+13_Mid_RA,ch_19,radial,0.30090001225471497,0.306920927403435,2.000968728317394,22.978891415858268,False,invalid: poor_band_rejection
TB_07+13_Mid_RA,ch_20,radial,0.30090001225471497,0.3111113876545668,3.3936108288383204,35.37910128087997,False,invalid: low_r_squared
TB_07+13_Mid_RA,ch_01,axial,0.3192000091075897,0.2996645175933216,-6.120141277215159,181.63846694260835,False,invalid: method_disagreement
TB_07+13_Mid_RA,ch_02,axial,0.3192000091075897,0.2997765254172581,-6.085051107810199,181.66952510349452,False,invalid: method_disagreement
TB_07+13_Mid_RA,ch_03,axial,0.3192000091075897,0.29969922670670046,-6.109267495138547,185.78430050089955,False,invalid: method_disagreement
TB_07+13_Mid_RA,ch_04,axial,0.3192000091075897,0.29969917478785024,-6.109283760442037,185.75301890000702,False,invalid: method_disagreement
TB_07+13_Mid_RA,ch_05,axial,0.3192000091075897,0.3255097958104176,1.976750163782455,24.687950144410138,False,invalid: method_disagreement
TB_07+13_Mid_RA,ch_06,axial,0.3192000091075897,0.3262050439809496,2.1945597348021333,24.65666854351759,False,invalid: method_disagreement
TB_07+13_Mid_RA,ch_07,axial,0.3192000091075897,0.29605444754759824,-7.251115570046875,184.88013455510142,False,invalid: method_disagreement
TB_07+13_Mid_RA,ch_08,axial,0.3192000091075897,0.296734692354533,-7.03800630077193,181.04596788570285,False,invalid: method_disagreement
TB_07+13_Mid_RA,ch_09,axial,0.3192000091075897,0.32862337498066235,2.95218220682957,103.45939423196018,False,invalid: method_disagreement
TB_07+13_Mid_RA,ch_10,axial,0.3192000091075897,0.32869182549750986,2.9736266037263244,102.27471531815826,False,invalid: method_disagreement
TB_07+13_Mid_RA,ch_11,axial,0.3192000091075897,0.3531050776510166,10.621888338354914,30.922213602289556,True,quantitative
TB_07+13_Mid_RA,ch_12,axial,0.3192000091075897,0.3531058333083662,10.622125073106801,30.4859310298413,True,quantitative
TB_07+13_Mid_RA,ch_13,axial,0.3192000091075897,0.3279721029358666,2.748149617163747,105.92176694221794,False,invalid: low_r_squared
TB_07+13_Mid_RA,ch_14,axial,0.3192000091075897,0.3276534551718774,2.64832262628111,97.22490733407437,False,invalid: low_r_squared
TB_07+13_Mid_RA,ch_15,axial,0.3192000091075897,0.3520026282862912,10.276509474548607,30.828911439627404,True,quantitative
TB_07+13_Mid_RA,ch_16,axial,0.3192000091075897,0.35175864666723344,10.200074132413164,34.07077057212591,True,quantitative
TB_07+13_Mid_RA,ch_17,axial,0.3192000091075897,0.31324115093748606,-1.8668101504017092,43.671540766060346,True,quantitative
TB_07+13_Mid_RA,ch_18,axial,0.3192000091075897,0.31324231903730193,-1.866444204354546,43.921155173182484,True,quantitative
TB_07+13_Mid_RA,ch_19,axial,0.3192000091075897,0.30692221196047964,-3.846427567917682,23.97112268395722,False,invalid: low_r_squared
TB_07+13_Mid_RA,ch_20,axial,0.3192000091075897,0.3082758666907926,-3.4223502835537283,24.843751668855546,False,invalid: low_r_squared
TB_07+13_Mid_RA,ch_01,planar_rotation,0.37400001287460327,0.3298524847145483,-11.804151508106225,129.18327712701438,False,invalid: method_disagreement
TB_07+13_Mid_RA,ch_02,planar_rotation,0.37400001287460327,0.32992849569688926,-11.783827716736083,154.53037999956487,False,invalid: method_disagreement
TB_07+13_Mid_RA,ch_03,planar_rotation,0.37400001287460327,0.37339277746350547,-0.16236240379526495,66.83784898083091,False,invalid: low_r_squared
TB_07+13_Mid_RA,ch_04,planar_rotation,0.37400001287460327,0.37270136852569663,-0.3472310973802179,222.71993234692695,False,invalid: method_disagreement
TB_07+13_Mid_RA,ch_05,planar_rotation,0.37400001287460327,0.3303232775909777,-11.678271064196396,104.20111598702671,False,invalid: poor_band_rejection
TB_07+13_Mid_RA,ch_06,planar_rotation,0.37400001287460327,0.3302098061773824,-11.708611013311144,107.59793370395899,False,invalid: poor_band_rejection
TB_07+13_Mid_RA,ch_07,planar_rotation,0.37400001287460327,0.37161367042822285,-0.6380594556772179,10.409205758327246,False,invalid: method_disagreement
TB_07+13_Mid_RA,ch_08,planar_rotation,0.37400001287460327,0.35514516558643344,-5.041402844681608,7.9986260753452765,False,invalid: poor_band_rejection
TB_07+13_Mid_RA,ch_09,planar_rotation,0.37400001287460327,0.32936298648506795,-11.93503338314094,177.2114163003385,False,invalid: method_disagreement
TB_07+13_Mid_RA,ch_10,planar_rotation,0.37400001287460327,0.32920901203915054,-11.976203019669548,163.29629702132345,False,invalid: method_disagreement
TB_07+13_Mid_RA,ch_11,planar_rotation,0.37400001287460327,0.354501459533152,-5.213516756746441,38.75133813397885,True,quantitative
TB_07+13_Mid_RA,ch_12,planar_rotation,0.37400001287460327,0.35415064556603393,-5.30731727948484,38.97020294151306,True,quantitative
TB_07+13_Mid_RA,ch_13,planar_rotation,0.37400001287460327,0.32836169405446425,-12.202758622749268,155.84531916483044,False,invalid: method_disagreement
TB_07+13_Mid_RA,ch_14,planar_rotation,0.37400001287460327,0.3268087776480226,-12.617976898948191,18.371292032414676,False,invalid: method_disagreement
TB_07+13_Mid_RA,ch_15,planar_rotation,0.37400001287460327,0.3527472265249314,-5.682562999482467,38.27628331762553,True,quantitative
TB_07+13_Mid_RA,ch_16,planar_rotation,0.37400001287460327,0.3527557277451451,-5.6802899460276475,38.2399679163754,True,quantitative
TB_07+13_Mid_RA,ch_17,planar_rotation,0.37400001287460327,0.318408196760982,-14.864121443830115,88.86128105896712,False,invalid: method_disagreement
TB_07+13_Mid_RA,ch_18,planar_rotation,0.37400001287460327,0.3181201677439047,-14.9411345473494,88.56929924891591,False,invalid: method_disagreement
TB_07+13_Mid_RA,ch_19,planar_rotation,0.37400001287460327,0.3620196559434146,-3.2033038820256645,23.411540605920553,False,invalid: low_r_squared
TB_07+13_Mid_RA,ch_20,planar_rotation,0.37400001287460327,0.36102564102564105,-3.469083262655484,23.3019586021483,False,invalid: low_r_squared
TB_07+13_Mid_RR,ch_01,radial,0.2989000082015991,0.32906420585442536,10.091735304497346,177.00484860688448,True,quantitative
TB_07+13_Mid_RR,ch_02,radial,0.2989000082015991,0.32916723588721064,10.126205036835321,177.03403918168544,False,invalid: method_disagreement
TB_07+13_Mid_RR,ch_03,radial,0.2989000082015991,0.3282051282051282,9.804322248048804,10.274678814929723,False,invalid: low_r_squared
TB_07+13_Mid_RR,ch_04,radial,0.2989000082015991,0.4179588561302026,39.83233344319678,2.2475875786721704,False,fast-decay
TB_07+13_Mid_RR,ch_05,radial,0.2989000082015991,0.32778925609252674,9.665188055613127,88.61918959164619,False,invalid: low_r_squared
TB_07+13_Mid_RR,ch_06,radial,0.2989000082015991,0.3278995370468411,9.702083656579449,88.56060519003869,False,invalid: low_r_squared
TB_07+13_Mid_RR,ch_07,radial,0.2989000082015991,0.2957343178230772,-1.059113513435159,173.939808362782,False,invalid: method_disagreement
TB_07+13_Mid_RR,ch_08,radial,0.2989000082015991,0.2965857773764716,-0.7742491674896894,173.09326375955345,False,invalid: method_disagreement
TB_07+13_Mid_RR,ch_09,radial,0.2989000082015991,0.3279284942637262,9.711771584344774,49.855505107998844,False,invalid: method_disagreement
TB_07+13_Mid_RR,ch_10,radial,0.2989000082015991,0.3278237095219675,9.676714796494817,50.439286714017385,False,invalid: low_r_squared
TB_07+13_Mid_RR,ch_11,radial,0.2989000082015991,0.34614053305642084,15.80479209052393,21.80454636830092,False,invalid: poor_band_rejection
TB_07+13_Mid_RR,ch_12,radial,0.2989000082015991,0.3471182675327267,16.13190298027887,22.125624757111073,False,invalid: poor_band_rejection
TB_07+13_Mid_RR,ch_13,radial,0.2989000082015991,0.3269337988247898,9.378986234179932,52.1907510920763,False,invalid: low_r_squared
TB_07+13_Mid_RR,ch_14,radial,0.2989000082015991,0.3269931090504809,9.39882906591753,52.511799590885644,False,invalid: low_r_squared
TB_07+13_Mid_RR,ch_15,radial,0.2989000082015991,0.3469005718720167,16.059070710377053,23.99374980837107,False,invalid: poor_band_rejection
TB_07+13_Mid_RR,ch_16,radial,0.2989000082015991,0.3464661098400225,15.913717073684882,23.90614221596718,False,invalid: poor_band_rejection
TB_07+13_Mid_RR,ch_17,radial,0.2989000082015991,0.3158452059269184,5.6691861024942645,37.47916169840097,True,quantitative
TB_07+13_Mid_RR,ch_18,radial,0.2989000082015991,0.3158465185401907,5.669625250448857,37.44998905760049,True,quantitative
TB_07+13_Mid_RR,ch_19,radial,0.2989000082015991,0.2996304557712155,0.2443785712858569,172.10097551232573,False,invalid: method_disagreement
TB_07+13_Mid_RR,ch_20,radial,0.2989000082015991,0.306503588181779,2.5438540553841222,22.68020383232832,False,invalid: poor_band_rejection
TB_07+13_Mid_RR,ch_01,axial,0.3303000032901764,0.32927702707544343,-0.3097112335885306,194.3736874931905,False,invalid: method_disagreement
TB_07+13_Mid_RR,ch_02,axial,0.3303000032901764,0.329216695744617,-0.3279768497633642,194.4058289865106,False,invalid: method_disagreement
TB_07+13_Mid_RR,ch_03,axial,0.3303000032901764,0.36983775175074884,11.970253728952466,155.7310841762647,True,quantitative
TB_07+13_Mid_RR,ch_04,axial,0.3303000032901764,0.36986586550197664,11.978765309620872,157.08585918475984,True,quantitative
TB_07+13_Mid_RR,ch_05,axial,0.3303000032901764,0.32778925609252674,-0.7601414388857584,97.92856708548366,False,invalid: low_r_squared
TB_07+13_Mid_RR,ch_06,axial,0.3303000032901764,0.3277901514766092,-0.7598703568168605,97.83178918451966,False,invalid: low_r_squared
TB_07+13_Mid_RR,ch_07,axial,0.3303000032901764,0.29756395462495694,-9.91100464399937,192.05135147305728,False,invalid: method_disagreement
TB_07+13_Mid_RR,ch_08,axial,0.3303000032901764,0.2966360431874323,-10.191934534487272,191.92220417177083,False,invalid: method_disagreement
TB_07+13_Mid_RR,ch_09,axial,0.3303000032901764,0.3267355916555901,-1.0791436872784095,48.964200967741014,False,invalid: method_disagreement
TB_07+13_Mid_RR,ch_10,axial,0.3303000032901764,0.3270273824115135,-0.9908025570886214,48.93183156741857,False,invalid: method_disagreement
TB_07+13_Mid_RR,ch_11,axial,0.3303000032901764,0.35234452247407516,6.674089907450632,30.836478007167575,True,quantitative
TB_07+13_Mid_RR,ch_12,axial,0.3303000032901764,0.35232077101422926,6.666899032606762,30.513940053954723,True,quantitative
TB_07+13_Mid_RR,ch_13,axial,0.3303000032901764,0.32723814529474343,-0.9269930260167283,67.44679825184942,False,invalid: low_r_squared
TB_07+13_Mid_RR,ch_14,axial,0.3303000032901764,0.32680993937962294,-1.056634537023407,58.51201801284849,False,invalid: low_r_squared
TB_07+13_Mid_RR,ch_15,axial,0.3303000032901764,0.3514905542771714,6.415546707814778,29.449416173350816,True,quantitative
TB_07+13_Mid_RR,ch_16,axial,0.3303000032901764,0.3514909660963531,6.415671388159192,29.643071065279845,True,quantitative
TB_07+13_Mid_RR,ch_17,axial,0.3303000032901764,0.317519537374034,-3.8693508291958634,50.83525139637887,True,quantitative
TB_07+13_Mid_RR,ch_18,axial,0.3303000032901764,0.3174682514861905,-3.884877891664107,50.86729049669802,True,quantitative
TB_07+13_Mid_RR,ch_19,axial,0.3303000032901764,0.3584000000000001,8.507416418381686,14.128087190732359,False,invalid: low_r_squared
TB_07+13_Mid_RR,ch_20,axial,0.3303000032901764,0.3092010971182457,-6.387800775586058,20.159893730816247,False,invalid: method_disagreement
TB_07+13_Mid_RR,ch_01,planar_rotation,0.35929998755455017,0.3294278220174299,-8.313990139669833,208.21143245796262,False,invalid: method_disagreement
TB_07+13_Mid_RR,ch_02,planar_rotation,0.35929998755455017,0.3294372234207217,-8.311373550853414,210.527228667748,False,invalid: method_disagreement
TB_07+13_Mid_RR,ch_03,planar_rotation,0.35929998755455017,0.36998162559482006,2.9729024242307185,187.01839576004804,True,quantitative
TB_07+13_Mid_RR,ch_04,planar_rotation,0.35929998755455017,0.36995403469496196,2.965223353589529,182.24622362734672,True,quantitative
TB_07+13_Mid_RR,ch_05,planar_rotation,0.35929998755455017,0.3283903922734179,-8.602726510375817,162.80780686065555,True,quantitative
TB_07+13_Mid_RR,ch_06,planar_rotation,0.35929998755455017,0.32837692667343227,-8.606474242202152,162.7725954618752,True,quantitative
TB_07+13_Mid_RR,ch_07,planar_rotation,0.35929998755455017,0.34133420714890367,-5.000217374880615,6.350914720016716,False,invalid: poor_band_rejection
TB_07+13_Mid_RR,ch_08,planar_rotation,0.35929998755455017,0.3342428791073892,-6.973868442830579,12.877239693957566,False,invalid: method_disagreement
TB_07+13_Mid_RR,ch_09,planar_rotation,0.35929998755455017,0.32945356831159833,-8.306824457771642,121.2985978984535,False,invalid: low_r_squared
TB_07+13_Mid_RR,ch_10,planar_rotation,0.35929998755455017,0.32934851841511453,-8.3360618360412,120.66698445033134,False,invalid: method_disagreement
TB_07+13_Mid_RR,ch_11,planar_rotation,0.35929998755455017,0.3523215718542798,-1.9422254222068045,32.80699919362962,True,quantitative
TB_07+13_Mid_RR,ch_12,planar_rotation,0.35929998755455017,0.3523207710142293,-1.9424483111793165,32.771859654846786,True,quantitative
TB_07+13_Mid_RR,ch_13,planar_rotation,0.35929998755455017,0.32870732557145765,-8.51451796347414,116.31618497103453,False,invalid: poor_band_rejection
TB_07+13_Mid_RR,ch_14,planar_rotation,0.35929998755455017,0.3284466628279463,-8.587065347982955,106.38642679498197,False,invalid: poor_band_rejection
TB_07+13_Mid_RR,ch_15,planar_rotation,0.35929998755455017,0.3520018773433458,-2.031202467018269,34.17546505622864,True,quantitative
TB_07+13_Mid_RR,ch_16,planar_rotation,0.35929998755455017,0.3519682172699805,-2.040570703737229,33.43857671175301,True,quantitative
TB_07+13_Mid_RR,ch_17,planar_rotation,0.35929998755455017,0.32000028845096423,-10.937851507055598,80.49138925193547,False,invalid: poor_band_rejection
TB_07+13_Mid_RR,ch_18,planar_rotation,0.35929998755455017,0.32,-10.937931788428882,80.38622214557826,False,invalid: poor_band_rejection
TB_07+13_Mid_RR,ch_19,planar_rotation,0.35929998755455017,0.36293641483632216,1.0120866706737353,28.736633354619148,False,invalid: poor_band_rejection
TB_07+13_Mid_RR,ch_20,planar_rotation,0.35929998755455017,0.35582967619499467,-0.9658534594378814,10.421100909033418,False,invalid: method_disagreement
TB_07_R,ch_01,radial,0.4677000045776367,0.49360113438515274,5.5379793786631275,53.1643949203491,False,invalid: method_disagreement
TB_07_R,ch_02,radial,0.4677000045776367,0.5120019275366678,9.472294745654027,16.351259860038763,False,invalid: method_disagreement
TB_07_R,ch_03,radial,0.4677000045776367,0.5041222496455389,7.787522923116878,45.719546247482306,False,invalid: method_disagreement
TB_07_R,ch_04,radial,0.4677000045776367,0.4654049022649686,-0.4907210370332864,4.065248439788822,False,fast-decay
TB_07_R,ch_05,radial,0.4677000045776367,0.45978047461524596,-1.693292684386994,155.01678124723435,False,invalid: method_disagreement
TB_07_R,ch_06,radial,0.4677000045776367,0.4586538217573663,-1.9341848902566738,145.0142215593338,False,invalid: method_disagreement
TB_07_R,ch_07,radial,0.4677000045776367,0.4686896236630628,0.2115927038144457,271.02841105270386,False,invalid: method_disagreement
TB_07_R,ch_08,radial,0.4677000045776367,0.4641894115610086,-0.7506078645003191,202.83751653528213,False,invalid: method_disagreement
TB_07_R,ch_09,radial,0.4677000045776367,0.46815805706731595,0.09793724293265277,245.54217501325604,False,invalid: low_r_squared
TB_07_R,ch_10,radial,0.4677000045776367,0.4685325487365361,0.17800815709874224,257.0976857963562,False,invalid: low_r_squared
TB_07_R,ch_11,radial,0.4677000045776367,0.517170045510964,10.577301785147926,5.7549082463264485,False,invalid: low_r_squared
TB_07_R,ch_12,radial,0.4677000045776367,0.5206796605168615,11.327700538953142,6.394347692584992,False,invalid: poor_band_rejection
TB_07_R,ch_13,radial,0.4677000045776367,0.44893698136198923,-4.011764599530357,66.91215593490601,False,invalid: method_disagreement
TB_07_R,ch_14,radial,0.4677000045776367,0.4494947047416774,-3.8925164972790345,68.23630818786621,False,invalid: poor_band_rejection
TB_07_R,ch_15,radial,0.4677000045776367,0.46364008042047944,-0.8680616030405329,211.74383418245316,False,invalid: method_disagreement
TB_07_R,ch_16,radial,0.4677000045776367,0.49951297484952195,6.802003412553822,2.8317832177162163,False,fast-decay
TB_07_R,ch_17,radial,0.4677000045776367,0.5163022433332473,10.391755030984337,11.509816492652892,False,invalid: poor_band_rejection
TB_07_R,ch_18,radial,0.4677000045776367,0.5166963375624146,10.476017213004894,11.509816492652892,False,invalid: poor_band_rejection
TB_07_R,ch_19,radial,0.4677000045776367,0.5143383504701519,9.97185063845201,11.738194404888151,False,invalid: poor_band_rejection
TB_07_R,ch_20,radial,0.4677000045776367,0.5163044647428588,10.392229995617615,12.24059774980545,False,invalid: poor_band_rejection
TB_07_R,ch_01,axial,0.609499990940094,0.6889101991777169,13.028746418050055,111.78107933843134,False,invalid: method_disagreement
TB_07_R,ch_02,axial,0.609499990940094,0.6885421084811862,12.96835417818096,111.78107933843134,False,invalid: method_disagreement
TB_07_R,ch_03,axial,0.609499990940094,0.6671888144344859,9.464942469549918,22.43935166645052,False,invalid: method_disagreement
TB_07_R,ch_04,axial,0.609499990940094,0.7001575354454742,14.874084635432045,15.296621272623527,False,invalid: low_r_squared
TB_07_R,ch_05,axial,0.609499990940094,0.6363844108960581,4.410897515272732,22.38004731733203,False,invalid: poor_band_rejection
TB_07_R,ch_06,axial,0.609499990940094,0.6363825700599357,4.410595491294096,22.618178963792325,False,invalid: poor_band_rejection
TB_07_R,ch_07,axial,0.609499990940094,0.6193561173803713,1.6170839354854176,15.5351186190784,False,invalid: poor_band_rejection
TB_07_R,ch_08,axial,0.609499990940094,0.6220571909811278,2.060246140720286,14.701810231465103,False,invalid: poor_band_rejection
TB_07_R,ch_09,axial,0.609499990940094,0.6323987614713487,3.75697635301611,26.30845760893822,True,quantitative
TB_07_R,ch_10,axial,0.609499990940094,0.6360284686342561,4.352498455864541,30.236441250550747,True,quantitative
TB_07_R,ch_11,axial,0.609499990940094,0.6191714533382867,1.5867863071294614,39.34359011517763,True,quantitative
TB_07_R,ch_12,axial,0.609499990940094,0.6182105815459387,1.4291371181826333,39.224310966950654,True,quantitative
TB_07_R,ch_13,axial,0.609499990940094,0.6186325615620798,1.4983709200552582,38.569890826678275,False,invalid: poor_band_rejection
TB_07_R,ch_14,axial,0.609499990940094,0.6160649765395797,1.077110040536647,37.379476394373185,False,invalid: poor_band_rejection
TB_07_R,ch_15,axial,0.609499990940094,0.6158079664437441,1.034942673899094,35.831955917376284,True,quantitative
TB_07_R,ch_16,axial,0.609499990940094,0.6151240922396669,0.9227401777148987,34.58199333595634,True,quantitative
TB_07_R,ch_17,axial,0.609499990940094,0.5290025656624434,-13.207124934241786,17.975495632803437,False,invalid: poor_band_rejection
TB_07_R,ch_18,axial,0.609499990940094,0.5309627112473073,-12.885525981985763,17.975495632803437,False,invalid: poor_band_rejection
TB_07_R,ch_19,axial,0.609499990940094,0.5336820055769769,-12.43937432159356,19.701599607145784,False,invalid: poor_band_rejection
TB_07_R,ch_20,axial,0.609499990940094,0.5354250605699601,-12.15339318641836,19.40404171156883,False,invalid: method_disagreement
TB_07_R,ch_01,planar_rotation,0.6962000131607056,0.7062146892655365,1.4384768623265258,33.65430863618853,False,invalid: method_disagreement
TB_07_R,ch_02,planar_rotation,0.6962000131607056,0.7054749128845366,1.3322176886673012,33.65430863618853,False,invalid: method_disagreement
TB_07_R,ch_03,planar_rotation,0.6962000131607056,0.7791340481579052,11.912386301270548,38.14131772100927,False,invalid: method_disagreement
TB_07_R,ch_04,planar_rotation,0.6962000131607056,0.7803726755362684,12.090298877390726,38.481759527444844,False,invalid: method_disagreement
TB_07_R,ch_05,planar_rotation,0.6962000131607056,0.6369379940862757,-8.512211714185971,30.1187961093545,False,invalid: poor_band_rejection
TB_07_R,ch_06,planar_rotation,0.6962000131607056,0.6370508791302133,-8.495997258310698,30.390801454496383,False,invalid: poor_band_rejection
TB_07_R,ch_07,planar_rotation,0.6962000131607056,0.623942509203152,-10.378842658952122,19.9205102165699,False,invalid: method_disagreement
TB_07_R,ch_08,planar_rotation,0.6962000131607056,0.6206061943393819,-10.858060527481511,20.94037361584902,False,invalid: poor_band_rejection
TB_07_R,ch_09,planar_rotation,0.6962000131607056,0.6343366424561515,-8.885861754540644,31.682600578916073,False,invalid: low_r_squared
TB_07_R,ch_10,planar_rotation,0.6962000131607056,0.635047896503069,-8.783699440051668,35.89732583858967,True,quantitative
TB_07_R,ch_11,planar_rotation,0.6962000131607056,0.6201892266240343,-10.917952470524517,51.603110795485975,False,invalid: poor_band_rejection
TB_07_R,ch_12,planar_rotation,0.6962000131607056,0.6197549714208448,-10.980327534440132,50.51508941491842,False,invalid: poor_band_rejection
TB_07_R,ch_13,planar_rotation,0.6962000131607056,0.6188200869000207,-11.114611433197878,49.42748575435878,False,invalid: low_r_squared
TB_07_R,ch_14,planar_rotation,0.6962000131607056,0.6179305799131366,-11.242377444411487,48.33967323379517,False,invalid: poor_band_rejection
TB_07_R,ch_15,planar_rotation,0.6962000131607056,0.6168679455367291,-11.395010934259215,46.36803479652405,False,invalid: poor_band_rejection
TB_07_R,ch_16,planar_rotation,0.6962000131607056,0.616295809346521,-11.477190793407832,45.41612051852941,False,invalid: poor_band_rejection
TB_07_R,ch_17,planar_rotation,0.6962000131607056,0.6074543324510784,-12.747152977881631,9.586326081216333,False,invalid: poor_band_rejection
TB_07_R,ch_18,planar_rotation,0.6962000131607056,0.6074596039363381,-12.74639579816889,9.654344822502136,False,invalid: poor_band_rejection
TB_07_R,ch_19,planar_rotation,0.6962000131607056,0.6606328863050802,-5.108751247238961,3.5353732868313785,False,fast-decay
TB_07_R,ch_20,planar_rotation,0.6962000131607056,0.6721227217016565,-3.4583871019679515,36.37373550759554,False,invalid: method_disagreement
TB_07_Top_A,ch_01,radial,0.42559999227523804,0.43192290959176355,1.4856478926899142,422.6903268560493,False,invalid: method_disagreement
TB_07_Top_A,ch_02,radial,0.42559999227523804,0.43188040222595997,1.4756602595660655,422.6903268560493,False,invalid: method_disagreement
TB_07_Top_A,ch_03,radial,0.42559999227523804,0.4318804588794456,1.4756735710055988,423.68795877394206,False,invalid: method_disagreement
TB_07_Top_A,ch_04,radial,0.42559999227523804,0.43186810083787947,1.4727698957728845,423.646249974699,False,invalid: method_disagreement
TB_07_Top_A,ch_05,radial,0.42559999227523804,0.423762782364057,-0.4316752689207972,233.49815800194142,True,quantitative
TB_07_Top_A,ch_06,radial,0.42559999227523804,0.42381119157311864,-0.42030092447994444,236.65666322461368,True,quantitative
TB_07_Top_A,ch_07,radial,0.42559999227523804,0.435748834371868,2.384596400571985,3.20034170191288,False,fast-decay
TB_07_Top_A,ch_08,radial,0.42559999227523804,0.386413694501333,-9.207306974893697,7.813760498178006,False,invalid: method_disagreement
TB_07_Top_A,ch_09,radial,0.42559999227523804,0.4244559215091642,-0.2688136247272146,306.19084948254823,True,quantitative
TB_07_Top_A,ch_10,radial,0.42559999227523804,0.4245418841582333,-0.2486156335079199,310.3471313271105,True,quantitative
TB_07_Top_A,ch_11,radial,0.42559999227523804,0.46972614965475123,10.367988294270585,6.06811956986189,False,invalid: low_r_squared
TB_07_Top_A,ch_12,radial,0.42559999227523804,0.49951297484952195,17.366772536613194,4.94594007022977,False,fast-decay
TB_07_Top_A,ch_13,radial,0.42559999227523804,0.42296895124659717,-0.6181957416341677,226.26593733320829,False,invalid: method_disagreement
TB_07_Top_A,ch_14,radial,0.42559999227523804,0.4231411089130258,-0.5777451613819704,232.12627898684144,False,invalid: method_disagreement
TB_07_Top_A,ch_15,radial,0.42559999227523804,0.4995067370971166,17.36530689927331,4.987478629475831,False,fast-decay
TB_07_Top_A,ch_16,radial,0.42559999227523804,0.46126312293584765,8.379495138135729,6.1097006891071794,False,invalid: low_r_squared
TB_07_Top_A,ch_17,radial,0.42559999227523804,0.4560322705017598,7.15044144240516,11.76217930651307,False,invalid: poor_band_rejection
TB_07_Top_A,ch_18,radial,0.42559999227523804,0.45788689361206153,7.586208158562034,11.803717865759134,False,invalid: poor_band_rejection
TB_07_Top_A,ch_19,radial,0.42559999227523804,0.45850702470970767,7.731915655954349,12.59341865142584,False,invalid: poor_band_rejection
TB_07_Top_A,ch_20,radial,0.42559999227523804,0.45656144012522837,7.274776412582118,14.089657984268667,False,invalid: low_r_squared
TB_07_Top_A,ch_01,axial,0.5627999901771545,0.5821467242603825,3.4375860733647343,97.55575029730798,False,invalid: method_disagreement
TB_07_Top_A,ch_02,axial,0.5627999901771545,0.5818181818181818,3.3792096611517044,97.39084990018608,False,invalid: low_r_squared
TB_07_Top_A,ch_03,axial,0.5627999901771545,0.6147688583788178,9.233985271624617,123.5516619395876,False,invalid: low_r_squared
TB_07_Top_A,ch_04,axial,0.5627999901771545,0.6149155687784905,9.26005321800581,153.78038667998968,False,invalid: low_r_squared
TB_07_Top_A,ch_05,axial,0.5627999901771545,0.5455743428976713,-3.060704971594101,15.224133694285154,False,invalid: poor_band_rejection
TB_07_Top_A,ch_06,axial,0.5627999901771545,0.5450949243875469,-3.1458894986893187,15.224133694285154,False,invalid: poor_band_rejection
TB_07_Top_A,ch_07,axial,0.5627999901771545,0.5595626458360143,-0.5752211083232557,21.4897297049284,False,invalid: poor_band_rejection
TB_07_Top_A,ch_08,axial,0.5627999901771545,0.5599999999999999,-0.49751070114149004,21.764544940131902,False,invalid: poor_band_rejection
TB_07_Top_A,ch_09,axial,0.5627999901771545,0.5585552038726495,-0.7542264354284978,28.964220094472168,True,quantitative
TB_07_Top_A,ch_10,axial,0.5627999901771545,0.5578300411399655,-0.8830755373013868,29.898749478161335,True,quantitative
TB_07_Top_A,ch_11,axial,0.5627999901771545,0.5510312319910365,-2.0911084562054643,25.886604628187417,True,quantitative
TB_07_Top_A,ch_12,axial,0.5627999901771545,0.5505383163657424,-2.1786911914395266,26.106434304350618,True,quantitative
TB_07_Top_A,ch_13,axial,0.5627999901771545,0.5389455530255058,-4.238528352521818,5.111405790787935,False,invalid: too_short
TB_07_Top_A,ch_14,axial,0.5627999901771545,0.5396945328943819,-4.105447350043432,41.66036879287959,False,invalid: method_disagreement
TB_07_Top_A,ch_15,axial,0.5627999901771545,0.5474852178991167,-2.721174936981983,29.459090125834944,True,quantitative
TB_07_Top_A,ch_16,axial,0.5627999901771545,0.5474852178991167,-2.721174936981983,28.854530376386645,True,quantitative
TB_07_Top_A,ch_17,axial,0.5627999901771545,0.476278360888021,-15.373424093681813,11.651704476636647,False,invalid: poor_band_rejection
TB_07_Top_A,ch_18,axial,0.5627999901771545,0.4775143784885078,-15.153804757850311,11.816604873758553,False,invalid: method_disagreement
TB_07_Top_A,ch_19,axial,0.5627999901771545,0.5885053142029872,4.567399515721623,24.62249957025051,False,invalid: poor_band_rejection
TB_07_Top_A,ch_20,axial,0.5627999901771545,0.579047619047619,2.8869277103843176,20.17063908795118,False,invalid: poor_band_rejection
TB_07_Top_A,ch_01,planar_rotation,0.5989999771118164,0.5825042711060122,-2.7538742297355556,170.45802248668673,False,invalid: method_disagreement
TB_07_Top_A,ch_02,planar_rotation,0.5989999771118164,0.5825255427632654,-2.750323034732886,184.43868195247646,False,invalid: method_disagreement
TB_07_Top_A,ch_03,planar_rotation,0.5989999771118164,0.6146798398144337,2.617673339191189,130.27062883227347,False,invalid: method_disagreement
TB_07_Top_A,ch_04,planar_rotation,0.5989999771118164,0.6152161864119869,2.7072136760939185,163.02851795057296,False,invalid: method_disagreement
TB_07_Top_A,ch_05,planar_rotation,0.5989999771118164,0.5491470454273818,-8.322693420592314,19.537702053451536,False,invalid: poor_band_rejection
TB_07_Top_A,ch_06,planar_rotation,0.5989999771118164,0.5491470454273818,-8.322693420592314,20.181207728862766,False,invalid: poor_band_rejection
TB_07_Top_A,ch_07,planar_rotation,0.5989999771118164,0.5570986303332245,-6.995216757874786,24.041882381343843,False,invalid: poor_band_rejection
TB_07_Top_A,ch_08,planar_rotation,0.5989999771118164,0.5595626458360146,-6.583861900288522,22.52096153945923,False,invalid: poor_band_rejection
TB_07_Top_A,ch_09,planar_rotation,0.5989999771118164,0.558962744015186,-6.684012458510763,28.545823109245305,True,quantitative
TB_07_Top_A,ch_10,planar_rotation,0.5989999771118164,0.5593370565102531,-6.6215228910032735,28.721569702529905,True,quantitative
TB_07_Top_A,ch_11,planar_rotation,0.5989999771118164,0.5517241379310346,-7.892460932758392,28.663047404766083,False,invalid: poor_band_rejection
TB_07_Top_A,ch_12,planar_rotation,0.5989999771118164,0.5505383163657424,-8.090427812658769,29.131046086883547,True,quantitative
TB_07_Top_A,ch_13,planar_rotation,0.5989999771118164,0.5535137049993357,-7.593701811442586,45.21748997220993,False,invalid: method_disagreement
TB_07_Top_A,ch_14,planar_rotation,0.5989999771118164,0.5538789085613468,-7.532732933985867,45.74395105209351,False,invalid: method_disagreement
TB_07_Top_A,ch_15,planar_rotation,0.5989999771118164,0.5489482362926569,-8.35588359460259,29.716029464530944,True,quantitative
TB_07_Top_A,ch_16,planar_rotation,0.5989999771118164,0.5478182086344577,-8.544535965450375,29.891476557826994,False,invalid: poor_band_rejection
TB_07_Top_A,ch_17,planar_rotation,0.5989999771118164,0.5019626740555571,-16.199884267799433,7.72146910495758,False,invalid: poor_band_rejection
TB_07_Top_A,ch_18,planar_rotation,0.5989999771118164,0.49231011598826346,-17.811329749623173,7.779931502723693,False,invalid: poor_band_rejection
TB_07_Top_A,ch_19,planar_rotation,0.5989999771118164,0.5851423985822837,-2.313452263612677,30.06698355112076,True,quantitative
TB_07_Top_A,ch_20,planar_rotation,0.5989999771118164,0.5832906667012321,-2.6225894842817055,28.54606270923615,False,invalid: poor_band_rejection
TB_07_Top_R,ch_01,radial,0.42239999771118164,0.4275825130312108,1.226921247185409,251.00604113589765,False,invalid: method_disagreement
TB_07_Top_R,ch_02,radial,0.42239999771118164,0.4275120459967814,1.210238710535017,250.9235252963448,False,invalid: method_disagreement
TB_07_Top_R,ch_03,radial,0.42239999771118164,0.4278698166691596,1.2949382072956244,249.35601157683848,False,invalid: method_disagreement
TB_07_Top_R,ch_04,radial,0.42239999771118164,0.42787471119309334,1.2960969487634948,249.52116997594354,False,invalid: method_disagreement
TB_07_Top_R,ch_05,radial,0.42239999771118164,0.4213269375904207,-0.2540388557233437,242.0960242881775,False,invalid: method_disagreement
TB_07_Top_R,ch_06,radial,0.42239999771118164,0.4213270855207963,-0.25400383432742474,242.01365628862385,False,invalid: method_disagreement
TB_07_Top_R,ch_07,radial,0.42239999771118164,0.4195837078539921,-0.6667352917731707,235.04224000639917,False,invalid: method_disagreement
TB_07_Top_R,ch_08,radial,0.42239999771118164,0.4708042513623899,11.459340415125888,4.784989414072037,False,fast-decay
TB_07_Top_R,ch_09,radial,0.42239999771118164,0.471580535850226,11.643119887673828,7.1775052411079425,False,invalid: low_r_squared
TB_07_Top_R,ch_10,radial,0.42239999771118164,0.44876528351766715,6.241781711493502,11.096236739873884,False,invalid: low_r_squared
TB_07_Top_R,ch_11,radial,0.42239999771118164,0.505676215519203,19.715013792438985,4.702536934518814,False,fast-decay
TB_07_Top_R,ch_12,radial,0.42239999771118164,0.5175447676223993,22.524803604822328,12.333742013168337,False,invalid: low_r_squared
TB_07_Top_R,ch_13,radial,0.42239999771118164,0.4735240846187539,12.103240337261704,8.332473554849626,False,invalid: low_r_squared
TB_07_Top_R,ch_14,radial,0.42239999771118164,0.473524084618754,12.103240337261731,8.497505233955382,False,invalid: low_r_squared
TB_07_Top_R,ch_15,radial,0.42239999771118164,0.5166963375624145,22.323944214533004,10.683763142108917,False,invalid: low_r_squared
TB_07_Top_R,ch_16,radial,0.42239999771118164,0.5119990637731405,21.211900224304156,7.012515802001955,False,invalid: low_r_squared
TB_07_Top_R,ch_17,radial,0.42239999771118164,0.46175074151736734,9.315990534898626,16.66498934969902,False,invalid: poor_band_rejection
TB_07_Top_R,ch_18,radial,0.42239999771118164,0.4617507415173672,9.3159905348986,16.747484069252014,False,invalid: poor_band_rejection
TB_07_Top_R,ch_19,radial,0.42239999771118164,0.45259748525522264,7.14902644594442,16.252515751934055,False,invalid: poor_band_rejection
TB_07_Top_R,ch_20,radial,0.42239999771118164,0.45037037037037037,6.621773866181131,18.356236700534822,False,invalid: poor_band_rejection
TB_07_Top_R,ch_01,axial,0.5293999910354614,0.5314179721511229,0.3811826879170185,259.83993948602796,True,quantitative
TB_07_Top_R,ch_02,axial,0.5293999910354614,0.5313886996315322,0.3756533112479024,259.736706487776,True,quantitative
TB_07_Top_R,ch_03,axial,0.5293999910354614,0.5311313984845789,0.3270509026135413,211.6565834199357,False,invalid: poor_band_rejection
TB_07_Top_R,ch_04,axial,0.5293999910354614,0.5313613788307175,0.37049260076861956,247.1219835053861,True,quantitative
TB_07_Top_R,ch_05,axial,0.5293999910354614,0.5279636564552765,-0.2713136767107863,44.771410181868085,True,quantitative
TB_07_Top_R,ch_06,axial,0.5293999910354614,0.5269764010386226,-0.4577994026970884,44.771410181868085,True,quantitative
TB_07_Top_R,ch_07,axial,0.5293999910354614,0.5206778531410758,-1.6475515757614245,16.54374971985817,False,invalid: poor_band_rejection
TB_07_Top_R,ch_08,axial,0.5293999910354614,0.522894044236836,-1.228928392291865,26.004709899652003,False,invalid: poor_band_rejection
TB_07_Top_R,ch_09,axial,0.5293999910354614,0.5206796605168612,-1.6472101749650563,4.652949461209773,False,fast-decay
TB_07_Top_R,ch_10,axial,0.5293999910354614,0.5184772323685336,-2.0632336327705323,4.704618900334834,False,fast-decay
TB_07_Top_R,ch_11,axial,0.5293999910354614,0.5328502158043373,0.6517236167925811,23.93671471467018,True,quantitative
TB_07_Top_R,ch_12,axial,0.5293999910354614,0.5325767515723119,0.6000681130796734,23.729931078171724,True,quantitative
TB_07_Top_R,ch_13,axial,0.5293999910354614,0.5029472710081075,-4.996736017243712,27.19379521951675,False,invalid: method_disagreement
TB_07_Top_R,ch_14,axial,0.5293999910354614,0.5025767528934809,-5.0667243287096655,26.62506080914736,False,invalid: method_disagreement
TB_07_Top_R,ch_15,axial,0.5293999910354614,0.5338393483277482,0.8385639152739164,23.264641426050666,True,quantitative
TB_07_Top_R,ch_16,axial,0.5293999910354614,0.5325767515723118,0.6000681130796525,23.05785778955221,True,quantitative
TB_07_Top_R,ch_17,axial,0.5293999910354614,0.46545441649747765,-12.07887714786539,25.539420247530934,False,invalid: poor_band_rejection
TB_07_Top_R,ch_18,axial,0.5293999910354614,0.46641889929379937,-11.896693012494463,25.642812065780163,False,invalid: poor_band_rejection
TB_07_Top_R,ch_19,axial,0.5293999910354614,0.5251273433807699,-0.8070736167438444,8.995670527672768,False,invalid: poor_band_rejection
TB_07_Top_R,ch_20,axial,0.5293999910354614,0.5296516657544887,0.04753961527937747,7.858307586932181,False,invalid: low_r_squared
TB_07_Top_R,ch_01,planar_rotation,0.5712000131607056,0.5315902423657735,-6.934483522812526,291.23371803815604,True,quantitative
TB_07_Top_R,ch_02,planar_rotation,0.5712000131607056,0.5315852571823464,-6.935356278994635,287.9982469556093,True,quantitative
TB_07_Top_R,ch_03,planar_rotation,0.5712000131607056,0.5315619138865447,-6.939442990350347,270.1480751843333,True,quantitative
TB_07_Top_R,ch_04,planar_rotation,0.5712000131607056,0.5314816034312961,-6.953502943676362,270.4829697520494,True,quantitative
TB_07_Top_R,ch_05,planar_rotation,0.5712000131607056,0.5277216683639843,-7.61175486606454,52.65738697324991,True,quantitative
TB_07_Top_R,ch_06,planar_rotation,0.5712000131607056,0.5277210758323958,-7.61185860058394,52.712964734530445,False,invalid: poor_band_rejection
TB_07_Top_R,ch_07,planar_rotation,0.5712000131607056,0.5217845030002609,-8.651174548650042,18.630945069265366,True,quantitative
TB_07_Top_R,ch_08,planar_rotation,0.5712000131607056,0.5235174509307093,-8.347787312914656,29.564056041169163,False,invalid: low_r_squared
TB_07_Top_R,ch_09,planar_rotation,0.5712000131607056,0.5416638365447692,-5.170899148356008,67.71833196026088,False,invalid: low_r_squared
TB_07_Top_R,ch_10,planar_rotation,0.5712000131607056,0.5412820753997057,-5.237734081175956,66.26788376684189,False,invalid: method_disagreement
TB_07_Top_R,ch_11,planar_rotation,0.5712000131607056,0.5351066443219105,-6.31886694803705,24.878445213210583,True,quantitative
TB_07_Top_R,ch_12,planar_rotation,0.5712000131607056,0.5331023223269917,-6.669763647746128,26.719251495623592,True,quantitative
TB_07_Top_R,ch_13,planar_rotation,0.5712000131607056,0.4943433002358723,-13.455306574583329,9.482834138488768,False,invalid: poor_band_rejection
TB_07_Top_R,ch_14,planar_rotation,0.5712000131607056,0.4977777777777777,-12.854032508971724,9.20386005206108,False,invalid: poor_band_rejection
TB_07_Top_R,ch_15,planar_rotation,0.5712000131607056,0.5340590344212657,-6.502272038462012,26.384528287911415,True,quantitative
TB_07_Top_R,ch_16,planar_rotation,0.5712000131607056,0.5340590344212658,-6.502272038461992,25.659332751202587,True,quantitative
TB_07_Top_R,ch_17,planar_rotation,0.5712000131607056,0.48301945119329964,-15.437773097984254,13.777972637450697,False,invalid: poor_band_rejection
TB_07_Top_R,ch_18,planar_rotation,0.5712000131607056,0.48136883793186436,-15.72674600124133,13.889585120022298,False,invalid: poor_band_rejection
TB_07_Top_R,ch_19,planar_rotation,0.5712000131607056,0.5548773721007657,-2.857605161739996,24.264862159073356,False,invalid: low_r_squared
TB_07_Top_R,ch_20,planar_rotation,0.5712000131607056,0.5548773721007658,-2.8576051617399765,23.707028226220604,False,invalid: low_r_squared
TB_13+07_MidTop_AA,ch_01,radial,0.28790000081062317,0.31599151724422025,9.757386715700399,276.90682717967036,True,quantitative
TB_13+07_MidTop_AA,ch_02,radial,0.28790000081062317,0.3160044727106749,9.761886704035987,277.63789165172875,True,quantitative
TB_13+07_MidTop_AA,ch_03,radial,0.28790000081062317,0.2899071952330337,0.6971845837995836,285.0882168157062,False,invalid: method_disagreement
TB_13+07_MidTop_AA,ch_04,radial,0.28790000081062317,0.2913826899534162,1.2096870903046317,8.547022637065352,False,invalid: method_disagreement
TB_13+07_MidTop_AA,ch_05,radial,0.28790000081062317,0.3132265953473804,8.797010929297194,25.163122240850328,False,invalid: low_r_squared
TB_13+07_MidTop_AA,ch_06,radial,0.28790000081062317,0.31322470861066776,8.796355584834766,24.99432647037506,False,invalid: method_disagreement
TB_13+07_MidTop_AA,ch_07,radial,0.28790000081062317,0.2603398302584307,-9.572827535461235,5.398125015199184,False,invalid: low_r_squared
TB_13+07_MidTop_AA,ch_08,radial,0.28790000081062317,0.32,11.149704445639024,5.76361406622827,False,invalid: low_r_squared
TB_13+07_MidTop_AA,ch_09,radial,0.28790000081062317,0.31507687875841706,9.439693598914047,14.535581610926986,False,invalid: poor_band_rejection
TB_13+07_MidTop_AA,ch_10,radial,0.28790000081062317,0.3125315978637547,8.555608538998873,16.194375045597553,False,invalid: poor_band_rejection
TB_13+07_MidTop_AA,ch_11,radial,0.28790000081062317,0.33499684921882356,16.35875244028918,33.091485203173754,False,invalid: poor_band_rejection
TB_13+07_MidTop_AA,ch_12,radial,0.28790000081062317,0.33499654591399286,16.358647089532028,33.0351719630152,False,invalid: poor_band_rejection
TB_13+07_MidTop_AA,ch_13,radial,0.28790000081062317,0.31708597245231684,10.137537881040794,78.16030140007138,False,invalid: method_disagreement
TB_13+07_MidTop_AA,ch_14,radial,0.28790000081062317,0.31670194090614207,10.004147278368517,85.21719105994104,False,invalid: low_r_squared
TB_13+07_MidTop_AA,ch_15,radial,0.28790000081062317,0.3354168639707043,16.504641551334036,30.08310293470323,False,invalid: poor_band_rejection
TB_13+07_MidTop_AA,ch_16,radial,0.28790000081062317,0.3350912483036006,16.391541285204514,30.16760158494115,False,invalid: poor_band_rejection
TB_13+07_MidTop_AA,ch_17,radial,0.28790000081062317,0.30011842673118816,4.243982593317917,48.89227215766311,True,quantitative
TB_13+07_MidTop_AA,ch_18,radial,0.28790000081062317,0.30029344675617015,4.304774543470468,49.03276735805869,True,quantitative
TB_13+07_MidTop_AA,ch_19,radial,0.28790000081062317,0.29584612947371836,2.7600307887189084,31.292138988107443,False,invalid: method_disagreement
TB_13+07_MidTop_AA,ch_20,radial,0.28790000081062317,0.3315112492817256,15.14805430646363,9.390491906440259,False,invalid: method_disagreement
TB_13+07_MidTop_AA,ch_01,axial,0.31679999828338623,0.31605612030159885,-0.23480997027088313,305.5076306645751,True,quantitative
TB_13+07_MidTop_AA,ch_02,axial,0.31679999828338623,0.31606886849528454,-0.2307859192119302,305.5077257045746,True,quantitative
TB_13+07_MidTop_AA,ch_03,axial,0.31679999828338623,0.35983659329612155,13.584783852883078,310.58134103708267,False,invalid: low_r_squared
TB_13+07_MidTop_AA,ch_04,axial,0.31679999828338623,0.35999195116261795,13.633823583734788,305.35287386541364,False,invalid: low_r_squared
TB_13+07_MidTop_AA,ch_05,axial,0.31679999828338623,0.3131160848892497,-1.162851456470394,27.936437608623503,False,invalid: method_disagreement
TB_13+07_MidTop_AA,ch_06,axial,0.31679999828338623,0.31322470861066776,-1.1285636654329396,27.596226090466978,False,invalid: method_disagreement
TB_13+07_MidTop_AA,ch_07,axial,0.31679999828338623,0.3403469467179456,7.432748914820371,22.522515717959404,False,invalid: low_r_squared
TB_13+07_MidTop_AA,ch_08,axial,0.31679999828338623,0.3341267205069292,5.469293660804806,16.768128869140146,False,invalid: method_disagreement
TB_13+07_MidTop_AA,ch_09,axial,0.31679999828338623,0.3229233057148927,1.9328622047620716,38.60980971078872,False,invalid: low_r_squared
TB_13+07_MidTop_AA,ch_10,axial,0.31679999828338623,0.31411047055842556,-0.8489670894994186,17.139386787128444,False,invalid: low_r_squared
TB_13+07_MidTop_AA,ch_11,axial,0.31679999828338623,0.33776436239974167,6.617539214000325,39.135887787938124,True,quantitative
TB_13+07_MidTop_AA,ch_12,axial,0.31679999828338623,0.33767641482196853,6.5897779834922146,38.733488430118555,True,quantitative
TB_13+07_MidTop_AA,ch_13,axial,0.31679999828338623,0.3228826967162829,1.9200437076566903,7.270306520605084,True,quantitative
TB_13+07_MidTop_AA,ch_14,axial,0.31679999828338623,0.31659660690139757,-0.0642018254705674,93.89524269121885,False,invalid: method_disagreement
TB_13+07_MidTop_AA,ch_15,axial,0.31679999828338623,0.3379859690149079,6.687490797449515,36.01116268486977,True,quantitative
TB_13+07_MidTop_AA,ch_16,axial,0.31679999828338623,0.33836759008369255,6.807951994056995,36.815327800512314,True,quantitative
TB_13+07_MidTop_AA,ch_17,axial,0.31679999828338623,0.30048324776434576,-5.1504894594237625,54.66634242378474,True,quantitative
TB_13+07_MidTop_AA,ch_18,axial,0.31679999828338623,0.30065702402603334,-5.095635841169596,54.851987222778796,True,quantitative
TB_13+07_MidTop_AA,ch_19,axial,0.31679999828338623,0.3373645084599111,6.491322691905248,17.263128866457937,False,invalid: method_disagreement
TB_13+07_MidTop_AA,ch_20,axial,0.31679999828338623,0.3378142992570197,6.633302110953811,15.654355115175248,False,invalid: low_r_squared
TB_13+07_MidTop_AA,ch_01,planar_rotation,0.35580000281333923,0.316088101995267,-11.161298623964882,343.1175828730583,False,invalid: method_disagreement
TB_13+07_MidTop_AA,ch_02,planar_rotation,0.35580000281333923,0.3161008790203951,-11.157707554536254,343.11733381305635,False,invalid: method_disagreement
TB_13+07_MidTop_AA,ch_03,planar_rotation,0.35580000281333923,0.3600321846334795,1.1894833576942352,350.3796032504797,False,invalid: method_disagreement
TB_13+07_MidTop_AA,ch_04,planar_rotation,0.35580000281333923,0.36007216215434357,1.2007193106306986,348.8855278786659,False,invalid: method_disagreement
TB_13+07_MidTop_AA,ch_05,planar_rotation,0.35580000281333923,0.31497945883957706,-11.47289028976696,56.87932700974942,False,invalid: poor_band_rejection
TB_13+07_MidTop_AA,ch_06,planar_rotation,0.35580000281333923,0.314978446474877,-11.473174821720885,56.70537638837397,False,invalid: poor_band_rejection
TB_13+07_MidTop_AA,ch_07,planar_rotation,0.35580000281333923,0.3418290230675141,-3.9266384585035015,25.468875801384446,False,invalid: method_disagreement
TB_13+07_MidTop_AA,ch_08,planar_rotation,0.35580000281333923,0.3377151878962876,-5.08285968916625,31.47972546891272,False,invalid: poor_band_rejection
TB_13+07_MidTop_AA,ch_09,planar_rotation,0.35580000281333923,0.32025659944152174,-9.989714190773734,87.83794779454172,False,invalid: low_r_squared
TB_13+07_MidTop_AA,ch_10,planar_rotation,0.35580000281333923,0.31453904303243596,-11.596672134527697,22.272226256108283,False,invalid: method_disagreement
TB_13+07_MidTop_AA,ch_11,planar_rotation,0.35580000281333923,0.3378484363650404,-5.045409304765132,45.517067399907106,True,quantitative
TB_13+07_MidTop_AA,ch_12,planar_rotation,0.35580000281333923,0.3378489798971813,-5.04525654137654,45.86464842265546,True,quantitative
TB_13+07_MidTop_AA,ch_13,planar_rotation,0.35580000281333923,0.31760451721238514,-10.7350998591735,131.37466795879007,False,invalid: method_disagreement
TB_13+07_MidTop_AA,ch_14,planar_rotation,0.35580000281333923,0.31741546913112206,-10.788233102503535,160.7006648506731,False,invalid: poor_band_rejection
TB_13+07_MidTop_AA,ch_15,planar_rotation,0.35580000281333923,0.3382337770396765,-4.937106698922197,43.988550587821,True,quantitative
TB_13+07_MidTop_AA,ch_16,planar_rotation,0.35580000281333923,0.338514008132799,-4.858345852686469,43.571375084522366,True,quantitative
TB_13+07_MidTop_AA,ch_17,planar_rotation,0.35580000281333923,0.3050087771457812,-14.275217893745856,121.64602848186493,False,invalid: method_disagreement
TB_13+07_MidTop_AA,ch_18,planar_rotation,0.35580000281333923,0.3049578978713939,-14.289517858328482,120.53390441307127,False,invalid: poor_band_rejection
TB_13+07_MidTop_AA,ch_19,planar_rotation,0.35580000281333923,0.34178919809418346,-3.9378315369227708,27.101962234297392,False,invalid: poor_band_rejection
TB_13+07_MidTop_AA,ch_20,planar_rotation,0.35580000281333923,0.34291241425711577,-3.6221440287578033,30.99345360506773,True,quantitative
TB_13+07_MidTop_AR,ch_01,radial,0.28679999709129333,0.3144038251773505,9.624765817996291,283.71895921454103,True,quantitative
TB_13+07_MidTop_AR,ch_02,radial,0.28679999709129333,0.3143594456277261,9.60929177682667,283.71886170254203,True,quantitative
TB_13+07_MidTop_AR,ch_03,radial,0.28679999709129333,0.28813869796006064,0.4667715768285643,285.7356823020875,False,invalid: method_disagreement
TB_13+07_MidTop_AR,ch_04,radial,0.28679999709129333,0.3120761676500479,8.813169740273304,30.61239786153108,False,invalid: method_disagreement
TB_13+07_MidTop_AR,ch_05,radial,0.28679999709129333,0.31077423184379244,8.359217223027967,19.941576637753844,False,invalid: low_r_squared
TB_13+07_MidTop_AR,ch_06,radial,0.28679999709129333,0.31077423184379244,8.359217223027967,19.941576637753844,False,invalid: low_r_squared
TB_13+07_MidTop_AR,ch_07,radial,0.28679999709129333,0.2625636716903849,-8.450601689927348,3.7530647619366646,False,fast-decay
TB_13+07_MidTop_AR,ch_08,radial,0.28679999709129333,0.2890328547775067,0.7785417394905287,7.926205479612946,False,invalid: low_r_squared
TB_13+07_MidTop_AR,ch_09,radial,0.28679999709129333,0.3135837772659228,9.338835580986329,78.1135928877771,False,invalid: low_r_squared
TB_13+07_MidTop_AR,ch_10,radial,0.28679999709129333,0.3136697266891115,9.368803999417441,88.53257790210844,False,invalid: low_r_squared
TB_13+07_MidTop_AR,ch_11,radial,0.28679999709129333,0.3345836194903763,16.660956375070192,34.00122949516177,False,invalid: poor_band_rejection
TB_13+07_MidTop_AR,ch_12,radial,0.28679999709129333,0.33447254109080926,16.62222610983533,34.085462654307484,False,invalid: poor_band_rejection
TB_13+07_MidTop_AR,ch_13,radial,0.28679999709129333,0.3147463403192649,9.744192298257163,68.03070879003702,False,invalid: method_disagreement
TB_13+07_MidTop_AR,ch_14,radial,0.28679999709129333,0.31474606890783113,9.744097663865068,68.22702338804602,False,invalid: method_disagreement
TB_13+07_MidTop_AR,ch_15,radial,0.28679999709129333,0.3355346060450909,16.992541648556745,24.170557314863803,False,invalid: poor_band_rejection
TB_13+07_MidTop_AR,ch_16,radial,0.28679999709129333,0.3351297945281993,16.851393977358292,24.03051287628412,False,invalid: poor_band_rejection
TB_13+07_MidTop_AR,ch_17,radial,0.28679999709129333,0.3008556882784983,4.900868664489836,53.80284773433506,True,quantitative
TB_13+07_MidTop_AR,ch_18,radial,0.28679999709129333,0.30085486542488366,4.9005817559741525,53.91498653319776,True,quantitative
TB_13+07_MidTop_AR,ch_19,radial,0.28679999709129333,0.33246780880441246,15.9232260028867,10.194822136604783,False,invalid: method_disagreement
TB_13+07_MidTop_AR,ch_20,radial,0.28679999709129333,0.32,11.576012289197667,4.117157358244061,False,fast-decay
TB_13+07_MidTop_AR,ch_01,axial,0.31470000743865967,0.31443516911575026,-0.08415580446436194,310.98115968675614,False,invalid: method_disagreement
TB_13+07_MidTop_AR,ch_02,axial,0.31470000743865967,0.31445276753583135,-0.07856367873665003,311.04262374520897,True,quantitative
TB_13+07_MidTop_AR,ch_03,axial,0.31470000743865967,0.3540212723811021,12.49484080489156,154.3994079195857,False,invalid: low_r_squared
TB_13+07_MidTop_AR,ch_04,axial,0.31470000743865967,0.3540235871852191,12.495576363856378,130.5819357866049,False,invalid: low_r_squared
TB_13+07_MidTop_AR,ch_05,axial,0.31470000743865967,0.3103031506630403,-1.3971581416236136,21.420496586322784,False,invalid: method_disagreement
TB_13+07_MidTop_AR,ch_06,axial,0.31470000743865967,0.31079878559463986,-1.2396637279330929,21.389750395596028,False,invalid: low_r_squared
TB_13+07_MidTop_AR,ch_07,axial,0.31470000743865967,0.34304905429951954,9.008276514383489,19.91459411072731,False,invalid: low_r_squared
TB_13+07_MidTop_AR,ch_08,axial,0.31470000743865967,0.3408601890921899,8.31273626792948,23.94055130589008,False,invalid: low_r_squared
TB_13+07_MidTop_AR,ch_09,axial,0.31470000743865967,0.31335578303693234,-0.42714469969923186,85.22082495439054,False,invalid: method_disagreement
TB_13+07_MidTop_AR,ch_10,axial,0.31470000743865967,0.3147537681271941,0.01708315451657205,16.564769881546493,False,invalid: method_disagreement
TB_13+07_MidTop_AR,ch_11,axial,0.31470000743865967,0.33705511733931903,7.103625475768936,40.720418642520904,True,quantitative
TB_13+07_MidTop_AR,ch_12,axial,0.31470000743865967,0.33712088649308314,7.124524475517744,37.83156698423624,True,quantitative
TB_13+07_MidTop_AR,ch_13,axial,0.31470000743865967,0.3146853890298122,-0.0046451885929259295,75.20197257757187,False,invalid: method_disagreement
TB_13+07_MidTop_AR,ch_14,axial,0.31470000743865967,0.3146136759548094,-0.027432946237573787,74.40294925868511,False,invalid: method_disagreement
TB_13+07_MidTop_AR,ch_15,axial,0.31470000743865967,0.3397617515095804,7.963693510813045,34.420187433600425,True,quantitative
TB_13+07_MidTop_AR,ch_16,axial,0.31470000743865967,0.3397611101883032,7.963489722677666,34.481648345053195,True,quantitative
TB_13+07_MidTop_AR,ch_17,axial,0.31470000743865967,0.3010210952414902,-4.34665137395516,60.97293762123585,True,quantitative
TB_13+07_MidTop_AR,ch_18,axial,0.31470000743865967,0.30117712702383104,-4.297070255857705,61.034304122686386,True,quantitative
TB_13+07_MidTop_AR,ch_19,axial,0.31470000743865967,0.342892233646768,8.958444722504016,21.420496586322784,False,invalid: poor_band_rejection
TB_13+07_MidTop_AR,ch_20,axial,0.31470000743865967,0.34133354138425376,8.463150084540565,20.92877782469988,False,invalid: low_r_squared
TB_13+07_MidTop_AR,ch_01,planar_rotation,0.35339999198913574,0.3145465117105353,-10.994193876437567,340.1818781087637,False,invalid: method_disagreement
TB_13+07_MidTop_AR,ch_02,planar_rotation,0.35339999198913574,0.31456432840515886,-10.98915236680899,340.0782258911133,False,invalid: method_disagreement
TB_13+07_MidTop_AR,ch_03,planar_rotation,0.35339999198913574,0.3542587946775915,0.24301151893692902,349.0511965817142,True,quantitative
TB_13+07_MidTop_AR,ch_04,planar_rotation,0.35339999198913574,0.3542465879424405,0.23955743420922324,342.2180275026083,False,invalid: low_r_squared
TB_13+07_MidTop_AR,ch_05,planar_rotation,0.35339999198913574,0.31336808012518547,-11.327649341084575,36.513287172317504,False,invalid: poor_band_rejection
TB_13+07_MidTop_AR,ch_06,planar_rotation,0.35339999198913574,0.313367446580959,-11.327828612233649,36.54781435153484,False,invalid: poor_band_rejection
TB_13+07_MidTop_AR,ch_07,planar_rotation,0.35339999198913574,0.3439220650412097,-2.681926192068904,32.406425865411755,False,invalid: poor_band_rejection
TB_13+07_MidTop_AR,ch_08,planar_rotation,0.35339999198913574,0.34133420714890367,-3.414200654708278,37.82486056258678,False,invalid: poor_band_rejection
TB_13+07_MidTop_AR,ch_09,planar_rotation,0.35339999198913574,0.31479207983127144,-10.924706574144798,19.499127277994155,False,invalid: method_disagreement
TB_13+07_MidTop_AR,ch_10,planar_rotation,0.35339999198913574,0.31711535813764175,-10.26729900226185,89.7993267044306,False,invalid: method_disagreement
TB_13+07_MidTop_AR,ch_11,planar_rotation,0.35339999198913574,0.33741183154204263,-4.5240975691885765,46.556031444668776,True,quantitative
TB_13+07_MidTop_AR,ch_12,planar_rotation,0.35339999198913574,0.33724693066969585,-4.570758824447417,47.315417347455025,True,quantitative
TB_13+07_MidTop_AR,ch_13,planar_rotation,0.35339999198913574,0.3152307904163203,-10.80056662083593,107.57290784153936,False,invalid: method_disagreement
TB_13+07_MidTop_AR,ch_14,planar_rotation,0.35339999198913574,0.31533322755839815,-10.771580445284174,107.77985887684821,False,invalid: method_disagreement
TB_13+07_MidTop_AR,ch_15,planar_rotation,0.35339999198913574,0.3393962431744992,-3.962577569913207,37.72103164494038,True,quantitative
TB_13+07_MidTop_AR,ch_16,planar_rotation,0.35339999198913574,0.3397184219593988,-3.871412093907905,37.37614859275818,True,quantitative
TB_13+07_MidTop_AR,ch_17,planar_rotation,0.35339999198913574,0.3032179461185363,-14.199786929294026,98.28930209197998,False,invalid: poor_band_rejection
TB_13+07_MidTop_AR,ch_18,planar_rotation,0.35339999198913574,0.30332709624605314,-14.168901210564247,98.08220969667434,False,invalid: poor_band_rejection
TB_13+07_MidTop_AR,ch_19,planar_rotation,0.35339999198913574,0.34224587217253577,-3.1562309194797242,26.29794234387875,True,quantitative
TB_13+07_MidTop_AR,ch_20,planar_rotation,0.35339999198913574,0.3418290230675142,-3.2741848284980244,24.81390975751877,False,invalid: poor_band_rejection
TB_13+07_MidTop_RA,ch_01,radial,0.2872999906539917,0.3171455248094843,10.388282327317214,167.75053427899363,True,quantitative
TB_13+07_MidTop_RA,ch_02,radial,0.2872999906539917,0.3171454810784973,10.388267105949856,167.83460400225877,True,quantitative
TB_13+07_MidTop_RA,ch_03,radial,0.2872999906539917,0.3173103105434837,10.44563900652359,118.39895781642439,False,invalid: method_disagreement
TB_13+07_MidTop_RA,ch_04,radial,0.2872999906539917,0.3175959717281841,10.545068590231601,31.367171647610668,False,invalid: method_disagreement
TB_13+07_MidTop_RA,ch_05,radial,0.2872999906539917,0.31267506546634183,8.832257444418254,23.511395845162866,False,invalid: method_disagreement
TB_13+07_MidTop_RA,ch_06,radial,0.2872999906539917,0.31267180664375477,8.831123151799712,23.511395845162866,False,invalid: method_disagreement
TB_13+07_MidTop_RA,ch_07,radial,0.2872999906539917,0.2805481911655374,-2.350086915452001,3.6473595713496207,False,fast-decay
TB_13+07_MidTop_RA,ch_08,radial,0.2872999906539917,0.2968107682946738,3.3103995649398907,2.8617664769053457,False,fast-decay
TB_13+07_MidTop_RA,ch_09,radial,0.2872999906539917,0.3164053286492561,10.130643557979523,61.5841894966364,False,invalid: method_disagreement
TB_13+07_MidTop_RA,ch_10,radial,0.2872999906539917,0.31631167369476587,10.098045243487059,61.89280714659691,False,invalid: method_disagreement
TB_13+07_MidTop_RA,ch_11,radial,0.2872999906539917,0.3344321819311069,16.405218520831287,19.078500639367103,False,invalid: poor_band_rejection
TB_13+07_MidTop_RA,ch_12,radial,0.2872999906539917,0.3349528035549657,16.586430369350214,19.302968122065067,False,invalid: poor_band_rejection
TB_13+07_MidTop_RA,ch_13,radial,0.2872999906539917,0.3167720105760533,10.258273888200744,84.25405493917467,False,invalid: low_r_squared
TB_13+07_MidTop_RA,ch_14,radial,0.2872999906539917,0.3168790445132393,10.29552900155537,85.0116075545311,False,invalid: low_r_squared
TB_13+07_MidTop_RA,ch_15,radial,0.2872999906539917,0.3332540592616605,15.99515144538009,20.284959490120414,False,invalid: poor_band_rejection
TB_13+07_MidTop_RA,ch_16,radial,0.2872999906539917,0.3332540592616605,15.99515144538009,20.06049200742245,False,invalid: poor_band_rejection
TB_13+07_MidTop_RA,ch_17,radial,0.2872999906539917,0.3081611167354725,7.261095287192252,57.74040292167663,True,quantitative
TB_13+07_MidTop_RA,ch_18,radial,0.2872999906539917,0.3084651431859797,7.366917236512589,57.93691611528397,True,quantitative
TB_13+07_MidTop_RA,ch_19,radial,0.2872999906539917,0.30117760443333436,4.830356502188715,3.3106727123022077,False,fast-decay
TB_13+07_MidTop_RA,ch_20,radial,0.2872999906539917,0.29582230636723383,2.9663473687703465,13.551365959167482,False,invalid: poor_band_rejection
TB_13+07_MidTop_RA,ch_01,axial,0.31679999828338623,0.31719877623333004,0.12587687882090495,184.63477723953721,True,quantitative
TB_13+07_MidTop_RA,ch_02,axial,0.31679999828338623,0.31723721404012173,0.13801002496988557,184.63477723953721,True,quantitative
TB_13+07_MidTop_RA,ch_03,axial,0.31679999828338623,0.35286213535226935,11.3832503990813,46.40609926854372,False,invalid: low_r_squared
TB_13+07_MidTop_RA,ch_04,axial,0.31679999828338623,0.3529638005194653,11.415341676779166,79.66401652833224,False,invalid: low_r_squared
TB_13+07_MidTop_RA,ch_05,axial,0.31679999828338623,0.3125769720793745,-1.333025955459161,26.760729454994205,False,invalid: method_disagreement
TB_13+07_MidTop_RA,ch_06,axial,0.31679999828338623,0.3129596594998904,-1.212228157924589,26.729809775161748,False,invalid: method_disagreement
TB_13+07_MidTop_RA,ch_07,axial,0.31679999828338623,0.32133882608500053,1.432710803727402,16.52061303048134,False,invalid: method_disagreement
TB_13+07_MidTop_RA,ch_08,axial,0.31679999828338623,0.3303228614509335,4.268580568441379,17.23220918662548,False,invalid: low_r_squared
TB_13+07_MidTop_RA,ch_09,axial,0.31679999828338623,0.3166049365797783,-0.06157250778564021,68.18600411052704,False,invalid: method_disagreement
TB_13+07_MidTop_RA,ch_10,axial,0.31679999828338623,0.31645808772407125,-0.1079263134998933,68.80496794717311,False,invalid: method_disagreement
TB_13+07_MidTop_RA,ch_11,axial,0.31679999828338623,0.3401195277197415,7.360962614493241,26.76079281499386,True,quantitative
TB_13+07_MidTop_RA,ch_12,axial,0.31679999828338623,0.340524480669763,7.48878867264215,27.193985132646556,True,quantitative
TB_13+07_MidTop_RA,ch_13,axial,0.31679999828338623,0.31666548490779184,-0.04246003040507147,92.65779021792413,False,invalid: method_disagreement
TB_13+07_MidTop_RA,ch_14,axial,0.31679999828338623,0.31689399150351283,0.02966957722093122,102.9290164022684,False,invalid: method_disagreement
TB_13+07_MidTop_RA,ch_15,axial,0.31679999828338623,0.3393849175002077,7.129078074242494,28.091067687785625,True,quantitative
TB_13+07_MidTop_RA,ch_16,axial,0.31679999828338623,0.3393166163347019,7.107518362791762,27.905486248791217,True,quantitative
TB_13+07_MidTop_RA,ch_17,axial,0.31679999828338623,0.30834511178504964,-2.6688404495423836,64.41177565097809,True,quantitative
TB_13+07_MidTop_RA,ch_18,axial,0.31679999828338623,0.30831297709537836,-2.678983975377424,64.62846684980393,True,quantitative
TB_13+07_MidTop_RA,ch_19,axial,0.31679999828338623,0.34711856876071734,9.570255884348308,19.67625781338215,False,invalid: poor_band_rejection
TB_13+07_MidTop_RA,ch_20,axial,0.31679999828338623,0.34133317151612613,7.744057249266242,9.40499994903803,False,invalid: method_disagreement
TB_13+07_MidTop_RA,ch_01,planar_rotation,0.35350000858306885,0.3172816779656472,-10.245637832540732,208.2335882009637,False,invalid: method_disagreement
TB_13+07_MidTop_RA,ch_02,planar_rotation,0.35350000858306885,0.31733464016060275,-10.230655599536599,208.99290621940017,False,invalid: method_disagreement
TB_13+07_MidTop_RA,ch_03,planar_rotation,0.35350000858306885,0.35283653432324014,-0.18768719765753605,91.72335422706604,False,invalid: low_r_squared
TB_13+07_MidTop_RA,ch_04,planar_rotation,0.35350000858306885,0.3532361422005844,-0.07464395362876734,93.1733122822714,False,invalid: low_r_squared
TB_13+07_MidTop_RA,ch_05,planar_rotation,0.35350000858306885,0.31640459189355,-10.493752698396833,87.40810892229081,False,invalid: poor_band_rejection
TB_13+07_MidTop_RA,ch_06,planar_rotation,0.35350000858306885,0.3165327089280312,-10.457510256707875,87.44275192313195,False,invalid: poor_band_rejection
TB_13+07_MidTop_RA,ch_07,planar_rotation,0.35350000858306885,0.3443945199943978,-2.575810004975249,17.295270719933512,False,invalid: low_r_squared
TB_13+07_MidTop_RA,ch_08,planar_rotation,0.35350000858306885,0.3339128576484966,-5.5409195074940065,17.50238637496233,False,invalid: low_r_squared
TB_13+07_MidTop_RA,ch_09,planar_rotation,0.35350000858306885,0.31755079104313827,-10.169509665367627,177.23299135326147,False,invalid: method_disagreement
TB_13+07_MidTop_RA,ch_10,planar_rotation,0.35350000858306885,0.3175342805499919,-10.17418024323057,188.6597730807066,False,invalid: method_disagreement
TB_13+07_MidTop_RA,ch_11,planar_rotation,0.35350000858306885,0.3405530581664623,-3.662503564993306,30.62024144346714,True,quantitative
TB_13+07_MidTop_RA,ch_12,planar_rotation,0.35350000858306885,0.34012035401669993,-3.7849092620954874,31.000218602693085,True,quantitative
TB_13+07_MidTop_RA,ch_13,planar_rotation,0.35350000858306885,0.31776195662016626,-10.10977400146357,193.8035517055988,False,invalid: method_disagreement
TB_13+07_MidTop_RA,ch_14,planar_rotation,0.35350000858306885,0.31770465183885804,-10.125984688851645,193.83780585643055,False,invalid: method_disagreement
TB_13+07_MidTop_RA,ch_15,planar_rotation,0.35350000858306885,0.33899771234992043,-4.102488226599442,31.72510572029352,True,quantitative
TB_13+07_MidTop_RA,ch_16,planar_rotation,0.35350000858306885,0.3389981086243457,-4.102376126340417,31.379877611911294,True,quantitative
TB_13+07_MidTop_RA,ch_17,planar_rotation,0.35350000858306885,0.31040529146550777,-12.190867346877097,106.25708287994861,False,invalid: poor_band_rejection
TB_13+07_MidTop_RA,ch_18,planar_rotation,0.35350000858306885,0.31040466421391355,-12.191044787210616,106.7749603925228,False,invalid: poor_band_rejection
TB_13+07_MidTop_RA,ch_19,planar_rotation,0.35350000858306885,0.34572397068919253,-2.1997277807842064,23.09489791074991,False,invalid: poor_band_rejection
TB_13+07_MidTop_RA,ch_20,planar_rotation,0.35350000858306885,0.34492645521237775,-2.4253332850135996,17.744038980829718,False,invalid: low_r_squared
TB_13+07_MidTop_RR,ch_01,radial,0.2874000072479248,0.3172396456393001,10.382615740727607,72.46739450755119,False,invalid: method_disagreement
TB_13+07_MidTop_RR,ch_02,radial,0.2874000072479248,0.3172155743580038,10.374240208128692,82.03798718891144,False,invalid: method_disagreement
TB_13+07_MidTop_RR,ch_03,radial,0.2874000072479248,0.2878989103452129,0.17359188751089336,169.66117966267586,False,invalid: method_disagreement
TB_13+07_MidTop_RR,ch_04,radial,0.2874000072479248,0.2878237992042494,0.14745718358976898,168.73517683932303,False,invalid: method_disagreement
TB_13+07_MidTop_RR,ch_05,radial,0.2874000072479248,0.31030437278535167,7.969507640850014,49.56514894998073,False,invalid: low_r_squared
TB_13+07_MidTop_RR,ch_06,radial,0.2874000072479248,0.31006982772520375,7.88789836658664,38.95606508243084,False,invalid: method_disagreement
TB_13+07_MidTop_RR,ch_07,radial,0.2874000072479248,0.28556417056134736,-0.6387740571606046,165.311162128973,False,invalid: method_disagreement
TB_13+07_MidTop_RR,ch_08,radial,0.2874000072479248,0.28639707038638484,-0.34896897572962815,164.8618696976423,False,invalid: method_disagreement
TB_13+07_MidTop_RR,ch_09,radial,0.2874000072479248,0.3106084820162699,8.075321566823888,29.46962312319279,False,invalid: method_disagreement
TB_13+07_MidTop_RR,ch_10,radial,0.2874000072479248,0.31229633964034964,8.662606737844682,36.149517791652684,False,invalid: method_disagreement
TB_13+07_MidTop_RR,ch_11,radial,0.2874000072479248,0.3341267205069292,16.258424523523317,15.632979694247245,False,invalid: poor_band_rejection
TB_13+07_MidTop_RR,ch_12,radial,0.2874000072479248,0.33476956038849026,16.482098798175134,16.02591298415661,False,invalid: poor_band_rejection
TB_13+07_MidTop_RR,ch_13,radial,0.2874000072479248,0.30884872177809014,7.46301808950988,42.969663663649555,False,invalid: low_r_squared
TB_13+07_MidTop_RR,ch_14,radial,0.2874000072479248,0.30905553315856815,7.534977510269257,42.744916857981686,False,invalid: low_r_squared
TB_13+07_MidTop_RR,ch_15,radial,0.2874000072479248,0.33359779419336777,16.07438614487945,20.769133963775634,False,invalid: poor_band_rejection
TB_13+07_MidTop_RR,ch_16,radial,0.2874000072479248,0.33312573323870637,15.910133903140927,20.656875520944595,False,invalid: poor_band_rejection
TB_13+07_MidTop_RR,ch_17,radial,0.2874000072479248,0.30098408710217756,4.726541235795614,44.99025815460681,True,quantitative
TB_13+07_MidTop_RR,ch_18,radial,0.2874000072479248,0.30098507179475437,4.726883856725322,45.04658855602741,True,quantitative
TB_13+07_MidTop_RR,ch_19,radial,0.2874000072479248,0.2971705647602762,3.399637183698069,23.91242784304619,False,invalid: poor_band_rejection
TB_13+07_MidTop_RR,ch_20,radial,0.2874000072479248,0.3001951268324411,4.452024795350342,9.739037825608255,False,invalid: method_disagreement
TB_13+07_MidTop_RR,ch_01,axial,0.3133000135421753,0.31721580048337983,1.249852145530599,89.40062881428003,False,invalid: method_disagreement
TB_13+07_MidTop_RR,ch_02,axial,0.3133000135421753,0.3172243629579649,1.2525851408114723,99.6807541786313,False,invalid: method_disagreement
TB_13+07_MidTop_RR,ch_03,axial,0.3133000135421753,0.3533495487796932,12.78312591969505,44.9756267940402,False,invalid: low_r_squared
TB_13+07_MidTop_RR,ch_04,axial,0.3133000135421753,0.35347968117220385,12.824661951257696,58.92718969708681,False,invalid: low_r_squared
TB_13+07_MidTop_RR,ch_05,axial,0.3133000135421753,0.31030437278535167,-0.9561572382186837,53.87901790888309,False,invalid: low_r_squared
TB_13+07_MidTop_RR,ch_06,axial,0.3133000135421753,0.31006814522661724,-1.0315570302785795,42.22206430501938,False,invalid: method_disagreement
TB_13+07_MidTop_RR,ch_07,axial,0.3133000135421753,0.3394490741526502,8.346332422661963,6.516890921688081,False,invalid: low_r_squared
TB_13+07_MidTop_RR,ch_08,axial,0.3133000135421753,0.30415937951486577,-2.9175338755863303,6.975844111526013,False,invalid: method_disagreement
TB_13+07_MidTop_RR,ch_09,axial,0.3133000135421753,0.3123620683801311,-0.29937603622795383,24.782407031202315,False,invalid: method_disagreement
TB_13+07_MidTop_RR,ch_10,axial,0.3133000135421753,0.31209327708906387,-0.3851696140922691,39.070579468798634,False,invalid: method_disagreement
TB_13+07_MidTop_RR,ch_11,axial,0.3133000135421753,0.343704925765662,9.704727388846308,28.514906742537022,False,invalid: poor_band_rejection
TB_13+07_MidTop_RR,ch_12,axial,0.3133000135421753,0.34401105422187567,9.80243835053846,28.270344751966,False,invalid: poor_band_rejection
TB_13+07_MidTop_RR,ch_13,axial,0.3133000135421753,0.3086417636201896,-1.4868336165451959,46.964392620003224,False,invalid: method_disagreement
TB_13+07_MidTop_RR,ch_14,axial,0.3133000135421753,0.30884829783408124,-1.4209114317496756,46.78079881206751,False,invalid: method_disagreement
TB_13+07_MidTop_RR,ch_15,axial,0.3133000135421753,0.33924243395138276,8.280376408510813,26.556844317901138,True,quantitative
TB_13+07_MidTop_RR,ch_16,axial,0.3133000135421753,0.3393157939383657,8.303791660286109,26.55703229790926,True,quantitative
TB_13+07_MidTop_RR,ch_17,axial,0.3133000135421753,0.30079180172327546,-3.99240704699683,49.32028340183496,True,quantitative
TB_13+07_MidTop_RR,ch_18,axial,0.3133000135421753,0.30098507179475437,-3.9307185493508237,49.412080305802824,True,quantitative
TB_13+07_MidTop_RR,ch_19,axial,0.3133000135421753,0.342093199871373,9.190292079359155,15.756797581076624,False,invalid: low_r_squared
TB_13+07_MidTop_RR,ch_20,axial,0.3133000135421753,0.3420462489284332,9.1753061422668,15.787375662398338,False,invalid: poor_band_rejection
TB_13+07_MidTop_RR,ch_01,planar_rotation,0.35260000824928284,0.31774580613751274,-9.88491244932947,206.39494372873008,False,invalid: method_disagreement
TB_13+07_MidTop_RR,ch_02,planar_rotation,0.35260000824928284,0.31786400311670776,-9.851390901845145,207.18688334725795,False,invalid: method_disagreement
TB_13+07_MidTop_RR,ch_03,planar_rotation,0.35260000824928284,0.35426240277253085,0.4714675225057636,117.31517070465685,True,quantitative
TB_13+07_MidTop_RR,ch_04,planar_rotation,0.35260000824928284,0.3544058912484606,0.5121619276596968,122.58325812190681,True,quantitative
TB_13+07_MidTop_RR,ch_05,planar_rotation,0.35260000824928284,0.31193305271310046,-11.533452803390595,100.44273140991629,False,invalid: poor_band_rejection
TB_13+07_MidTop_RR,ch_06,planar_rotation,0.35260000824928284,0.31202299042124876,-11.507945796571493,100.47718043072224,False,invalid: poor_band_rejection
TB_13+07_MidTop_RR,ch_07,planar_rotation,0.35260000824928284,0.3403878719801213,-3.4634532000713163,13.429123914182185,False,invalid: low_r_squared
TB_13+07_MidTop_RR,ch_08,planar_rotation,0.35260000824928284,0.7062146892655365,100.28776878707657,2.0660244883358483,False,fast-decay
TB_13+07_MidTop_RR,ch_09,planar_rotation,0.35260000824928284,0.31380298845882815,-11.003125037656208,141.5906234725952,False,invalid: method_disagreement
TB_13+07_MidTop_RR,ch_10,planar_rotation,0.35260000824928284,0.3139183222195783,-10.970415520341437,169.34419324190614,False,invalid: method_disagreement
TB_13+07_MidTop_RR,ch_11,planar_rotation,0.35260000824928284,0.34330739981343017,-2.6354532667177177,31.64436982033849,True,quantitative
TB_13+07_MidTop_RR,ch_12,planar_rotation,0.35260000824928284,0.3436260798449559,-2.5450732258583764,31.644228780335183,True,quantitative
TB_13+07_MidTop_RR,ch_13,planar_rotation,0.35260000824928284,0.31091826668473593,-11.821253712245674,105.36647318511007,False,invalid: method_disagreement
TB_13+07_MidTop_RR,ch_14,planar_rotation,0.35260000824928284,0.3110207498169372,-11.792188729317814,104.91912955464421,False,invalid: method_disagreement
TB_13+07_MidTop_RR,ch_15,planar_rotation,0.35260000824928284,0.33938571186153066,-3.7476733064651184,30.886702922612425,True,quantitative
TB_13+07_MidTop_RR,ch_16,planar_rotation,0.35260000824928284,0.3389149396126202,-3.8811878379161864,30.542389014557003,True,quantitative
TB_13+07_MidTop_RR,ch_17,planar_rotation,0.35260000824928284,0.30266038478223584,-14.16325079372671,72.17263788852097,False,invalid: poor_band_rejection
TB_13+07_MidTop_RR,ch_18,planar_rotation,0.35260000824928284,0.30293022920893,-14.086720895717358,72.13808308771253,False,invalid: poor_band_rejection
TB_13+07_MidTop_RR,ch_19,planar_rotation,0.35260000824928284,0.3420034562466931,-3.0052614165278584,18.52525183340907,False,invalid: poor_band_rejection
TB_13+07_MidTop_RR,ch_20,planar_rotation,0.35260000824928284,0.34435386528151835,-2.338667831775714,20.93562548980117,False,invalid: poor_band_rejection
TB_13+07_Mid_AA,ch_01,radial,0.2992999851703644,0.3281384445612702,9.635302646102947,173.88018204463125,False,invalid: method_disagreement
TB_13+07_Mid_AA,ch_02,radial,0.2992999851703644,0.3280944138299739,9.620591408723076,173.93863533173504,False,invalid: method_disagreement
TB_13+07_Mid_AA,ch_03,radial,0.2992999851703644,0.3268090961865105,9.191150143387969,53.34188984503031,False,invalid: method_disagreement
TB_13+07_Mid_AA,ch_04,radial,0.2992999851703644,0.32823497352426656,9.667554222373955,130.32972061345788,False,invalid: method_disagreement
TB_13+07_Mid_AA,ch_05,radial,0.2992999851703644,0.3189690918949954,6.571703207213717,28.380732003799082,False,invalid: low_r_squared
TB_13+07_Mid_AA,ch_06,radial,0.2992999851703644,0.31931503621472945,6.6872876832828165,28.234703541034463,False,invalid: low_r_squared
TB_13+07_Mid_AA,ch_07,radial,0.2992999851703644,0.34638819942001625,15.732782018966294,28.819296272069217,False,invalid: poor_band_rejection
TB_13+07_Mid_AA,ch_08,radial,0.2992999851703644,0.3457410297998261,15.516554270133714,30.33902187677026,False,invalid: poor_band_rejection
TB_13+07_Mid_AA,ch_09,radial,0.2992999851703644,0.3105345435596651,3.753611408602607,40.86148152540625,False,invalid: method_disagreement
TB_13+07_Mid_AA,ch_10,radial,0.2992999851703644,0.31931187190528987,6.686230446531607,29.053139350482823,False,invalid: method_disagreement
TB_13+07_Mid_AA,ch_11,radial,0.2992999851703644,0.3461242573022422,15.644595540231993,47.02858764984012,False,invalid: poor_band_rejection
TB_13+07_Mid_AA,ch_12,radial,0.2992999851703644,0.34603384339149046,15.614387082085795,47.379277442464236,False,invalid: poor_band_rejection
TB_13+07_Mid_AA,ch_13,radial,0.2992999851703644,0.3209724429626792,7.241048735762093,30.017453972703223,False,invalid: low_r_squared
TB_13+07_Mid_AA,ch_14,radial,0.2992999851703644,0.32191629103378816,7.556400596060961,39.98444277886152,False,invalid: low_r_squared
TB_13+07_Mid_AA,ch_15,radial,0.2992999851703644,0.34624482750745716,15.68487960678359,41.73828083196282,False,invalid: poor_band_rejection
TB_13+07_Mid_AA,ch_16,radial,0.2992999851703644,0.346353462744038,15.72117604579577,41.358349430787555,False,invalid: poor_band_rejection
TB_13+07_Mid_AA,ch_17,radial,0.2992999851703644,0.31030383270486034,3.6765279250623633,47.0868912869513,True,quantitative
TB_13+07_Mid_AA,ch_18,radial,0.2992999851703644,0.31049954201317553,3.7419169387650517,47.23324897969961,True,quantitative
TB_13+07_Mid_AA,ch_19,radial,0.2992999851703644,0.3078967572512169,2.8722928522562934,30.631288312289115,False,invalid: low_r_squared
TB_13+07_Mid_AA,ch_20,radial,0.2992999851703644,0.3413318769839915,14.043399230274654,4.588867372632027,False,fast-decay
TB_13+07_Mid_AA,ch_01,axial,0.3262999951839447,0.3281384445612702,0.5634230476433618,189.78906393879058,False,invalid: method_disagreement
TB_13+07_Mid_AA,ch_02,axial,0.3262999951839447,0.32814994587252994,0.5669478136346164,189.7891618287891,False,invalid: method_disagreement
TB_13+07_Mid_AA,ch_03,axial,0.3262999951839447,0.3657142857142857,12.079157558099883,22.78357086372374,False,invalid: method_disagreement
TB_13+07_Mid_AA,ch_04,axial,0.3262999951839447,0.36516896672397814,11.912035584959748,22.71994236466289,False,invalid: method_disagreement
TB_13+07_Mid_AA,ch_05,axial,0.3262999951839447,0.31862704704143796,-2.3515011510132813,31.259735318619015,False,invalid: low_r_squared
TB_13+07_Mid_AA,ch_06,axial,0.3262999951839447,0.31897224941430097,-2.245708206496562,31.004829762381313,False,invalid: low_r_squared
TB_13+07_Mid_AA,ch_07,axial,0.3262999951839447,0.34810457061301214,6.682370748052134,35.62530295418501,True,quantitative
TB_13+07_Mid_AA,ch_08,axial,0.3262999951839447,0.3480529186985019,6.666541169359951,36.39005225289762,True,quantitative
TB_13+07_Mid_AA,ch_09,axial,0.3262999951839447,0.3371220940338871,3.316610177650069,32.53423046980798,False,invalid: method_disagreement
TB_13+07_Mid_AA,ch_10,axial,0.3262999951839447,0.3231766603662608,-0.9571973226426757,36.70865156819523,False,invalid: method_disagreement
TB_13+07_Mid_AA,ch_11,axial,0.3262999951839447,0.3474298420291365,6.475589076634926,54.1389773409307,True,quantitative
TB_13+07_Mid_AA,ch_12,axial,0.3262999951839447,0.34754114638929573,6.509700128367081,53.915951294222474,True,quantitative
TB_13+07_Mid_AA,ch_13,axial,0.3262999951839447,0.3285564870740402,0.691539050996147,6.755421430292725,False,invalid: low_r_squared
TB_13+07_Mid_AA,ch_14,axial,0.3262999951839447,0.3235009773462219,-0.8578050502712719,27.21260384835303,False,invalid: method_disagreement
TB_13+07_Mid_AA,ch_15,axial,0.3262999951839447,0.3480631330833312,6.669671535581234,47.89320387311578,True,quantitative
TB_13+07_Mid_AA,ch_16,axial,0.3262999951839447,0.34806361767578436,6.669820046908331,47.79769586452544,True,quantitative
TB_13+07_Mid_AA,ch_17,axial,0.3262999951839447,0.31030373453845617,-4.902317156477733,50.570005883607266,True,quantitative
TB_13+07_Mid_AA,ch_18,axial,0.3262999951839447,0.31050361043027874,-4.841061902180257,50.69758918172418,True,quantitative
TB_13+07_Mid_AA,ch_19,axial,0.3262999951839447,0.35242842766014937,8.007487852237116,17.939875845214726,False,invalid: method_disagreement
TB_13+07_Mid_AA,ch_20,axial,0.3262999951839447,0.3518283966254102,7.823598473262132,18.641061904865502,False,invalid: low_r_squared
TB_13+07_Mid_AA,ch_01,planar_rotation,0.36070001125335693,0.3283056250913046,-8.980977308397804,209.58636468881366,False,invalid: method_disagreement
TB_13+07_Mid_AA,ch_02,planar_rotation,0.36070001125335693,0.3283713541274205,-8.962754676275473,209.55101608771085,False,invalid: method_disagreement
TB_13+07_Mid_AA,ch_03,planar_rotation,0.36070001125335693,0.3685779301945455,2.184063957695604,23.741635440707217,False,invalid: method_disagreement
TB_13+07_Mid_AA,ch_04,planar_rotation,0.36070001125335693,0.36857202378090853,2.182426471293417,23.741635440707217,False,invalid: method_disagreement
TB_13+07_Mid_AA,ch_05,planar_rotation,0.36070001125335693,0.3225700356471514,-10.571104634488876,58.860073866355414,False,invalid: poor_band_rejection
TB_13+07_Mid_AA,ch_06,planar_rotation,0.36070001125335693,0.323254548711995,-10.381331126452368,66.53926889593602,False,invalid: poor_band_rejection
TB_13+07_Mid_AA,ch_07,planar_rotation,0.36070001125335693,0.3481782243981873,-3.471523832688292,42.057909872150425,True,quantitative
TB_13+07_Mid_AA,ch_08,planar_rotation,0.36070001125335693,0.34817884608173816,-3.4713514779526484,40.86034976478815,True,quantitative
TB_13+07_Mid_AA,ch_09,planar_rotation,0.36070001125335693,0.3424415419148447,-5.06195419153658,34.801743815767765,False,invalid: method_disagreement
TB_13+07_Mid_AA,ch_10,planar_rotation,0.36070001125335693,0.31999999999999995,-11.283617960513219,20.254135241901874,False,invalid: method_disagreement
TB_13+07_Mid_AA,ch_11,planar_rotation,0.36070001125335693,0.3475407150153724,-3.648266101311922,59.52938880723715,True,quantitative
TB_13+07_Mid_AA,ch_12,planar_rotation,0.36070001125335693,0.34733054765964333,-3.706532624509082,59.881504158222675,True,quantitative
TB_13+07_Mid_AA,ch_13,planar_rotation,0.36070001125335693,0.3224353878397386,-10.608434216748929,33.42816210291386,False,invalid: method_disagreement
TB_13+07_Mid_AA,ch_14,planar_rotation,0.36070001125335693,0.32422486615592244,-10.112321585655351,28.707933545649052,False,invalid: method_disagreement
TB_13+07_Mid_AA,ch_15,planar_rotation,0.36070001125335693,0.3480631330833312,-3.503431598495168,53.32978522381782,True,quantitative
TB_13+07_Mid_AA,ch_16,planar_rotation,0.36070001125335693,0.34806361767578436,-3.5032972507163915,52.76615538623333,True,quantitative
TB_13+07_Mid_AA,ch_17,planar_rotation,0.36070001125335693,0.3124896713149505,-13.365771675716234,61.114665356695646,False,invalid: poor_band_rejection
TB_13+07_Mid_AA,ch_18,planar_rotation,0.36070001125335693,0.31262774234991075,-13.3274930423221,62.80533844944239,False,invalid: poor_band_rejection
TB_13+07_Mid_AA,ch_19,planar_rotation,0.36070001125335693,0.35498709075791113,-1.5838426163599508,27.19342633839846,False,invalid: low_r_squared
TB_13+07_Mid_AA,ch_20,planar_rotation,0.36070001125335693,0.35404689214914636,-1.8445020506354783,27.40450798498392,False,invalid: poor_band_rejection
TB_13+07_Mid_AR,ch_01,radial,0.2962999939918518,0.32728261953866766,10.456505627761798,114.64261587536335,False,invalid: method_disagreement
TB_13+07_Mid_AR,ch_02,radial,0.2962999939918518,0.32730673316708236,10.464643875788683,114.70048326418994,False,invalid: low_r_squared
TB_13+07_Mid_AR,ch_03,radial,0.2962999939918518,0.3330080954267998,12.388829625139136,4.658603322536349,False,fast-decay
TB_13+07_Mid_AR,ch_04,radial,0.2962999939918518,0.29816989113834313,0.6310824112074569,175.72539001377285,False,invalid: method_disagreement
TB_13+07_Mid_AR,ch_05,radial,0.2962999939918518,0.32074545996680875,8.250241805819677,25.781388407224416,False,invalid: low_r_squared
TB_13+07_Mid_AR,ch_06,radial,0.2962999939918518,0.3219359743639907,8.652035400596013,25.607964020740983,False,invalid: low_r_squared
TB_13+07_Mid_AR,ch_07,radial,0.2962999939918518,0.2950899899918505,-0.4083712536405228,155.44170280807018,False,invalid: method_disagreement
TB_13+07_Mid_AR,ch_08,radial,0.2962999939918518,0.2940283688087908,-0.7666639315299748,175.08895540467796,False,invalid: method_disagreement
TB_13+07_Mid_AR,ch_09,radial,0.2962999939918518,0.3182730229018197,7.415804709929268,22.36703468645811,False,invalid: low_r_squared
TB_13+07_Mid_AR,ch_10,radial,0.2962999939918518,0.31793090566592613,7.300341583762966,22.859070456480982,False,invalid: low_r_squared
TB_13+07_Mid_AR,ch_11,radial,0.2962999939918518,0.3481261473303819,17.491108467574012,36.66119825661182,False,invalid: poor_band_rejection
TB_13+07_Mid_AR,ch_12,radial,0.2962999939918518,0.3476824070218601,17.341347982417204,36.74792526485324,False,invalid: poor_band_rejection
TB_13+07_Mid_AR,ch_13,radial,0.2962999939918518,0.2981999027326135,0.6412111978692537,165.8874331662595,False,invalid: method_disagreement
TB_13+07_Mid_AR,ch_14,radial,0.2962999939918518,0.2979175382419849,0.545914371560058,164.2668499791205,False,invalid: method_disagreement
TB_13+07_Mid_AR,ch_15,radial,0.2962999939918518,0.3476801045027057,17.34057089190047,37.00843221957088,False,invalid: low_r_squared
TB_13+07_Mid_AR,ch_16,radial,0.2962999939918518,0.34796210195620986,17.435743844726083,36.83468190309405,False,invalid: poor_band_rejection
TB_13+07_Mid_AR,ch_17,radial,0.2962999939918518,0.30929188041939976,4.384706949371461,36.863867452502255,True,quantitative
TB_13+07_Mid_AR,ch_18,radial,0.2962999939918518,0.3092905877022719,4.38427066278555,36.95068335074186,True,quantitative
TB_13+07_Mid_AR,ch_19,radial,0.2962999939918518,0.3065897167356289,3.472738087217127,25.46301406368017,True,quantitative
TB_13+07_Mid_AR,ch_20,radial,0.2962999939918518,0.3075074878073281,3.782481958398053,29.80354230566621,True,quantitative
TB_13+07_Mid_AR,ch_01,axial,0.3271999955177307,0.3273174613831098,0.03590032609664862,138.32500874510407,False,invalid: method_disagreement
TB_13+07_Mid_AR,ch_02,axial,0.3271999955177307,0.32733845372904913,0.042316079833476725,138.35684530466796,False,invalid: method_disagreement
TB_13+07_Mid_AR,ch_03,axial,0.3271999955177307,0.37131214734442214,13.48170917817174,176.3491721682161,False,invalid: low_r_squared
TB_13+07_Mid_AR,ch_04,axial,0.3271999955177307,0.37133680280304393,13.489244465139816,163.08873794986906,False,invalid: low_r_squared
TB_13+07_Mid_AR,ch_05,axial,0.3271999955177307,0.32193517711387587,-1.6090521014599302,28.214357453495268,False,invalid: low_r_squared
TB_13+07_Mid_AR,ch_06,axial,0.3271999955177307,0.321548577951414,-1.727205881337019,28.150553454369305,False,invalid: method_disagreement
TB_13+07_Mid_AR,ch_07,axial,0.3271999955177307,0.2950613658331216,-9.822319720315384,166.98687763246895,False,invalid: method_disagreement
TB_13+07_Mid_AR,ch_08,axial,0.3271999955177307,0.3011768485356531,-7.953284638925817,7.0616270312637095,False,invalid: method_disagreement
TB_13+07_Mid_AR,ch_09,axial,0.3271999955177307,0.3181922054480291,-2.752992112805047,13.196630219221113,False,invalid: method_disagreement
TB_13+07_Mid_AR,ch_10,axial,0.3271999955177307,0.3175191172968539,-2.958703653268303,14.091358606964352,False,invalid: method_disagreement
TB_13+07_Mid_AR,ch_11,axial,0.3271999955177307,0.35090377660189565,7.244431970929059,42.625194136083124,True,quantitative
TB_13+07_Mid_AR,ch_12,axial,0.3271999955177307,0.3509527196496088,7.259390115300575,43.32831420645117,True,quantitative
TB_13+07_Mid_AR,ch_13,axial,0.3271999955177307,0.34420396379547974,5.196811892018377,24.060455350399018,False,invalid: low_r_squared
TB_13+07_Mid_AR,ch_14,axial,0.3271999955177307,0.2995551514113458,-8.44891335118825,179.80022577694058,False,invalid: method_disagreement
TB_13+07_Mid_AR,ch_15,axial,0.3271999955177307,0.35057339131654164,7.1434584715770075,41.25128135490417,True,quantitative
TB_13+07_Mid_AR,ch_16,axial,0.3271999955177307,0.350799823597803,7.21266149247041,41.15554263621569,True,quantitative
TB_13+07_Mid_AR,ch_17,axial,0.3271999955177307,0.30931829503755776,-5.4650674587811725,41.09167319709063,True,quantitative
TB_13+07_Mid_AR,ch_18,axial,0.3271999955177307,0.3093170361241599,-5.465452212269898,41.18754279577732,True,quantitative
TB_13+07_Mid_AR,ch_19,axial,0.3271999955177307,0.30695486044604225,-6.187388554102651,27.096249628812075,False,invalid: low_r_squared
TB_13+07_Mid_AR,ch_20,axial,0.3271999955177307,0.30695561421818407,-6.187158183640506,28.374129211306574,False,invalid: method_disagreement
TB_13+07_Mid_AR,ch_01,planar_rotation,0.3736000061035156,0.3281497758477966,-12.165478991755121,217.15481674766542,False,invalid: method_disagreement
TB_13+07_Mid_AR,ch_02,planar_rotation,0.3736000061035156,0.32802761680126213,-12.19817680881581,217.1182039470673,False,invalid: method_disagreement
TB_13+07_Mid_AR,ch_03,planar_rotation,0.3736000061035156,0.37168204299365537,-0.5133734150231338,219.92751534496307,False,invalid: low_r_squared
TB_13+07_Mid_AR,ch_04,planar_rotation,0.3736000061035156,0.3716200517042819,-0.5299663722931283,220.9127209770584,False,invalid: method_disagreement
TB_13+07_Mid_AR,ch_05,planar_rotation,0.3736000061035156,0.3252215461911283,-12.949266360285552,44.25542384300231,False,invalid: poor_band_rejection
TB_13+07_Mid_AR,ch_06,planar_rotation,0.3736000061035156,0.32562543648804393,-12.841158680864446,44.10934624061584,False,invalid: poor_band_rejection
TB_13+07_Mid_AR,ch_07,planar_rotation,0.3736000061035156,0.32768083886294747,-12.290997454599896,5.545606410598754,False,invalid: too_short
TB_13+07_Mid_AR,ch_08,planar_rotation,0.3736000061035156,0.3559923139165353,-4.712979630439743,18.31514253921509,False,invalid: low_r_squared
TB_13+07_Mid_AR,ch_09,planar_rotation,0.3736000061035156,0.34733701853621884,-7.029707478114959,30.135958812332156,False,invalid: method_disagreement
TB_13+07_Mid_AR,ch_10,planar_rotation,0.3736000061035156,0.33758312984572447,-9.640491346194393,4.925393040466309,False,fast-decay
TB_13+07_Mid_AR,ch_11,planar_rotation,0.3736000061035156,0.3509521722379674,-6.062053933498351,49.76449217300414,True,quantitative
TB_13+07_Mid_AR,ch_12,planar_rotation,0.3736000061035156,0.35099927968843475,-6.04944487308674,50.01992249717713,True,quantitative
TB_13+07_Mid_AR,ch_13,planar_rotation,0.3736000061035156,0.3420051763489338,-8.456860074522499,38.05299126167297,False,invalid: poor_band_rejection
TB_13+07_Mid_AR,ch_14,planar_rotation,0.3736000061035156,0.34296745238876836,-8.199291545584108,39.22056600074768,False,invalid: method_disagreement
TB_13+07_Mid_AR,ch_15,planar_rotation,0.3736000061035156,0.35063057721761887,-6.148133969658576,48.1225575061798,True,quantitative
TB_13+07_Mid_AR,ch_16,planar_rotation,0.3736000061035156,0.3506855122463277,-6.133429733092363,48.48756471214295,True,quantitative
TB_13+07_Mid_AR,ch_17,planar_rotation,0.3736000061035156,0.3130408608623673,-16.20962105240673,62.679919104003915,False,invalid: method_disagreement
TB_13+07_Mid_AR,ch_18,planar_rotation,0.3736000061035156,0.31271978529027444,-16.295562049956906,62.497490221023554,False,invalid: method_disagreement
TB_13+07_Mid_AR,ch_19,planar_rotation,0.3736000061035156,0.36824378871870994,-1.4336770067722118,28.01985101776123,False,invalid: low_r_squared
TB_13+07_Mid_AR,ch_20,planar_rotation,0.3736000061035156,0.3682188552601817,-1.4403508445990003,21.708177794647217,False,invalid: low_r_squared
TB_13+07_Mid_RA,ch_01,radial,0.29809999465942383,0.3375828132838837,13.24482366045278,143.48958582532885,False,invalid: low_r_squared
TB_13+07_Mid_RA,ch_02,radial,0.29809999465942383,0.337559883595095,13.237131715065498,143.57692912376405,False,invalid: method_disagreement
TB_13+07_Mid_RA,ch_03,radial,0.29809999465942383,0.3368421052631579,12.996347298830555,5.938709340605737,False,invalid: low_r_squared
TB_13+07_Mid_RA,ch_04,radial,0.29809999465942383,0.3321080391732503,11.408267401239083,6.055147198519707,False,invalid: low_r_squared
TB_13+07_Mid_RA,ch_05,radial,0.29809999465942383,0.32,7.346529933889033,4.250250103855132,False,fast-decay
TB_13+07_Mid_RA,ch_06,radial,0.29809999465942383,0.32,7.346529933889033,4.250250103855132,False,fast-decay
TB_13+07_Mid_RA,ch_07,radial,0.29809999465942383,0.2968107682946736,-0.43248117673505315,3.2313443221092224,False,fast-decay
TB_13+07_Mid_RA,ch_08,radial,0.29809999465942383,0.27125816317534807,-9.00430458401795,6.026061582040786,False,invalid: low_r_squared
TB_13+07_Mid_RA,ch_09,radial,0.29809999465942383,0.32547682354649554,9.18377369256563,13.245655922698974,False,invalid: method_disagreement
TB_13+07_Mid_RA,ch_10,radial,0.29809999465942383,0.32611460536871606,9.397722647160272,14.497437420272828,False,invalid: method_disagreement
TB_13+07_Mid_RA,ch_11,radial,0.29809999465942383,0.3477388737286941,16.651754430919123,33.33222976284027,False,invalid: poor_band_rejection
TB_13+07_Mid_RA,ch_12,radial,0.29809999465942383,0.34805068717112647,16.75635471539367,34.001881590843205,False,invalid: poor_band_rejection
TB_13+07_Mid_RA,ch_13,radial,0.29809999465942383,0.3296152730532922,10.57204929838199,28.325312442541122,False,invalid: low_r_squared
TB_13+07_Mid_RA,ch_14,radial,0.29809999465942383,0.3299590281910167,10.687364677074711,27.597531115579603,False,invalid: method_disagreement
TB_13+07_Mid_RA,ch_15,radial,0.29809999465942383,0.34790555060112277,16.70766750552991,26.6950333817482,False,invalid: poor_band_rejection
TB_13+07_Mid_RA,ch_16,radial,0.29809999465942383,0.3481371660434211,16.78536473681062,26.374873987483976,False,invalid: poor_band_rejection
TB_13+07_Mid_RA,ch_17,radial,0.29809999465942383,0.31132385843010313,4.436049650315301,36.592728264427194,True,quantitative
TB_13+07_Mid_RA,ch_18,radial,0.29809999465942383,0.31157947213384773,4.5217972881294655,36.65094719338417,True,quantitative
TB_13+07_Mid_RA,ch_19,radial,0.29809999465942383,0.3056740750175126,2.5407851371289265,24.8318189851284,False,invalid: method_disagreement
TB_13+07_Mid_RA,ch_20,radial,0.29809999465942383,0.30822832641151454,3.397628961269264,28.150476795673367,False,invalid: poor_band_rejection
TB_13+07_Mid_RA,ch_01,axial,0.33559998869895935,0.33804709489017165,0.7291735022695156,191.46217631267604,False,invalid: method_disagreement
TB_13+07_Mid_RA,ch_02,axial,0.33559998869895935,0.3380891145191671,0.7416942503060012,198.4756791165024,False,invalid: low_r_squared
TB_13+07_Mid_RA,ch_03,axial,0.33559998869895935,0.36944082633787434,10.083682591917777,197.55795074340614,False,invalid: method_disagreement
TB_13+07_Mid_RA,ch_04,axial,0.33559998869895935,0.3694231867220386,10.078426448762315,197.78736353968085,False,invalid: method_disagreement
TB_13+07_Mid_RA,ch_05,axial,0.33559998869895935,0.3276799440759563,-2.3599657001501,13.961462929859758,False,invalid: method_disagreement
TB_13+07_Mid_RA,ch_06,axial,0.33559998869895935,0.3276799440759563,-2.3599657001501,13.961496489858629,False,invalid: method_disagreement
TB_13+07_Mid_RA,ch_07,axial,0.33559998869895935,0.34341409808531026,2.328399776366006,11.634580408215523,False,invalid: low_r_squared
TB_13+07_Mid_RA,ch_08,axial,0.33559998869895935,0.34965908239466525,4.1892414091578605,7.603420463961363,False,invalid: low_r_squared
TB_13+07_Mid_RA,ch_09,axial,0.33559998869895935,0.3322710727824682,-0.9919296867072485,11.569037730422615,False,invalid: method_disagreement
TB_13+07_Mid_RA,ch_10,axial,0.33559998869895935,0.3386791513098914,0.9175097480989871,34.70677759127915,False,invalid: method_disagreement
TB_13+07_Mid_RA,ch_11,axial,0.33559998869895935,0.35148725975845796,4.733990344007384,43.78526068556904,True,quantitative
TB_13+07_Mid_RA,ch_12,axial,0.33559998869895935,0.35145313891584695,4.723823227273178,43.359182939916856,True,quantitative
TB_13+07_Mid_RA,ch_13,axial,0.33559998869895935,0.33971594893583973,1.2264482644463037,15.436290640196203,False,invalid: low_r_squared
TB_13+07_Mid_RA,ch_14,axial,0.33559998869895935,0.3464656652525735,3.2376868055740307,9.307664326572418,False,invalid: low_r_squared
TB_13+07_Mid_RA,ch_15,axial,0.33559998869895935,0.35244707816609394,5.019991071050602,36.345680136090515,True,quantitative
TB_13+07_Mid_RA,ch_16,axial,0.33559998869895935,0.3527757252163135,5.117919277631793,36.31265709720254,True,quantitative
TB_13+07_Mid_RA,ch_17,axial,0.33559998869895935,0.3121968276119362,-6.973528568267125,44.47347558239401,True,quantitative
TB_13+07_Mid_RA,ch_18,axial,0.33559998869895935,0.31219634027840115,-6.973673780886743,44.5389175801903,True,quantitative
TB_13+07_Mid_RA,ch_19,axial,0.33559998869895935,0.3531031885217924,5.215494759308173,10.09421002008617,False,invalid: method_disagreement
TB_13+07_Mid_RA,ch_20,axial,0.33559998869895935,0.3091349374001752,-7.885891594151354,27.070837488412856,False,invalid: method_disagreement
TB_13+07_Mid_RA,ch_01,planar_rotation,0.36730000376701355,0.3381384432907842,-7.93943919878835,211.69952781118155,False,invalid: method_disagreement
TB_13+07_Mid_RA,ch_02,planar_rotation,0.36730000376701355,0.33806365545953543,-7.959800709945916,211.66353241081237,False,invalid: method_disagreement
TB_13+07_Mid_RA,ch_03,planar_rotation,0.36730000376701355,0.3695023439791748,0.5996025563773887,215.78862733111922,False,invalid: method_disagreement
TB_13+07_Mid_RA,ch_04,planar_rotation,0.36730000376701355,0.3695026853094457,0.599695485935619,215.71688996738345,False,invalid: method_disagreement
TB_13+07_Mid_RA,ch_05,planar_rotation,0.36730000376701355,0.3348060588525881,-8.846704214856773,59.79361240324079,False,invalid: poor_band_rejection
TB_13+07_Mid_RA,ch_06,planar_rotation,0.36730000376701355,0.334599973105738,-8.902812503649708,59.75787411287427,False,invalid: poor_band_rejection
TB_13+07_Mid_RA,ch_07,planar_rotation,0.36730000376701355,0.3467270125769445,-5.601141023434064,17.934598043936493,False,invalid: low_r_squared
TB_13+07_Mid_RA,ch_08,planar_rotation,0.36730000376701355,0.35929864903707964,-2.1784248973243523,15.710669981127976,False,invalid: low_r_squared
TB_13+07_Mid_RA,ch_09,planar_rotation,0.36730000376701355,0.3339121143315079,-9.090086875328296,11.478125117719175,False,invalid: low_r_squared
TB_13+07_Mid_RA,ch_10,planar_rotation,0.36730000376701355,0.3366704516587141,-8.33911020804901,85.51203212700784,False,invalid: low_r_squared
TB_13+07_Mid_RA,ch_11,planar_rotation,0.36730000376701355,0.35145089312458216,-4.315031440207886,48.100506593316794,True,quantitative
TB_13+07_Mid_RA,ch_12,planar_rotation,0.36730000376701355,0.3512217051891836,-4.377429461729262,48.42328983662725,True,quantitative
TB_13+07_Mid_RA,ch_13,planar_rotation,0.36730000376701355,0.3379531529339403,-7.989885796921638,12.841175431698563,False,invalid: low_r_squared
TB_13+07_Mid_RA,ch_14,planar_rotation,0.36730000376701355,0.3390436220854848,-7.692997928595835,81.38684905470015,False,invalid: method_disagreement
TB_13+07_Mid_RA,ch_15,planar_rotation,0.36730000376701355,0.35278509910011946,-3.951784513484844,40.639431426796314,True,quantitative
TB_13+07_Mid_RA,ch_16,planar_rotation,0.36730000376701355,0.35244774962111863,-4.04363027322919,40.06574555091262,True,quantitative
TB_13+07_Mid_RA,ch_17,planar_rotation,0.36730000376701355,0.3154248970503829,-14.1233613353122,66.96749569681585,False,invalid: poor_band_rejection
TB_13+07_Mid_RA,ch_18,planar_rotation,0.36730000376701355,0.3154240087237269,-14.123603188469538,66.78825329497755,False,invalid: poor_band_rejection
TB_13+07_Mid_RA,ch_19,planar_rotation,0.36730000376701355,0.3577297575262987,-2.6055666056528164,18.32911497798264,False,invalid: poor_band_rejection
TB_13+07_Mid_RA,ch_20,planar_rotation,0.36730000376701355,0.35804179779947515,-2.520611454556664,22.34649549918473,False,invalid: low_r_squared
TB_13+07_Mid_RR,ch_01,radial,0.2971999943256378,0.33236831250459886,11.83321630229495,155.2753467953682,False,invalid: low_r_squared
TB_13+07_Mid_RR,ch_02,radial,0.2971999943256378,0.3323799953621396,11.837147277316411,155.30417519481776,False,invalid: low_r_squared
TB_13+07_Mid_RR,ch_03,radial,0.2971999943256378,0.34420297649523923,15.815270210974807,5.050072827580274,False,invalid: low_r_squared
TB_13+07_Mid_RR,ch_04,radial,0.2971999943256378,0.3346404388876284,12.597727212931106,5.079079547026456,False,invalid: low_r_squared
TB_13+07_Mid_RR,ch_05,radial,0.2971999943256378,0.2969407281413395,-0.08723626825317511,167.9005808743179,False,invalid: method_disagreement
TB_13+07_Mid_RR,ch_06,radial,0.2971999943256378,0.29691567219293513,-0.09566693746001824,167.9005808743179,False,invalid: method_disagreement
TB_13+07_Mid_RR,ch_07,radial,0.2971999943256378,0.2844437702073595,-4.292134711248178,4.179374920204282,False,fast-decay
TB_13+07_Mid_RR,ch_08,radial,0.2971999943256378,0.3056701818737583,2.849995864683561,2.7862499468028545,False,fast-decay
TB_13+07_Mid_RR,ch_09,radial,0.2971999943256378,0.32143488532810466,8.154404934447278,13.786126976785063,False,invalid: method_disagreement
TB_13+07_Mid_RR,ch_10,radial,0.2971999943256378,0.32215679371149936,8.397308163645768,14.192458809027077,False,invalid: method_disagreement
TB_13+07_Mid_RR,ch_11,radial,0.2971999943256378,0.34819161934426024,17.157343873550555,20.113247375983004,False,invalid: poor_band_rejection
TB_13+07_Mid_RR,ch_12,radial,0.2971999943256378,0.3487308574499215,17.338783347291063,20.229333693766595,False,invalid: poor_band_rejection
TB_13+07_Mid_RR,ch_13,radial,0.2971999943256378,0.32396145703778095,9.004530021229066,21.999754059964417,False,invalid: low_r_squared
TB_13+07_Mid_RR,ch_14,radial,0.2971999943256378,0.32461113062056796,9.223128135357953,21.53540878883004,False,invalid: method_disagreement
TB_13+07_Mid_RR,ch_15,radial,0.2971999943256378,0.3482990467751687,17.193490385313527,22.26096313497722,False,invalid: poor_band_rejection
TB_13+07_Mid_RR,ch_16,radial,0.2971999943256378,0.3478876413671682,17.05506326019396,20.867838161575794,False,invalid: poor_band_rejection
TB_13+07_Mid_RR,ch_17,radial,0.2971999943256378,0.31158130882676166,4.838934985095067,36.91752945514322,True,quantitative
TB_13+07_Mid_RR,ch_18,radial,0.2971999943256378,0.31179666262698535,4.911395888303475,36.97560233403445,True,quantitative
TB_13+07_Mid_RR,ch_19,radial,0.2971999943256378,0.31335823785233213,5.436824978196317,27.688280831354856,False,invalid: method_disagreement
TB_13+07_Mid_RR,ch_20,radial,0.2971999943256378,0.30681670003298284,3.235769142313015,8.707038513758778,False,invalid: low_r_squared
TB_13+07_Mid_RR,ch_01,axial,0.3305000066757202,0.3325033538078667,0.6061564573921923,182.0331902768612,False,invalid: method_disagreement
TB_13+07_Mid_RR,ch_02,axial,0.3305000066757202,0.33244395442449104,0.5881838757958592,182.32369978272916,False,invalid: method_disagreement
TB_13+07_Mid_RR,ch_03,axial,0.3305000066757202,0.3728905377953335,12.826181622805832,195.04011718958614,True,quantitative
TB_13+07_Mid_RR,ch_04,axial,0.3305000066757202,0.37289022033589336,12.82608556851424,195.00783394893406,True,quantitative
TB_13+07_Mid_RR,ch_05,axial,0.3305000066757202,0.2971473146067656,-10.091585898719696,187.35853688442708,False,invalid: method_disagreement
TB_13+07_Mid_RR,ch_06,axial,0.3305000066757202,0.29727357662580334,-10.0533825654406,187.35853688442708,False,invalid: method_disagreement
TB_13+07_Mid_RR,ch_07,axial,0.3305000066757202,0.3598722780569514,8.887222628727699,11.13500792491436,False,invalid: method_disagreement
TB_13+07_Mid_RR,ch_08,axial,0.3305000066757202,0.3504181656777087,6.0266743115475325,10.069938603401186,False,invalid: method_disagreement
TB_13+07_Mid_RR,ch_09,axial,0.3305000066757202,0.2983889978008731,-9.715887511722139,189.1012964696288,False,invalid: method_disagreement
TB_13+07_Mid_RR,ch_10,axial,0.3305000066757202,0.29826975304676373,-9.751967618136886,189.1659422709346,False,invalid: method_disagreement
TB_13+07_Mid_RR,ch_11,axial,0.3305000066757202,0.35432680269666317,7.20931786374253,29.30576609194279,True,quantitative
TB_13+07_Mid_RR,ch_12,axial,0.3305000066757202,0.3543259657154196,7.209064616775304,28.88616328346729,True,quantitative
TB_13+07_Mid_RR,ch_13,axial,0.3305000066757202,0.32440788508626434,-1.8433045284121108,24.303351040899752,False,invalid: method_disagreement
TB_13+07_Mid_RR,ch_14,axial,0.3305000066757202,0.32461113062056796,-1.7818081501372867,23.98061778438091,False,invalid: method_disagreement
TB_13+07_Mid_RR,ch_15,axial,0.3305000066757202,0.35386643311482086,7.070022985514581,30.79040517193079,True,quantitative
TB_13+07_Mid_RR,ch_16,axial,0.3305000066757202,0.35310533359911156,6.839735693431082,30.27426331150532,True,quantitative
TB_13+07_Mid_RR,ch_17,axial,0.3305000066757202,0.3115152822208644,-5.744243289375558,42.7325602131486,True,quantitative
TB_13+07_Mid_RR,ch_18,axial,0.3305000066757202,0.31175807573323105,-5.67078080602835,42.79710686445236,True,quantitative
TB_13+07_Mid_RR,ch_19,axial,0.3305000066757202,0.3559352197899982,7.695979606812685,12.65196990555525,False,invalid: low_r_squared
TB_13+07_Mid_RR,ch_20,axial,0.3305000066757202,0.3621911908517091,9.588860373937484,21.979473293960094,False,invalid: low_r_squared
TB_13+07_Mid_RR,ch_01,planar_rotation,0.37139999866485596,0.33285241097548585,-10.378995107147185,214.09902595033645,False,invalid: method_disagreement
TB_13+07_Mid_RR,ch_02,planar_rotation,0.37139999866485596,0.33269496756836925,-10.42138697782101,214.09902595033645,False,invalid: method_disagreement
TB_13+07_Mid_RR,ch_03,planar_rotation,0.37139999866485596,0.3731730674834706,0.47740140683593457,217.97973254038575,False,invalid: method_disagreement
TB_13+07_Mid_RR,ch_04,planar_rotation,0.37139999866485596,0.37317335494315185,0.47747880578107693,217.94346161651612,False,invalid: method_disagreement
TB_13+07_Mid_RR,ch_05,planar_rotation,0.37139999866485596,0.3239524090207314,-12.775333821942287,48.34718052619696,False,invalid: poor_band_rejection
TB_13+07_Mid_RR,ch_06,planar_rotation,0.37139999866485596,0.32445282218560917,-12.640596835761164,48.38335488606691,False,invalid: poor_band_rejection
TB_13+07_Mid_RR,ch_07,planar_rotation,0.37139999866485596,0.36183704668602495,-2.5748389911709237,21.870520301377773,False,invalid: low_r_squared
TB_13+07_Mid_RR,ch_08,planar_rotation,0.37139999866485596,0.35546076601795085,-4.2916620097482445,28.10888893895149,False,invalid: poor_band_rejection
TB_13+07_Mid_RR,ch_09,planar_rotation,0.37139999866485596,0.32756037567647517,-11.80388345341401,75.51286202853917,False,invalid: poor_band_rejection
TB_13+07_Mid_RR,ch_10,planar_rotation,0.37139999866485596,0.3275595503262493,-11.804105680185376,75.11420126997231,False,invalid: low_r_squared
TB_13+07_Mid_RR,ch_11,planar_rotation,0.37139999866485596,0.35432680269666317,-4.596983314369719,33.25898130043745,True,quantitative
TB_13+07_Mid_RR,ch_12,planar_rotation,0.37139999866485596,0.3539175725973421,-4.707169125029986,33.07747812108993,True,quantitative
TB_13+07_Mid_RR,ch_13,planar_rotation,0.37139999866485596,0.3288084592082574,-11.467835113007718,80.69938872989417,False,invalid: poor_band_rejection
TB_13+07_Mid_RR,ch_14,planar_rotation,0.37139999866485596,0.3289783092090296,-11.4221027486074,81.24374970793724,False,invalid: poor_band_rejection
TB_13+07_Mid_RR,ch_15,planar_rotation,0.37139999866485596,0.35310617571666764,-4.92563893752092,34.99984451417923,True,quantitative
TB_13+07_Mid_RR,ch_16,planar_rotation,0.37139999866485596,0.3531069549932082,-4.9254291161575985,34.56482369574309,True,quantitative
TB_13+07_Mid_RR,ch_17,planar_rotation,0.37139999866485596,0.3148985501837492,-15.213098730270207,65.21238018556834,False,invalid: method_disagreement
TB_13+07_Mid_RR,ch_18,planar_rotation,0.37139999866485596,0.31471832709724795,-15.261624063374441,65.10367140595913,False,invalid: method_disagreement
TB_13+07_Mid_RR,ch_19,planar_rotation,0.37139999866485596,0.3614136695685172,-2.6888339074417167,26.476697364819053,True,quantitative
TB_13+07_Mid_RR,ch_20,planar_rotation,0.37139999866485596,0.36209790837764205,-2.504601594144842,27.129284302473064,False,invalid: poor_band_rejection
TB_13_A,ch_01,radial,0.36910000443458557,0.4266666666666667,15.596494592370963,4.8660668184638025,False,fast-decay
TB_13_A,ch_02,radial,0.36910000443458557,0.4266671217782632,15.59661789543004,4.8660668184638025,False,fast-decay
TB_13_A,ch_03,radial,0.36910000443458557,0.33464200667410016,-9.335680668243475,6.055524801754653,False,invalid: low_r_squared
TB_13_A,ch_04,radial,0.36910000443458557,0.5585448046024092,51.3261441050452,2.667327019046843,False,fast-decay
TB_13_A,ch_05,radial,0.36910000443458557,0.428288869161644,16.035996753164028,10.885571150785685,False,invalid: poor_band_rejection
TB_13_A,ch_06,radial,0.36910000443458557,0.42992261392949266,16.47862605368418,10.849510080352424,False,invalid: poor_band_rejection
TB_13_A,ch_07,radial,0.36910000443458557,0.3864136945013332,4.690785656659646,2.739423322913051,False,fast-decay
TB_13_A,ch_08,radial,0.36910000443458557,0.3451687875371057,-6.483667464089966,4.325372221967578,False,fast-decay
TB_13_A,ch_09,radial,0.36910000443458557,0.41513585320796226,12.472459555750419,11.894838202911615,False,invalid: method_disagreement
TB_13_A,ch_10,radial,0.36910000443458557,0.41718656962654216,13.02805868713524,11.209973144683243,False,invalid: method_disagreement
TB_13_A,ch_11,radial,0.36910000443458557,0.4513501009895851,22.28395978509842,27.105781575664878,False,invalid: method_disagreement
TB_13_A,ch_12,radial,0.36910000443458557,0.45287633079596784,22.697460134067725,30.674055868536236,False,invalid: low_r_squared
TB_13_A,ch_13,radial,0.36910000443458557,0.4162608123746014,12.777243937523163,9.984450399959087,False,invalid: method_disagreement
TB_13_A,ch_14,radial,0.36910000443458557,0.4196725714597472,13.701589384327528,9.912365169093013,False,invalid: method_disagreement
TB_13_A,ch_15,radial,0.36910000443458557,0.4525267152378674,22.60273904116609,29.809143828144666,False,invalid: low_r_squared
TB_13_A,ch_16,radial,0.36910000443458557,0.4527441622635078,22.66165180817444,28.83586402645111,False,invalid: method_disagreement
TB_13_A,ch_17,radial,0.36910000443458557,0.3973191791385759,7.6454008032913805,22.1675963073346,False,invalid: poor_band_rejection
TB_13_A,ch_18,radial,0.36910000443458557,0.3978380442835257,7.785976565609412,22.311803679067193,False,invalid: poor_band_rejection
TB_13_A,ch_19,radial,0.36910000443458557,0.3903141477857937,5.747532673077454,17.770124090500772,False,invalid: poor_band_rejection
TB_13_A,ch_20,radial,0.36910000443458557,0.3849630358492978,4.297759746443891,6.3438767982190845,False,invalid: low_r_squared
TB_13_A,ch_01,axial,0.4456999897956848,0.4630686619089205,3.8969424525223157,238.9105176961362,True,quantitative
TB_13_A,ch_02,axial,0.4456999897956848,0.4630195648725807,3.8859267384851073,233.4698579207003,True,quantitative
TB_13_A,ch_03,axial,0.4456999897956848,0.4852578574360233,8.875447284275765,253.3176450702846,True,quantitative
TB_13_A,ch_04,axial,0.4456999897956848,0.48526688275689184,8.877472260958553,253.05660304326116,True,quantitative
TB_13_A,ch_05,axial,0.4456999897956848,0.4434278831577841,-0.5097838658112364,44.91809067159891,False,invalid: poor_band_rejection
TB_13_A,ch_06,axial,0.4456999897956848,0.4434274258831682,-0.5098864627657718,44.961323570609096,False,invalid: poor_band_rejection
TB_13_A,ch_07,axial,0.4456999897956848,0.46038139110515247,3.2940097925956464,33.03577351364493,False,invalid: poor_band_rejection
TB_13_A,ch_08,axial,0.4456999897956848,0.46022438815324906,3.2587836414854845,32.55700258460641,False,invalid: poor_band_rejection
TB_13_A,ch_09,axial,0.4456999897956848,0.4561457730181397,2.3436803817840266,49.357396279960874,False,invalid: low_r_squared
TB_13_A,ch_10,axial,0.4456999897956848,0.4557070607788122,2.245248196598512,51.22929166710377,False,invalid: low_r_squared
TB_13_A,ch_11,axial,0.4456999897956848,0.45864775665086044,2.9050408686594458,48.922259379923354,False,invalid: low_r_squared
TB_13_A,ch_12,axial,0.4456999897956848,0.45919585621659353,3.028015869395783,49.13989468494057,False,invalid: low_r_squared
TB_13_A,ch_13,axial,0.4456999897956848,0.4562816380861793,2.374163906834559,51.142291029095645,False,invalid: method_disagreement
TB_13_A,ch_14,axial,0.4456999897956848,0.4562812377155051,2.3740740771995275,52.75238224223256,False,invalid: method_disagreement
TB_13_A,ch_15,axial,0.4456999897956848,0.457654558525437,2.6822008084928037,48.18244196686149,True,quantitative
TB_13_A,ch_16,axial,0.4456999897956848,0.45808345517080784,2.778430706448924,48.487033339887866,True,quantitative
TB_13_A,ch_17,axial,0.4456999897956848,0.3985629048000309,-10.575967259335634,31.16416337449551,False,invalid: poor_band_rejection
TB_13_A,ch_18,axial,0.4456999897956848,0.3989615179451414,-10.486531954368902,31.338253790509704,False,invalid: poor_band_rejection
TB_13_A,ch_19,axial,0.4456999897956848,0.4736207144062193,6.264466064568168,28.50910625028312,False,invalid: poor_band_rejection
TB_13_A,ch_20,axial,0.4456999897956848,0.47505204788999705,6.5856088773454164,34.42856369675696,False,invalid: poor_band_rejection
TB_13_A,ch_01,planar_rotation,0.4848000109195709,0.4630492815790397,-4.4865364790884295,258.07059374874774,True,quantitative
TB_13_A,ch_02,planar_rotation,0.4848000109195709,0.46300990791251656,-4.494658109788982,252.8627168954462,True,quantitative
TB_13_A,ch_03,planar_rotation,0.4848000109195709,0.4852822702486072,0.09947593196657141,267.9651632036117,True,quantitative
TB_13_A,ch_04,planar_rotation,0.4848000109195709,0.4851870833056918,0.07984166200547327,267.0183487822858,True,quantitative
TB_13_A,ch_05,planar_rotation,0.4848000109195709,0.4440619590770261,-8.40306330960527,56.054904302573206,False,invalid: poor_band_rejection
TB_13_A,ch_06,planar_rotation,0.4848000109195709,0.4440591984198598,-8.403632752077245,56.24431566683949,False,invalid: poor_band_rejection
TB_13_A,ch_07,planar_rotation,0.4848000109195709,0.4603813911051525,-5.036843907676703,35.55513584083915,False,invalid: poor_band_rejection
TB_13_A,ch_08,planar_rotation,0.4848000109195709,0.4611388773980917,-4.88059673856003,36.691410106432436,True,quantitative
TB_13_A,ch_09,planar_rotation,0.4848000109195709,0.45592234001229165,-5.956615151988956,54.729170192712544,False,invalid: low_r_squared
TB_13_A,ch_10,planar_rotation,0.4848000109195709,0.4557070607788122,-6.001020933472155,56.29168062790632,False,invalid: method_disagreement
TB_13_A,ch_11,planar_rotation,0.4848000109195709,0.45936838760738924,-5.2457967696706245,51.604294762328266,True,quantitative
TB_13_A,ch_12,planar_rotation,0.4848000109195709,0.4592395579184137,-5.272370549801358,51.32025043593049,True,quantitative
TB_13_A,ch_13,planar_rotation,0.4848000109195709,0.4562816380861793,-5.882502514655036,56.29158366790414,False,invalid: method_disagreement
TB_13_A,ch_14,planar_rotation,0.4848000109195709,0.4558620055058,-5.969060388196187,58.70613012228907,False,invalid: method_disagreement
TB_13_A,ch_15,planar_rotation,0.4848000109195709,0.4579635277846472,-5.535578079715827,53.68738344924748,True,quantitative
TB_13_A,ch_16,planar_rotation,0.4848000109195709,0.45851134611798827,-5.422579251126292,49.90007728394271,True,quantitative
TB_13_A,ch_17,planar_rotation,0.4848000109195709,0.40269668712941115,-16.93550370067563,18.132654840417505,False,invalid: method_disagreement
TB_13_A,ch_18,planar_rotation,0.4848000109195709,0.4049720149874358,-16.46617040719884,18.08528987935066,False,invalid: method_disagreement
TB_13_A,ch_19,planar_rotation,0.4848000109195709,0.4728665119034361,-2.461530269667138,31.199518014733787,False,invalid: poor_band_rejection
TB_13_A,ch_20,planar_rotation,0.4848000109195709,0.47470230062435564,-2.0828609875775155,37.07011648296237,False,invalid: poor_band_rejection
TB_13_R,ch_01,radial,0.37040001153945923,0.4480824640423706,20.97258371565568,29.00984002377391,False,invalid: method_disagreement
TB_13_R,ch_02,radial,0.37040001153945923,0.4498195826573911,21.441568208339856,29.33538459391594,False,invalid: method_disagreement
TB_13_R,ch_03,radial,0.37040001153945923,0.3733247308405401,0.7896110178088568,219.16535346788763,False,invalid: method_disagreement
TB_13_R,ch_04,radial,0.37040001153945923,0.3734135081555801,0.8135789746863572,219.16535346788763,False,invalid: method_disagreement
TB_13_R,ch_05,radial,0.37040001153945923,0.37033000839993324,-0.018899335136367695,193.01303841313722,False,invalid: method_disagreement
TB_13_R,ch_06,radial,0.37040001153945923,0.37012072712562677,-0.07540075732495125,213.88422714335917,False,invalid: method_disagreement
TB_13_R,ch_07,radial,0.37040001153945923,0.49951297484952173,34.85771039083996,2.676732723391056,False,fast-decay
TB_13_R,ch_08,radial,0.37040001153945923,0.36834699549879973,-0.5542699721111601,36.17170944689512,False,invalid: method_disagreement
TB_13_R,ch_09,radial,0.37040001153945923,0.41701417848206834,12.584817896973322,8.753589392709731,False,invalid: low_r_squared
TB_13_R,ch_10,radial,0.37040001153945923,0.428899230125882,15.793525044259013,8.71743835158348,False,invalid: poor_band_rejection
TB_13_R,ch_11,radial,0.37040001153945923,0.45246605909206733,22.1560596641249,16.783750522881746,False,invalid: low_r_squared
TB_13_R,ch_12,radial,0.37040001153945923,0.4511017031344801,21.787713034783103,17.181634215277434,False,invalid: low_r_squared
TB_13_R,ch_13,radial,0.37040001153945923,0.42445497328586507,14.593671723103412,8.31951761918664,False,invalid: poor_band_rejection
TB_13_R,ch_14,radial,0.37040001153945923,0.42082031907531736,13.612393619077084,8.608911148202418,False,invalid: poor_band_rejection
TB_13_R,ch_15,radial,0.37040001153945923,0.43975650054341336,18.724753467391697,6.727945809602738,False,invalid: poor_band_rejection
TB_13_R,ch_16,radial,0.37040001153945923,0.4397537379067722,18.724007615189993,6.8002849318563925,False,invalid: poor_band_rejection
TB_13_R,ch_17,radial,0.37040001153945923,0.3962527007749868,6.97966750272994,18.9902233916223,True,quantitative
TB_13_R,ch_18,radial,0.37040001153945923,0.39544777175587137,6.762354059414971,19.06256251387596,True,quantitative
TB_13_R,ch_19,radial,0.37040001153945923,0.3954469487105308,6.762131854956302,19.026411472749714,False,invalid: poor_band_rejection
TB_13_R,ch_20,radial,0.37040001153945923,0.39613138093380046,6.946913766928982,20.039196224302053,True,quantitative
TB_13_R,ch_01,axial,0.4496000111103058,0.4518960545578782,0.5106858075697595,202.84676986065477,True,quantitative
TB_13_R,ch_02,axial,0.4496000111103058,0.45186305129562654,0.5033452245101332,203.98819188886105,True,quantitative
TB_13_R,ch_03,axial,0.4496000111103058,0.48462878646528723,7.7910975287737285,151.08124531744926,True,quantitative
TB_13_R,ch_04,axial,0.4496000111103058,0.4846276556361524,7.790846009844262,151.21311749670804,True,quantitative
TB_13_R,ch_05,axial,0.4496000111103058,0.4364583753004848,-2.92296162924177,14.620812521302698,False,invalid: poor_band_rejection
TB_13_R,ch_06,axial,0.4496000111103058,0.44025495653705243,-2.078526321690997,28.18780757656395,False,invalid: low_r_squared
TB_13_R,ch_07,axial,0.4496000111103058,0.4630264477145192,2.9863070000946506,26.695000659674406,False,invalid: poor_band_rejection
TB_13_R,ch_08,axial,0.4496000111103058,0.46383264918017575,3.1656222682739434,26.124188485568762,True,quantitative
TB_13_R,ch_09,axial,0.4496000111103058,0.45088237681141996,0.28522368092191974,46.0137286570698,False,invalid: method_disagreement
TB_13_R,ch_10,axial,0.4496000111103058,0.4482950630916316,-0.2902464382622185,20.548114267775414,True,quantitative
TB_13_R,ch_11,axial,0.4496000111103058,0.4617240983041387,2.696638544089882,44.30124717475175,True,quantitative
TB_13_R,ch_12,axial,0.4496000111103058,0.46164370338972377,2.6787571133896524,44.432800138002634,True,quantitative
TB_13_R,ch_13,axial,0.4496000111103058,0.4573693638754431,1.728058846340007,18.83581262546182,True,quantitative
TB_13_R,ch_14,axial,0.4496000111103058,0.44447407604951444,-1.1401100832121054,27.6609662835449,False,invalid: method_disagreement
TB_13_R,ch_15,axial,0.4496000111103058,0.4635391353449994,3.1003389435579374,33.58831299001872,True,quantitative
TB_13_R,ch_16,axial,0.4496000111103058,0.46359548294377684,3.1128717721578023,33.80780771544278,True,quantitative
TB_13_R,ch_17,axial,0.4496000111103058,0.39918635407482495,-11.21300173258053,27.573114441373942,False,invalid: poor_band_rejection
TB_13_R,ch_18,axial,0.4496000111103058,0.39851130039435295,-11.363147120434263,27.485307559204102,False,invalid: poor_band_rejection
TB_13_R,ch_19,axial,0.4496000111103058,0.3976696558169128,-11.550345642819003,23.665460904809834,False,invalid: low_r_squared
TB_13_R,ch_20,axial,0.4496000111103058,0.40217545987217007,-10.548165050311905,29.94403513996303,False,invalid: poor_band_rejection
TB_13_R,ch_01,planar_rotation,0.48500001430511475,0.4518630212691259,-6.8323694966207285,219.81276863339545,True,quantitative
TB_13_R,ch_02,planar_rotation,0.48500001430511475,0.45193234005115235,-6.818076964665703,214.65028783112766,True,quantitative
TB_13_R,ch_03,planar_rotation,0.48500001430511475,0.4847521803836931,-0.051099776105516435,162.36122863885763,True,quantitative
TB_13_R,ch_04,planar_rotation,0.48500001430511475,0.48461000528224907,-0.08041422914687227,162.45580364164712,True,quantitative
TB_13_R,ch_05,planar_rotation,0.48500001430511475,0.45010915146923125,-7.193992125108179,14.540542928874492,True,quantitative
TB_13_R,ch_06,planar_rotation,0.48500001430511475,0.44172744880981224,-8.922178189479316,37.321915100812916,False,invalid: method_disagreement
TB_13_R,ch_07,planar_rotation,0.48500001430511475,0.4630256231256367,-4.530802171410634,28.74953984797001,False,invalid: poor_band_rejection
TB_13_R,ch_08,planar_rotation,0.48500001430511475,0.46319885126684884,-4.495085029946151,30.21778039127588,True,quantitative
TB_13_R,ch_09,planar_rotation,0.48500001430511475,0.4507576648401182,-7.060278031961994,51.05755200594664,False,invalid: method_disagreement
TB_13_R,ch_10,planar_rotation,0.48500001430511475,0.44981993972412804,-7.253623410999496,18.850592555999754,False,invalid: poor_band_rejection
TB_13_R,ch_11,planar_rotation,0.48500001430511475,0.46163982860572184,-4.8165329918314095,48.16816442072391,True,quantitative
TB_13_R,ch_12,planar_rotation,0.48500001430511475,0.4613531487853875,-4.875642231394022,49.06808194726705,True,quantitative
TB_13_R,ch_13,planar_rotation,0.48500001430511475,0.4581049545398201,-5.545372983922205,19.513684575557708,False,invalid: poor_band_rejection
TB_13_R,ch_14,planar_rotation,0.48500001430511475,0.44521756828524445,-8.202565947728624,31.496579928994173,False,invalid: poor_band_rejection
TB_13_R,ch_15,planar_rotation,0.48500001430511475,0.4630487127245786,-4.526041429501182,37.22753409802914,True,quantitative
TB_13_R,ch_16,planar_rotation,0.48500001430511475,0.4630487127245787,-4.526041429501159,37.46435960501432,True,quantitative
TB_13_R,ch_17,planar_rotation,0.48500001430511475,0.40517892332909744,-16.457956416842837,13.877450909316542,False,invalid: poor_band_rejection
TB_13_R,ch_18,planar_rotation,0.48500001430511475,0.40634879355043196,-16.21674606904302,13.593289400935173,False,invalid: poor_band_rejection
TB_13_R,ch_19,planar_rotation,0.48500001430511475,0.4745361409222485,-2.1574996029347338,21.02930962026119,False,invalid: method_disagreement
TB_13_R,ch_20,planar_rotation,0.48500001430511475,0.4750518598280313,-2.0511658110642985,20.46093810349703,False,invalid: method_disagreement
TB_13_Top_A,ch_01,radial,0.3517000079154968,0.411974938377452,17.13816579624232,101.62867625729443,False,invalid: method_disagreement
TB_13_Top_A,ch_02,radial,0.3517000079154968,0.41221054219861597,17.20515579222223,119.66033566312194,False,invalid: low_r_squared
TB_13_Top_A,ch_03,radial,0.3517000079154968,0.3547336246090541,0.8625580396023683,119.48867088925837,False,invalid: method_disagreement
TB_13_Top_A,ch_04,radial,0.3517000079154968,0.3547346732450241,0.8628562016570746,120.7252481170893,False,invalid: method_disagreement
TB_13_Top_A,ch_05,radial,0.3517000079154968,0.3494915623714361,-0.6279344595839101,339.8162053280354,False,invalid: method_disagreement
TB_13_Top_A,ch_06,radial,0.3517000079154968,0.34948098433399477,-0.6309421471594683,339.7474128064871,False,invalid: method_disagreement
TB_13_Top_A,ch_07,radial,0.3517000079154968,0.34516878753710556,-1.857043000112905,7.521702559286356,False,invalid: low_r_squared
TB_13_Top_A,ch_08,radial,0.3517000079154968,0.3468432387788083,-1.380940866471482,131.4408791282594,False,invalid: method_disagreement
TB_13_Top_A,ch_09,radial,0.3517000079154968,0.40104378328663404,14.03007513806854,15.1121273001194,False,invalid: low_r_squared
TB_13_Top_A,ch_10,radial,0.3517000079154968,0.3996093818292619,13.62222713548426,15.592936380940674,False,invalid: low_r_squared
TB_13_Top_A,ch_11,radial,0.3517000079154968,0.4243089421695198,20.64513295986868,25.999704445159438,False,invalid: low_r_squared
TB_13_Top_A,ch_12,radial,0.3517000079154968,0.4248966792908192,20.812246155225957,26.343139502888917,False,invalid: low_r_squared
TB_13_Top_A,ch_13,radial,0.3517000079154968,0.398563943452974,13.324974262934115,12.364435818278789,False,invalid: poor_band_rejection
TB_13_Top_A,ch_14,radial,0.3517000079154968,0.4002601691099214,13.80726758644036,12.1583747836411,False,invalid: poor_band_rejection
TB_13_Top_A,ch_15,radial,0.3517000079154968,0.4244006429125637,20.671206528529478,33.280914539033176,False,invalid: low_r_squared
TB_13_Top_A,ch_16,radial,0.3517000079154968,0.4239522129761989,20.543702995327244,32.90308322052956,False,invalid: low_r_squared
TB_13_Top_A,ch_17,radial,0.3517000079154968,0.3778596893615493,7.438066777734581,20.4357048099339,False,invalid: poor_band_rejection
TB_13_Top_A,ch_18,radial,0.3517000079154968,0.3779262288001382,7.456986151374433,20.470065900707247,False,invalid: poor_band_rejection
TB_13_Top_A,ch_19,radial,0.3517000079154968,0.37838298033354456,7.586855791160195,15.558610460168124,False,invalid: poor_band_rejection
TB_13_Top_A,ch_20,radial,0.3517000079154968,0.3766025784723206,7.08062837542134,20.53871774225235,False,invalid: poor_band_rejection
TB_13_Top_A,ch_01,axial,0.4025999903678894,0.413156156753547,2.62199866820949,399.5330118232661,False,invalid: method_disagreement
TB_13_Top_A,ch_02,axial,0.4025999903678894,0.4131558312172566,2.6219178097151503,399.5724666223222,False,invalid: method_disagreement
TB_13_Top_A,ch_03,axial,0.4025999903678894,0.4585080758555762,13.886757780743824,132.92885441970827,False,invalid: method_disagreement
TB_13_Top_A,ch_04,axial,0.4025999903678894,0.45850807585557607,13.8867577807438,132.96790661877395,False,invalid: low_r_squared
TB_13_Top_A,ch_05,axial,0.4025999903678894,0.34970408496916844,-13.138575922564117,389.50755946112275,False,invalid: method_disagreement
TB_13_Top_A,ch_06,axial,0.4025999903678894,0.3496688521834589,-13.147327235667067,389.50755946112275,False,invalid: method_disagreement
TB_13_Top_A,ch_07,axial,0.4025999903678894,0.42666666666666675,5.977813431338039,25.516344529527426,False,invalid: poor_band_rejection
TB_13_Top_A,ch_08,axial,0.4025999903678894,0.42740902865955627,6.162205386293418,23.235977924084665,False,invalid: low_r_squared
TB_13_Top_A,ch_09,axial,0.4025999903678894,0.4158962282708271,3.302592702694261,37.193354650157694,False,invalid: low_r_squared
TB_13_Top_A,ch_10,axial,0.4025999903678894,0.4158985657119733,3.3031732891826158,37.428835384523865,False,invalid: low_r_squared
TB_13_Top_A,ch_11,axial,0.4025999903678894,0.42922358563163826,6.612915027499292,40.849485942685604,True,quantitative
TB_13_Top_A,ch_12,axial,0.4025999903678894,0.42928655715322284,6.628556240388302,40.5348540502131,True,quantitative
TB_13_Top_A,ch_13,axial,0.4025999903678894,0.41674703930996215,3.5139218282507665,34.716197169423104,False,invalid: low_r_squared
TB_13_Top_A,ch_14,axial,0.4025999903678894,0.407882873212829,1.312191498095217,20.4445508908689,False,invalid: poor_band_rejection
TB_13_Top_A,ch_15,axial,0.4025999903678894,0.428066022888942,6.325393226607424,48.94867046891451,True,quantitative
TB_13_Top_A,ch_16,axial,0.4025999903678894,0.42841806210549843,6.4128346635122595,49.1845940632701,True,quantitative
TB_13_Top_A,ch_17,axial,0.4025999903678894,0.3786494397634594,-5.948969492658058,25.083871619874245,False,invalid: poor_band_rejection
TB_13_Top_A,ch_18,axial,0.4025999903678894,0.37862164511104796,-5.955873281300981,25.162499397993088,False,invalid: poor_band_rejection
TB_13_Top_A,ch_19,axial,0.4025999903678894,0.44104816054153045,9.549967981496406,21.58471406359077,False,invalid: poor_band_rejection
TB_13_Top_A,ch_20,axial,0.4025999903678894,0.4406562000327345,9.452610674448831,20.955651578640936,False,invalid: poor_band_rejection
TB_13_Top_A,ch_01,planar_rotation,0.45170000195503235,0.4132554477120168,-8.511081265579186,445.7445632792562,False,invalid: method_disagreement
TB_13_Top_A,ch_02,planar_rotation,0.45170000195503235,0.4131878850167854,-8.52603869195487,450.1556983693484,False,invalid: method_disagreement
TB_13_Top_A,ch_03,planar_rotation,0.45170000195503235,0.4589609852767749,1.6074791433065838,150.68441045218708,False,invalid: method_disagreement
TB_13_Top_A,ch_04,planar_rotation,0.45170000195503235,0.4590037203459438,1.6169400839716024,150.7282253523767,False,invalid: method_disagreement
TB_13_Top_A,ch_05,planar_rotation,0.45170000195503235,0.40834339795105845,-9.598539698100364,30.21629095078111,False,invalid: poor_band_rejection
TB_13_Top_A,ch_06,planar_rotation,0.45170000195503235,0.4096002859754724,-9.320282443512383,25.143474078825115,False,invalid: method_disagreement
TB_13_Top_A,ch_07,planar_rotation,0.45170000195503235,0.42883374115855283,-5.062267145784937,35.90658172540963,False,invalid: poor_band_rejection
TB_13_Top_A,ch_08,planar_rotation,0.45170000195503235,0.42890095470671885,-5.047387015637691,34.93619461120963,True,quantitative
TB_13_Top_A,ch_09,planar_rotation,0.45170000195503235,0.41711202064704506,-7.657290493310779,44.4641737724483,False,invalid: method_disagreement
TB_13_Top_A,ch_10,planar_rotation,0.45170000195503235,0.4171081060789335,-7.658157123395926,44.33182567187548,False,invalid: method_disagreement
TB_13_Top_A,ch_11,planar_rotation,0.45170000195503235,0.428409618109397,-5.156161997970053,45.037426244929435,True,quantitative
TB_13_Top_A,ch_12,planar_rotation,0.45170000195503235,0.42879589009348773,-5.070646836929783,45.4346060566485,True,quantitative
TB_13_Top_A,ch_13,planar_rotation,0.45170000195503235,0.41643575837756625,-7.8070054073138415,43.31735263748467,False,invalid: low_r_squared
TB_13_Top_A,ch_14,planar_rotation,0.45170000195503235,0.40959952337510014,-9.32045127246278,25.67277614111602,False,invalid: method_disagreement
TB_13_Top_A,ch_15,planar_rotation,0.45170000195503235,0.42771563787078126,-5.3097994200670335,54.87432303750515,True,quantitative
TB_13_Top_A,ch_16,planar_rotation,0.45170000195503235,0.42775893601512,-5.300213822513053,52.88932737891376,True,quantitative
TB_13_Top_A,ch_17,planar_rotation,0.45170000195503235,0.38816108685104317,-14.066618292889583,49.316335193449255,False,invalid: method_disagreement
TB_13_Top_A,ch_18,planar_rotation,0.45170000195503235,0.38766433185579646,-14.176592831985591,49.62484629478454,False,invalid: method_disagreement
TB_13_Top_A,ch_19,planar_rotation,0.45170000195503235,0.443223795921424,-1.8765122862346475,30.480896811926367,False,invalid: poor_band_rejection
TB_13_Top_A,ch_20,planar_rotation,0.45170000195503235,0.4410481605415305,-2.3581672276729924,25.76099315149784,False,invalid: poor_band_rejection
TB_13_Top_R,ch_01,radial,0.35199999809265137,0.41610627832631536,18.21201152870186,74.28424919748306,False,invalid: low_r_squared
TB_13_Top_R,ch_02,radial,0.35199999809265137,0.4161821290425924,18.23356002776096,74.21550359785556,False,invalid: method_disagreement
TB_13_Top_R,ch_03,radial,0.35199999809265137,0.3526883540757096,0.1955556780648149,206.318638882041,False,invalid: method_disagreement
TB_13_Top_R,ch_04,radial,0.35199999809265137,0.3527492695864033,0.2128612209692982,206.35302928185465,False,invalid: method_disagreement
TB_13_Top_R,ch_05,radial,0.35199999809265137,0.3510166774421293,-0.2793524590483851,204.87491088986394,False,invalid: method_disagreement
TB_13_Top_R,ch_06,radial,0.35199999809265137,0.3510167988340018,-0.27931797272078396,204.84041489005088,False,invalid: method_disagreement
TB_13_Top_R,ch_07,radial,0.35199999809265137,0.3450743738798024,-1.9675068893114191,42.38425641033649,False,invalid: method_disagreement
TB_13_Top_R,ch_08,radial,0.35199999809265137,0.34978781870917103,-0.6284600555304726,41.524672414994235,False,invalid: method_disagreement
TB_13_Top_R,ch_09,radial,0.35199999809265137,0.35354383685708723,0.43859056045492006,195.11223670276402,False,invalid: method_disagreement
TB_13_Top_R,ch_10,radial,0.35199999809265137,0.3955369369971187,12.368448619425227,9.21249819008112,False,invalid: method_disagreement
TB_13_Top_R,ch_11,radial,0.35199999809265137,0.41967362821281146,19.22546320649338,8.696863952875137,False,invalid: low_r_squared
TB_13_Top_R,ch_12,radial,0.35199999809265137,0.4208232705917008,19.55206615681123,8.628114833247663,False,invalid: low_r_squared
TB_13_Top_R,ch_13,radial,0.35199999809265137,0.40756231882581295,15.784750293815852,8.146863955855371,False,invalid: low_r_squared
TB_13_Top_R,ch_14,radial,0.35199999809265137,0.40354717970964776,14.644085765997206,7.975017556786536,False,invalid: low_r_squared
TB_13_Top_R,ch_15,radial,0.35199999809265137,0.415837158168861,18.13555693810169,8.146899155855177,False,invalid: poor_band_rejection
TB_13_Top_R,ch_16,radial,0.35199999809265137,0.4114285714285715,16.88311751646023,8.00937275660038,False,invalid: poor_band_rejection
TB_13_Top_R,ch_17,radial,0.35199999809265137,0.3810234448488409,8.245297418595477,23.649989311850067,False,invalid: poor_band_rejection
TB_13_Top_R,ch_18,radial,0.35199999809265137,0.38038671330512086,8.06440777451303,24.371846267938615,False,invalid: poor_band_rejection
TB_13_Top_R,ch_19,radial,0.35199999809265137,0.3723638963413385,5.785198397451994,2.4406271867752074,False,fast-decay
TB_13_Top_R,ch_20,radial,0.35199999809265137,0.37349621088094065,6.106878666127486,12.615598971641061,False,invalid: low_r_squared
TB_13_Top_R,ch_01,axial,0.40720000863075256,0.41680445798954113,2.3586564723032333,238.3550951320231,False,invalid: method_disagreement
TB_13_Top_R,ch_02,axial,0.40720000863075256,0.4167647585097939,2.348907091432457,238.3947156928629,False,invalid: method_disagreement
TB_13_Top_R,ch_03,axial,0.40720000863075256,0.4559449862143693,11.970770272703628,76.4294056199491,False,invalid: low_r_squared
TB_13_Top_R,ch_04,axial,0.40720000863075256,0.45587476346120764,11.95352499969939,96.27226204052567,False,invalid: low_r_squared
TB_13_Top_R,ch_05,axial,0.40720000863075256,0.41470413252668065,1.8428594638692148,27.00086249229312,False,invalid: low_r_squared
TB_13_Top_R,ch_06,axial,0.40720000863075256,0.41470413252668065,1.8428594638692148,26.9610790514499,False,invalid: method_disagreement
TB_13_Top_R,ch_07,axial,0.40720000863075256,0.4266666666666667,4.780613365253247,2.863116916684806,False,fast-decay
TB_13_Top_R,ch_08,axial,0.40720000863075256,0.3580424387702675,-12.072094503578704,12.844273224239052,False,invalid: method_disagreement
TB_13_Top_R,ch_09,axial,0.40720000863075256,0.4096002097153074,0.589440332436571,3.618635812698305,False,fast-decay
TB_13_Top_R,ch_10,axial,0.40720000863075256,0.42067367568052266,3.3088572603612025,37.4987230347991,False,invalid: low_r_squared
TB_13_Top_R,ch_11,axial,0.40720000863075256,0.4354021979425473,6.9258813148425995,26.16576449859291,False,invalid: poor_band_rejection
TB_13_Top_R,ch_12,axial,0.40720000863075256,0.43540170645216947,6.9257606148506,25.966928734378516,False,invalid: poor_band_rejection
TB_13_Top_R,ch_13,axial,0.40720000863075256,0.41778274861881454,2.5989046571112335,94.84075041018426,False,invalid: low_r_squared
TB_13_Top_R,ch_14,axial,0.40720000863075256,0.4173920786403778,2.5029640946956295,88.71686948038638,False,invalid: method_disagreement
TB_13_Top_R,ch_15,axial,0.40720000863075256,0.43537396010929624,6.918946680104742,25.171638613522052,True,quantitative
TB_13_Top_R,ch_16,axial,0.40720000863075256,0.43574445263792994,7.00993207322384,25.05232901099324,True,quantitative
TB_13_Top_R,ch_17,axial,0.40720000863075256,0.38143301449445455,-6.327847148859819,28.392651761792603,False,invalid: poor_band_rejection
TB_13_Top_R,ch_18,axial,0.40720000863075256,0.38095255510212045,-6.4458381562641875,28.313121528106926,False,invalid: poor_band_rejection
TB_13_Top_R,ch_19,axial,0.40720000863075256,0.4400014080045056,8.055353310047993,11.01506563346833,False,invalid: low_r_squared
TB_13_Top_R,ch_20,axial,0.40720000863075256,0.4096006291465664,0.589543336181687,13.003341835610566,False,invalid: method_disagreement
TB_13_Top_R,ch_01,planar_rotation,0.45399999618530273,0.4169439143518272,-8.162132631021185,265.5278451689243,False,invalid: method_disagreement
TB_13_Top_R,ch_02,planar_rotation,0.45399999618530273,0.41683460622909363,-8.186209310239693,265.48335316929814,False,invalid: method_disagreement
TB_13_Top_R,ch_03,planar_rotation,0.45399999618530273,0.4566376115832394,0.5809725594931741,113.54403704595568,False,invalid: method_disagreement
TB_13_Top_R,ch_04,planar_rotation,0.45399999618530273,0.45663761158323934,0.5809725594931617,113.54449104595183,False,invalid: low_r_squared
TB_13_Top_R,ch_05,planar_rotation,0.45399999618530273,0.4175117617458144,-8.037056111470859,63.2672602684021,True,quantitative
TB_13_Top_R,ch_06,planar_rotation,0.45399999618530273,0.4172138023109253,-8.102685943495676,63.444556346912385,True,quantitative
TB_13_Top_R,ch_07,planar_rotation,0.45399999618530273,0.465454003835341,2.5229091952157794,3.5468658901977532,False,fast-decay
TB_13_Top_R,ch_08,planar_rotation,0.45399999618530273,0.4179594384296985,-7.938448911548901,7.625742595925332,False,invalid: poor_band_rejection
TB_13_Top_R,ch_09,planar_rotation,0.45399999618530273,0.42256020778693953,-6.925063582055817,65.57249064903259,False,invalid: poor_band_rejection
TB_13_Top_R,ch_10,planar_rotation,0.45399999618530273,0.4228728681514926,-6.856195659769434,70.44981260805129,False,invalid: poor_band_rejection
TB_13_Top_R,ch_11,planar_rotation,0.45399999618530273,0.4350840597942239,-4.166505848021684,30.503120203700064,False,invalid: poor_band_rejection
TB_13_Top_R,ch_12,planar_rotation,0.45399999618530273,0.4350835865493909,-4.166610086972557,30.281432005562777,False,invalid: poor_band_rejection
TB_13_Top_R,ch_13,planar_rotation,0.45399999618530273,0.41807227424440996,-7.913595207659135,166.39267840189933,True,quantitative
TB_13_Top_R,ch_14,planar_rotation,0.45399999618530273,0.41801850005736946,-7.925439742349077,159.65363865852356,False,invalid: method_disagreement
TB_13_Top_R,ch_15,planar_rotation,0.45399999618530273,0.43540170645216947,-4.0965396232167075,29.12873055524826,True,quantitative
TB_13_Top_R,ch_16,planar_rotation,0.45399999618530273,0.4350328617130925,-4.177782958497794,28.951398156738282,True,quantitative
TB_13_Top_R,ch_17,planar_rotation,0.45399999618530273,0.38460119320116437,-15.286080080893402,39.148614891057015,False,invalid: low_r_squared
TB_13_Top_R,ch_18,planar_rotation,0.45399999618530273,0.38620710963150867,-14.932353991942326,41.67576046982288,False,invalid: low_r_squared
TB_13_Top_R,ch_19,planar_rotation,0.45399999618530273,0.44521838239918166,-1.9342761805964448,17.512654872851375,False,invalid: low_r_squared
TB_13_Top_R,ch_20,planar_rotation,0.45399999618530273,0.44623942295136176,-1.7093773786670798,20.350159389009477,False,invalid: low_r_squared
