exp_id,support_type,configuration,test_direction_code,mode,fit_group,candidate_channel_count,candidate_channels,auxiliary_valid_channel_count,auxiliary_valid_channels,decision_class,fft_target_estimate_hz,time_domain_estimate_median_hz,time_domain_estimate_min_hz,time_domain_estimate_max_hz,fft_time_relative_difference_median_pct,N_decay_valid_min,N_decay_valid_median,N_decay_all_min,final_adopted_frequency_hz,final_frequency_source,final_channel_or_aggregation,selection_reason,included_stiffness_baseline,included_stiffness_29_excluded_sensitivity,damping_valid_channel_count,included_damping_baseline,included_damping_29_excluded_sensitivity,included_NLI_baseline,included_NLI_29_excluded_sensitivity,auxiliary_note_counts
CA_07+13_Mid_AA,CA,CA_07+13_Mid,AA,axial,CA,20,"ch_01,ch_02,ch_03,ch_04,ch_05,ch_06,ch_07,ch_08,ch_09,ch_10,ch_11,ch_12,ch_13,ch_14,ch_15,ch_16,ch_17,ch_18,ch_19,ch_20",7,"ch_02,ch_05,ch_06,ch_13,ch_14,ch_17,ch_18",auxiliary-rule-supported,0.342099994421,0.339526748217,0.335108727434,0.347649857211,-0.752191244128,130.859713556,240.939931351,3.10695214933,0.3421,COMPARE_6.xlsx condition-level frequency,not encoded in the frozen condition-level source,The historical condition-level frequency is supported by at least one channel passing the auxiliary rules; the auxiliary rules did not replace the documented manual decision.,True,True,7,True,True,False,False,fast-decay:1; invalid: low_r_squared:4; invalid: method_disagreement:8; quantitative:7
CA_07+13_Mid_AA,CA,CA_07+13_Mid,AA,planar_rotation,CA,20,"ch_01,ch_02,ch_03,ch_04,ch_05,ch_06,ch_07,ch_08,ch_09,ch_10,ch_11,ch_12,ch_13,ch_14,ch_15,ch_16,ch_17,ch_18,ch_19,ch_20",0,,manual-critical,0.411799997091,,,,,,,4.58448700762,0.4118,COMPARE_6.xlsx condition-level frequency,not encoded in the frozen condition-level source,No channel passed all auxiliary rules; the frozen historical condition-level frequency therefore remains manual-critical.,True,False,0,False,False,False,False,fast-decay:1; invalid: low_r_squared:4; invalid: method_disagreement:10; invalid: poor_band_rejection:4; invalid: too_short:1
CA_07+13_Mid_AA,CA,CA_07+13_Mid,AA,radial,CA,20,"ch_01,ch_02,ch_03,ch_04,ch_05,ch_06,ch_07,ch_08,ch_09,ch_10,ch_11,ch_12,ch_13,ch_14,ch_15,ch_16,ch_17,ch_18,ch_19,ch_20",7,"ch_02,ch_05,ch_06,ch_13,ch_14,ch_17,ch_18",auxiliary-rule-supported,0.342099994421,0.339526748217,0.335108727434,0.347649857211,-0.752191244128,130.859713556,240.939931351,3.10695214933,0.3421,COMPARE_6.xlsx condition-level frequency,not encoded in the frozen condition-level source,The historical condition-level frequency is supported by at least one channel passing the auxiliary rules; the auxiliary rules did not replace the documented manual decision.,True,True,7,True,True,True,True,fast-decay:1; invalid: low_r_squared:4; invalid: method_disagreement:8; quantitative:7
CA_07+13_Mid_AR,CA,CA_07+13_Mid,AR,axial,CA,20,"ch_01,ch_02,ch_03,ch_04,ch_05,ch_06,ch_07,ch_08,ch_09,ch_10,ch_11,ch_12,ch_13,ch_14,ch_15,ch_16,ch_17,ch_18,ch_19,ch_20",10,"ch_01,ch_03,ch_04,ch_05,ch_06,ch_07,ch_08,ch_13,ch_17,ch_18",auxiliary-rule-supported,0.342500001192,0.342322693665,0.33416210112,0.353349557271,-0.0517686208133,112.917695143,277.645622341,3.07715701071,0.3425,COMPARE_6.xlsx condition-level frequency,not encoded in the frozen condition-level source,The historical condition-level frequency is supported by at least one channel passing the auxiliary rules; the auxiliary rules did not replace the documented manual decision.,True,True,7,True,True,False,False,fast-decay:1; invalid: low_r_squared:1; invalid: method_disagreement:6; invalid: poor_band_rejection:2; quantitative:10
CA_07+13_Mid_AR,CA,CA_07+13_Mid,AR,planar_rotation,CA,20,"ch_01,ch_02,ch_03,ch_04,ch_05,ch_06,ch_07,ch_08,ch_09,ch_10,ch_11,ch_12,ch_13,ch_14,ch_15,ch_16,ch_17,ch_18,ch_19,ch_20",0,,manual-critical,0.403499990702,,,,,,,6.3834909029,0.4035,COMPARE_6.xlsx condition-level frequency,not encoded in the frozen condition-level source,No channel passed all auxiliary rules; the frozen historical condition-level frequency therefore remains manual-critical.,True,False,0,False,False,False,False,invalid: low_r_squared:7; invalid: method_disagreement:11; invalid: poor_band_rejection:2
CA_07+13_Mid_AR,CA,CA_07+13_Mid,AR,radial,CA,20,"ch_01,ch_02,ch_03,ch_04,ch_05,ch_06,ch_07,ch_08,ch_09,ch_10,ch_11,ch_12,ch_13,ch_14,ch_15,ch_16,ch_17,ch_18,ch_19,ch_20",10,"ch_01,ch_03,ch_04,ch_05,ch_06,ch_07,ch_08,ch_13,ch_17,ch_18",auxiliary-rule-supported,0.342500001192,0.342322693665,0.33416210112,0.353349557271,-0.0517686208133,112.917695143,277.645622341,3.07715701071,0.3425,COMPARE_6.xlsx condition-level frequency,not encoded in the frozen condition-level source,The historical condition-level frequency is supported by at least one channel passing the auxiliary rules; the auxiliary rules did not replace the documented manual decision.,True,True,7,True,True,True,True,fast-decay:1; invalid: low_r_squared:1; invalid: method_disagreement:6; invalid: poor_band_rejection:2; quantitative:10
CA_07+13_Mid_RA,CA,CA_07+13_Mid,RA,axial,CA,20,"ch_01,ch_02,ch_03,ch_04,ch_05,ch_06,ch_07,ch_08,ch_09,ch_10,ch_11,ch_12,ch_13,ch_14,ch_15,ch_16,ch_17,ch_18,ch_19,ch_20",15,"ch_01,ch_02,ch_04,ch_05,ch_06,ch_07,ch_08,ch_09,ch_10,ch_13,ch_14,ch_17,ch_18,ch_19,ch_20",auxiliary-rule-supported,0.337799996138,0.33649022343,0.334764270609,0.345037815267,-0.387736152483,114.799207303,251.00752303,3.13387190417,0.3378,COMPARE_6.xlsx condition-level frequency,not encoded in the frozen condition-level source,The historical condition-level frequency is supported by at least one channel passing the auxiliary rules; the auxiliary rules did not replace the documented manual decision.,True,True,12,True,True,False,False,fast-decay:1; invalid: method_disagreement:1; invalid: poor_band_rejection:3; quantitative:15
CA_07+13_Mid_RA,CA,CA_07+13_Mid,RA,planar_rotation,CA,20,"ch_01,ch_02,ch_03,ch_04,ch_05,ch_06,ch_07,ch_08,ch_09,ch_10,ch_11,ch_12,ch_13,ch_14,ch_15,ch_16,ch_17,ch_18,ch_19,ch_20",0,,manual-critical,0.403899997473,,,,,,,8.95365514398,0.4039,COMPARE_6.xlsx condition-level frequency,not encoded in the frozen condition-level source,No channel passed all auxiliary rules; the frozen historical condition-level frequency therefore remains manual-critical.,True,False,0,False,False,False,False,invalid: low_r_squared:6; invalid: method_disagreement:11; invalid: poor_band_rejection:3
CA_07+13_Mid_RA,CA,CA_07+13_Mid,RA,radial,CA,20,"ch_01,ch_02,ch_03,ch_04,ch_05,ch_06,ch_07,ch_08,ch_09,ch_10,ch_11,ch_12,ch_13,ch_14,ch_15,ch_16,ch_17,ch_18,ch_19,ch_20",15,"ch_01,ch_02,ch_04,ch_05,ch_06,ch_07,ch_08,ch_09,ch_10,ch_13,ch_14,ch_17,ch_18,ch_19,ch_20",auxiliary-rule-supported,0.337799996138,0.33649022343,0.334764270609,0.345037815267,-0.387736152483,114.799207303,251.00752303,3.13387190417,0.3378,COMPARE_6.xlsx condition-level frequency,not encoded in the frozen condition-level source,The historical condition-level frequency is supported by at least one channel passing the auxiliary rules; the auxiliary rules did not replace the documented manual decision.,True,True,12,True,True,True,True,fast-decay:1; invalid: method_disagreement:1; invalid: poor_band_rejection:3; quantitative:15
CA_07+13_Mid_RR,CA,CA_07+13_Mid,RR,axial,CA,20,"ch_01,ch_02,ch_03,ch_04,ch_05,ch_06,ch_07,ch_08,ch_09,ch_10,ch_11,ch_12,ch_13,ch_14,ch_15,ch_16,ch_17,ch_18,ch_19,ch_20",7,"ch_04,ch_05,ch_07,ch_08,ch_17,ch_18,ch_19",auxiliary-rule-supported,0.341199994087,0.338328274211,0.333980506465,0.348313968074,-0.841652967645,116.054367069,332.436545199,8.69660780929,0.3412,COMPARE_6.xlsx condition-level frequency,not encoded in the frozen condition-level source,The historical condition-level frequency is supported by at least one channel passing the auxiliary rules; the auxiliary rules did not replace the documented manual decision.,True,True,3,True,True,False,False,invalid: low_r_squared:3; invalid: method_disagreement:10; quantitative:7
CA_07+13_Mid_RR,CA,CA_07+13_Mid,RR,planar_rotation,CA,20,"ch_01,ch_02,ch_03,ch_04,ch_05,ch_06,ch_07,ch_08,ch_09,ch_10,ch_11,ch_12,ch_13,ch_14,ch_15,ch_16,ch_17,ch_18,ch_19,ch_20",1,ch_15,auxiliary-rule-supported,0.399399995804,0.401764234948,0.401764234948,0.401764234948,0.591947713773,42.6700583117,42.6700583117,38.262559538,0.3994,COMPARE_6.xlsx condition-level frequency,not encoded in the frozen condition-level source,The historical condition-level frequency is supported by at least one channel passing the auxiliary rules; the auxiliary rules did not replace the documented manual decision.,True,True,1,True,True,True,True,invalid: low_r_squared:2; invalid: method_disagreement:14; invalid: poor_band_rejection:3; quantitative:1
CA_07+13_Mid_RR,CA,CA_07+13_Mid,RR,radial,CA,20,"ch_01,ch_02,ch_03,ch_04,ch_05,ch_06,ch_07,ch_08,ch_09,ch_10,ch_11,ch_12,ch_13,ch_14,ch_15,ch_16,ch_17,ch_18,ch_19,ch_20",7,"ch_04,ch_05,ch_07,ch_08,ch_17,ch_18,ch_19",auxiliary-rule-supported,0.341199994087,0.338328274211,0.333980506465,0.348313968074,-0.841652967645,116.054367069,332.436545199,8.69660780929,0.3412,COMPARE_6.xlsx condition-level frequency,not encoded in the frozen condition-level source,The historical condition-level frequency is supported by at least one channel passing the auxiliary rules; the auxiliary rules did not replace the documented manual decision.,True,True,3,True,True,True,True,invalid: low_r_squared:3; invalid: method_disagreement:10; quantitative:7
CA_07_A,CA,CA_07,A,axial,CA,20,"ch_01,ch_02,ch_03,ch_04,ch_05,ch_06,ch_07,ch_08,ch_09,ch_10,ch_11,ch_12,ch_13,ch_14,ch_15,ch_16,ch_17,ch_18,ch_19,ch_20",6,"ch_05,ch_06,ch_09,ch_10,ch_13,ch_14",auxiliary-rule-supported,0.691299974918,0.69947222691,0.689809374747,0.710530055421,1.18215713695,51.4423963336,56.4381792973,3.30800863998,0.6913,COMPARE_6.xlsx condition-level frequency,not encoded in the frozen condition-level source,The historical condition-level frequency is supported by at least one channel passing the auxiliary rules; the auxiliary rules did not replace the documented manual decision.,True,True,6,True,True,False,False,fast-decay:2; invalid: low_r_squared:2; invalid: method_disagreement:3; invalid: poor_band_rejection:7; quantitative:6
CA_07_A,CA,CA_07,A,planar_rotation,CA,20,"ch_01,ch_02,ch_03,ch_04,ch_05,ch_06,ch_07,ch_08,ch_09,ch_10,ch_11,ch_12,ch_13,ch_14,ch_15,ch_16,ch_17,ch_18,ch_19,ch_20",0,,manual-critical,0.788800001144,,,,,,,3.62043424525,0.7888,COMPARE_6.xlsx condition-level frequency,not encoded in the frozen condition-level source,No channel passed all auxiliary rules; the frozen historical condition-level frequency therefore remains manual-critical.,True,False,0,False,False,False,False,fast-decay:4; invalid: low_r_squared:1; invalid: method_disagreement:12; invalid: poor_band_rejection:3
CA_07_A,CA,CA_07,A,radial,CA,20,"ch_01,ch_02,ch_03,ch_04,ch_05,ch_06,ch_07,ch_08,ch_09,ch_10,ch_11,ch_12,ch_13,ch_14,ch_15,ch_16,ch_17,ch_18,ch_19,ch_20",6,"ch_05,ch_06,ch_09,ch_10,ch_13,ch_14",auxiliary-rule-supported,0.691299974918,0.69947222691,0.689809374747,0.710530055421,1.18215713695,51.4423963336,56.4381792973,3.30800863998,0.6913,COMPARE_6.xlsx condition-level frequency,not encoded in the frozen condition-level source,The historical condition-level frequency is supported by at least one channel passing the auxiliary rules; the auxiliary rules did not replace the documented manual decision.,True,True,6,True,True,True,True,fast-decay:2; invalid: low_r_squared:2; invalid: method_disagreement:3; invalid: poor_band_rejection:7; quantitative:6
CA_07_R,CA,CA_07,R,axial,CA,20,"ch_01,ch_02,ch_03,ch_04,ch_05,ch_06,ch_07,ch_08,ch_09,ch_10,ch_11,ch_12,ch_13,ch_14,ch_15,ch_16,ch_17,ch_18,ch_19,ch_20",2,"ch_15,ch_19",auxiliary-rule-supported,0.691200017929,0.688651661824,0.674971300398,0.70233202325,-0.368685769533,49.9500531357,64.5972277876,3.5774992288,0.6912,COMPARE_6.xlsx condition-level frequency,not encoded in the frozen condition-level source,The historical condition-level frequency is supported by at least one channel passing the auxiliary rules; the auxiliary rules did not replace the documented manual decision.,True,True,2,True,True,False,False,fast-decay:2; invalid: low_r_squared:5; invalid: method_disagreement:6; invalid: poor_band_rejection:5; quantitative:2
CA_07_R,CA,CA_07,R,planar_rotation,CA,20,"ch_01,ch_02,ch_03,ch_04,ch_05,ch_06,ch_07,ch_08,ch_09,ch_10,ch_11,ch_12,ch_13,ch_14,ch_15,ch_16,ch_17,ch_18,ch_19,ch_20",2,"ch_09,ch_10",auxiliary-rule-supported,0.800999999046,0.800324748219,0.800257584952,0.800391911487,-0.0843009772624,98.7946910724,98.9510102272,2.58134264693,0.801,COMPARE_6.xlsx condition-level frequency,not encoded in the frozen condition-level source,The historical condition-level frequency is supported by at least one channel passing the auxiliary rules; the auxiliary rules did not replace the documented manual decision.,True,True,2,True,True,True,True,fast-decay:2; invalid: low_r_squared:2; invalid: method_disagreement:9; invalid: poor_band_rejection:5; quantitative:2
CA_07_R,CA,CA_07,R,radial,CA,20,"ch_01,ch_02,ch_03,ch_04,ch_05,ch_06,ch_07,ch_08,ch_09,ch_10,ch_11,ch_12,ch_13,ch_14,ch_15,ch_16,ch_17,ch_18,ch_19,ch_20",2,"ch_15,ch_19",auxiliary-rule-supported,0.691200017929,0.688651661824,0.674971300398,0.70233202325,-0.368685769533,49.9500531357,64.5972277876,3.5774992288,0.6912,COMPARE_6.xlsx condition-level frequency,not encoded in the frozen condition-level source,The historical condition-level frequency is supported by at least one channel passing the auxiliary rules; the auxiliary rules did not replace the documented manual decision.,True,True,2,True,True,True,True,fast-decay:2; invalid: low_r_squared:5; invalid: method_disagreement:6; invalid: poor_band_rejection:5; quantitative:2
CA_07_Top_A,CA,CA_07_Top,A,axial,CA,20,"ch_01,ch_02,ch_03,ch_04,ch_05,ch_06,ch_07,ch_08,ch_09,ch_10,ch_11,ch_12,ch_13,ch_14,ch_15,ch_16,ch_17,ch_18,ch_19,ch_20",13,"ch_05,ch_06,ch_07,ch_08,ch_11,ch_12,ch_13,ch_14,ch_15,ch_16,ch_17,ch_18,ch_19",auxiliary-rule-supported,0.579100012779,0.569602905403,0.564031575275,0.602354755327,-1.63997706209,77.4202860785,133.69056567,4.58068110108,0.5791,COMPARE_6.xlsx condition-level frequency,not encoded in the frozen condition-level source,The historical condition-level frequency is supported by at least one channel passing the auxiliary rules; the auxiliary rules did not replace the documented manual decision.,True,True,12,True,True,False,False,fast-decay:2; invalid: low_r_squared:1; invalid: method_disagreement:4; quantitative:13
CA_07_Top_A,CA,CA_07_Top,A,planar_rotation,CA,20,"ch_01,ch_02,ch_03,ch_04,ch_05,ch_06,ch_07,ch_08,ch_09,ch_10,ch_11,ch_12,ch_13,ch_14,ch_15,ch_16,ch_17,ch_18,ch_19,ch_20",0,,manual-critical,0.711199998856,,,,,,,4.58389735262,0.7112,COMPARE_6.xlsx condition-level frequency,not encoded in the frozen condition-level source,No channel passed all auxiliary rules; the frozen historical condition-level frequency therefore remains manual-critical.,True,False,0,False,False,False,False,fast-decay:1; invalid: low_r_squared:5; invalid: method_disagreement:12; invalid: poor_band_rejection:2
CA_07_Top_A,CA,CA_07_Top,A,radial,CA,20,"ch_01,ch_02,ch_03,ch_04,ch_05,ch_06,ch_07,ch_08,ch_09,ch_10,ch_11,ch_12,ch_13,ch_14,ch_15,ch_16,ch_17,ch_18,ch_19,ch_20",13,"ch_05,ch_06,ch_07,ch_08,ch_11,ch_12,ch_13,ch_14,ch_15,ch_16,ch_17,ch_18,ch_19",auxiliary-rule-supported,0.579100012779,0.569602905403,0.564031575275,0.602354755327,-1.63997706209,77.4202860785,133.69056567,4.58068110108,0.5791,COMPARE_6.xlsx condition-level frequency,not encoded in the frozen condition-level source,The historical condition-level frequency is supported by at least one channel passing the auxiliary rules; the auxiliary rules did not replace the documented manual decision.,True,True,12,True,True,True,True,fast-decay:2; invalid: low_r_squared:1; invalid: method_disagreement:4; quantitative:13
CA_07_Top_R,CA,CA_07_Top,R,axial,CA,20,"ch_01,ch_02,ch_03,ch_04,ch_05,ch_06,ch_07,ch_08,ch_09,ch_10,ch_11,ch_12,ch_13,ch_14,ch_15,ch_16,ch_17,ch_18,ch_19,ch_20",4,"ch_05,ch_06,ch_07,ch_08",auxiliary-rule-supported,0.563300013542,0.56226295505,0.56226295505,0.563200480598,-0.184104112837,34.6011539718,34.6836774238,2.91552821009,0.5633,COMPARE_6.xlsx condition-level frequency,not encoded in the frozen condition-level source,The historical condition-level frequency is supported by at least one channel passing the auxiliary rules; the auxiliary rules did not replace the documented manual decision.,True,True,4,True,True,False,False,fast-decay:2; invalid: low_r_squared:4; invalid: method_disagreement:6; invalid: poor_band_rejection:4; quantitative:4
CA_07_Top_R,CA,CA_07_Top,R,planar_rotation,CA,20,"ch_01,ch_02,ch_03,ch_04,ch_05,ch_06,ch_07,ch_08,ch_09,ch_10,ch_11,ch_12,ch_13,ch_14,ch_15,ch_16,ch_17,ch_18,ch_19,ch_20",0,,manual-critical,0.66060000658,,,,,,,8.51553044482,0.6606,COMPARE_6.xlsx condition-level frequency,not encoded in the frozen condition-level source,No channel passed all auxiliary rules; the frozen historical condition-level frequency therefore remains manual-critical.,True,False,0,False,False,False,False,invalid: low_r_squared:9; invalid: method_disagreement:8; invalid: poor_band_rejection:3
CA_07_Top_R,CA,CA_07_Top,R,radial,CA,20,"ch_01,ch_02,ch_03,ch_04,ch_05,ch_06,ch_07,ch_08,ch_09,ch_10,ch_11,ch_12,ch_13,ch_14,ch_15,ch_16,ch_17,ch_18,ch_19,ch_20",4,"ch_05,ch_06,ch_07,ch_08",auxiliary-rule-supported,0.563300013542,0.56226295505,0.56226295505,0.563200480598,-0.184104112837,34.6011539718,34.6836774238,2.91552821009,0.5633,COMPARE_6.xlsx condition-level frequency,not encoded in the frozen condition-level source,The historical condition-level frequency is supported by at least one channel passing the auxiliary rules; the auxiliary rules did not replace the documented manual decision.,True,True,4,True,True,True,True,fast-decay:2; invalid: low_r_squared:4; invalid: method_disagreement:6; invalid: poor_band_rejection:4; quantitative:4
CA_13+07_Mid_AA,CA,CA_13+07_Mid,AA,axial,CA,20,"ch_01,ch_02,ch_03,ch_04,ch_05,ch_06,ch_07,ch_08,ch_09,ch_10,ch_11,ch_12,ch_13,ch_14,ch_15,ch_16,ch_17,ch_18,ch_19,ch_20",12,"ch_03,ch_04,ch_05,ch_06,ch_07,ch_08,ch_09,ch_10,ch_17,ch_18,ch_19,ch_20",auxiliary-rule-supported,0.33939999342,0.338862626542,0.337327061721,0.364452214517,-0.158328487909,92.7052415026,240.479947728,14.1195827662,0.3394,COMPARE_6.xlsx condition-level frequency,not encoded in the frozen condition-level source,The historical condition-level frequency is supported by at least one channel passing the auxiliary rules; the auxiliary rules did not replace the documented manual decision.,True,True,11,True,True,False,False,invalid: low_r_squared:1; invalid: method_disagreement:7; quantitative:12
CA_13+07_Mid_AA,CA,CA_13+07_Mid,AA,planar_rotation,CA,20,"ch_01,ch_02,ch_03,ch_04,ch_05,ch_06,ch_07,ch_08,ch_09,ch_10,ch_11,ch_12,ch_13,ch_14,ch_15,ch_16,ch_17,ch_18,ch_19,ch_20",0,,manual-critical,0.410899996758,,,,,,,4.17322363707,0.4109,COMPARE_6.xlsx condition-level frequency,not encoded in the frozen condition-level source,No channel passed all auxiliary rules; the frozen historical condition-level frequency therefore remains manual-critical.,True,False,0,False,False,False,False,fast-decay:1; invalid: low_r_squared:1; invalid: method_disagreement:14; invalid: poor_band_rejection:4
CA_13+07_Mid_AA,CA,CA_13+07_Mid,AA,radial,CA,20,"ch_01,ch_02,ch_03,ch_04,ch_05,ch_06,ch_07,ch_08,ch_09,ch_10,ch_11,ch_12,ch_13,ch_14,ch_15,ch_16,ch_17,ch_18,ch_19,ch_20",12,"ch_03,ch_04,ch_05,ch_06,ch_07,ch_08,ch_09,ch_10,ch_17,ch_18,ch_19,ch_20",auxiliary-rule-supported,0.33939999342,0.338862626542,0.337327061721,0.364452214517,-0.158328487909,92.7052415026,240.479947728,14.1195827662,0.3394,COMPARE_6.xlsx condition-level frequency,not encoded in the frozen condition-level source,The historical condition-level frequency is supported by at least one channel passing the auxiliary rules; the auxiliary rules did not replace the documented manual decision.,True,True,11,True,True,True,True,invalid: low_r_squared:1; invalid: method_disagreement:7; quantitative:12
CA_13+07_Mid_AR,CA,CA_13+07_Mid,AR,axial,CA,20,"ch_01,ch_02,ch_03,ch_04,ch_05,ch_06,ch_07,ch_08,ch_09,ch_10,ch_11,ch_12,ch_13,ch_14,ch_15,ch_16,ch_17,ch_18,ch_19,ch_20",10,"ch_01,ch_02,ch_03,ch_04,ch_05,ch_06,ch_07,ch_08,ch_17,ch_18",auxiliary-rule-supported,0.336499989033,0.335585185012,0.333614894061,0.35211099956,-0.27185855883,199.73091449,290.329616313,3.12181134825,0.3365,COMPARE_6.xlsx condition-level frequency,not encoded in the frozen condition-level source,The historical condition-level frequency is supported by at least one channel passing the auxiliary rules; the auxiliary rules did not replace the documented manual decision.,True,True,8,True,True,False,False,fast-decay:2; invalid: low_r_squared:2; invalid: method_disagreement:5; invalid: poor_band_rejection:1; quantitative:10
CA_13+07_Mid_AR,CA,CA_13+07_Mid,AR,planar_rotation,CA,20,"ch_01,ch_02,ch_03,ch_04,ch_05,ch_06,ch_07,ch_08,ch_09,ch_10,ch_11,ch_12,ch_13,ch_14,ch_15,ch_16,ch_17,ch_18,ch_19,ch_20",0,,manual-critical,0.412000000477,,,,,,,2.73592720317,0.412,COMPARE_6.xlsx condition-level frequency,not encoded in the frozen condition-level source,No channel passed all auxiliary rules; the frozen historical condition-level frequency therefore remains manual-critical.,True,False,0,False,False,False,False,fast-decay:1; invalid: method_disagreement:13; invalid: poor_band_rejection:6
CA_13+07_Mid_AR,CA,CA_13+07_Mid,AR,radial,CA,20,"ch_01,ch_02,ch_03,ch_04,ch_05,ch_06,ch_07,ch_08,ch_09,ch_10,ch_11,ch_12,ch_13,ch_14,ch_15,ch_16,ch_17,ch_18,ch_19,ch_20",10,"ch_01,ch_02,ch_03,ch_04,ch_05,ch_06,ch_07,ch_08,ch_17,ch_18",auxiliary-rule-supported,0.336499989033,0.335585185012,0.333614894061,0.35211099956,-0.27185855883,199.73091449,290.329616313,3.12181134825,0.3365,COMPARE_6.xlsx condition-level frequency,not encoded in the frozen condition-level source,The historical condition-level frequency is supported by at least one channel passing the auxiliary rules; the auxiliary rules did not replace the documented manual decision.,True,True,8,True,True,True,True,fast-decay:2; invalid: low_r_squared:2; invalid: method_disagreement:5; invalid: poor_band_rejection:1; quantitative:10
CA_13+07_Mid_RA,CA,CA_13+07_Mid,RA,axial,CA,20,"ch_01,ch_02,ch_03,ch_04,ch_05,ch_06,ch_07,ch_08,ch_09,ch_10,ch_11,ch_12,ch_13,ch_14,ch_15,ch_16,ch_17,ch_18,ch_19,ch_20",14,"ch_01,ch_02,ch_03,ch_05,ch_06,ch_07,ch_08,ch_09,ch_10,ch_11,ch_12,ch_15,ch_19,ch_20",auxiliary-rule-supported,0.337300002575,0.338061533545,0.335448339316,0.36887238942,0.225772595317,105.208424353,298.546643974,49.0138054342,0.3373,COMPARE_6.xlsx condition-level frequency,not encoded in the frozen condition-level source,The historical condition-level frequency is supported by at least one channel passing the auxiliary rules; the auxiliary rules did not replace the documented manual decision.,True,True,8,True,True,False,False,invalid: method_disagreement:5; invalid: poor_band_rejection:1; quantitative:14
CA_13+07_Mid_RA,CA,CA_13+07_Mid,RA,planar_rotation,CA,20,"ch_01,ch_02,ch_03,ch_04,ch_05,ch_06,ch_07,ch_08,ch_09,ch_10,ch_11,ch_12,ch_13,ch_14,ch_15,ch_16,ch_17,ch_18,ch_19,ch_20",1,ch_03,auxiliary-rule-supported,0.417800009251,0.441877000319,0.441877000319,0.441877000319,5.76280290455,175.361672913,175.361672913,5.18168105473,0.4178,COMPARE_6.xlsx condition-level frequency,not encoded in the frozen condition-level source,The historical condition-level frequency is supported by at least one channel passing the auxiliary rules; the auxiliary rules did not replace the documented manual decision.,True,True,1,True,True,True,True,invalid: low_r_squared:2; invalid: method_disagreement:10; invalid: poor_band_rejection:7; quantitative:1
CA_13+07_Mid_RA,CA,CA_13+07_Mid,RA,radial,CA,20,"ch_01,ch_02,ch_03,ch_04,ch_05,ch_06,ch_07,ch_08,ch_09,ch_10,ch_11,ch_12,ch_13,ch_14,ch_15,ch_16,ch_17,ch_18,ch_19,ch_20",14,"ch_01,ch_02,ch_03,ch_05,ch_06,ch_07,ch_08,ch_09,ch_10,ch_11,ch_12,ch_15,ch_19,ch_20",auxiliary-rule-supported,0.337300002575,0.338061533545,0.335448339316,0.36887238942,0.225772595317,105.208424353,298.546643974,49.0138054342,0.3373,COMPARE_6.xlsx condition-level frequency,not encoded in the frozen condition-level source,The historical condition-level frequency is supported by at least one channel passing the auxiliary rules; the auxiliary rules did not replace the documented manual decision.,True,True,8,True,True,True,True,invalid: method_disagreement:5; invalid: poor_band_rejection:1; quantitative:14
CA_13+07_Mid_RR,CA,CA_13+07_Mid,RR,axial,CA,20,"ch_01,ch_02,ch_03,ch_04,ch_05,ch_06,ch_07,ch_08,ch_09,ch_10,ch_11,ch_12,ch_13,ch_14,ch_15,ch_16,ch_17,ch_18,ch_19,ch_20",6,"ch_06,ch_07,ch_08,ch_15,ch_19,ch_20",auxiliary-rule-supported,0.337399989367,0.336628695505,0.335432443337,0.340332542709,-0.228599254723,304.121249955,318.536377711,2.9983724855,0.3374,COMPARE_6.xlsx condition-level frequency,not encoded in the frozen condition-level source,The historical condition-level frequency is supported by at least one channel passing the auxiliary rules; the auxiliary rules did not replace the documented manual decision.,True,True,4,True,True,False,False,fast-decay:2; invalid: method_disagreement:12; quantitative:6
CA_13+07_Mid_RR,CA,CA_13+07_Mid,RR,planar_rotation,CA,20,"ch_01,ch_02,ch_03,ch_04,ch_05,ch_06,ch_07,ch_08,ch_09,ch_10,ch_11,ch_12,ch_13,ch_14,ch_15,ch_16,ch_17,ch_18,ch_19,ch_20",4,"ch_03,ch_04,ch_11,ch_12",auxiliary-rule-supported,0.423500001431,0.423895006861,0.406181657264,0.441107758997,0.0932716480664,41.3983956398,224.612098084,2.6054990588,0.4235,COMPARE_6.xlsx condition-level frequency,not encoded in the frozen condition-level source,The historical condition-level frequency is supported by at least one channel passing the auxiliary rules; the auxiliary rules did not replace the documented manual decision.,True,True,2,True,True,True,True,fast-decay:1; invalid: low_r_squared:3; invalid: method_disagreement:10; invalid: poor_band_rejection:2; quantitative:4
CA_13+07_Mid_RR,CA,CA_13+07_Mid,RR,radial,CA,20,"ch_01,ch_02,ch_03,ch_04,ch_05,ch_06,ch_07,ch_08,ch_09,ch_10,ch_11,ch_12,ch_13,ch_14,ch_15,ch_16,ch_17,ch_18,ch_19,ch_20",6,"ch_06,ch_07,ch_08,ch_15,ch_19,ch_20",auxiliary-rule-supported,0.337399989367,0.336628695505,0.335432443337,0.340332542709,-0.228599254723,304.121249955,318.536377711,2.9983724855,0.3374,COMPARE_6.xlsx condition-level frequency,not encoded in the frozen condition-level source,The historical condition-level frequency is supported by at least one channel passing the auxiliary rules; the auxiliary rules did not replace the documented manual decision.,True,True,4,True,True,True,True,fast-decay:2; invalid: method_disagreement:12; quantitative:6
CA_13_A,CA,CA_13,A,axial,CA,20,"ch_01,ch_02,ch_03,ch_04,ch_05,ch_06,ch_07,ch_08,ch_09,ch_10,ch_11,ch_12,ch_13,ch_14,ch_15,ch_16,ch_17,ch_18,ch_19,ch_20",10,"ch_05,ch_06,ch_09,ch_10,ch_13,ch_14,ch_17,ch_18,ch_19,ch_20",auxiliary-rule-supported,0.483099997044,0.46772806864,0.459076626504,0.477668097834,-3.18193510605,172.670422213,233.081472969,8.58632948745,0.4831,COMPARE_6.xlsx condition-level frequency,not encoded in the frozen condition-level source,The historical condition-level frequency is supported by at least one channel passing the auxiliary rules; the auxiliary rules did not replace the documented manual decision.,True,True,9,True,True,False,False,invalid: low_r_squared:1; invalid: method_disagreement:9; quantitative:10
CA_13_A,CA,CA_13,A,planar_rotation,CA,20,"ch_01,ch_02,ch_03,ch_04,ch_05,ch_06,ch_07,ch_08,ch_09,ch_10,ch_11,ch_12,ch_13,ch_14,ch_15,ch_16,ch_17,ch_18,ch_19,ch_20",1,ch_12,auxiliary-rule-supported,0.593900024891,0.566556782629,0.566556782629,0.566556782629,-4.6040143317,30.3909332937,30.3909332937,5.04583400148,0.5939,COMPARE_6.xlsx condition-level frequency,not encoded in the frozen condition-level source,The historical condition-level frequency is supported by at least one channel passing the auxiliary rules; the auxiliary rules did not replace the documented manual decision.,True,True,1,True,True,True,True,invalid: low_r_squared:1; invalid: method_disagreement:11; invalid: poor_band_rejection:6; invalid: too_short:1; quantitative:1
CA_13_A,CA,CA_13,A,radial,CA,20,"ch_01,ch_02,ch_03,ch_04,ch_05,ch_06,ch_07,ch_08,ch_09,ch_10,ch_11,ch_12,ch_13,ch_14,ch_15,ch_16,ch_17,ch_18,ch_19,ch_20",10,"ch_05,ch_06,ch_09,ch_10,ch_13,ch_14,ch_17,ch_18,ch_19,ch_20",auxiliary-rule-supported,0.483099997044,0.46772806864,0.459076626504,0.477668097834,-3.18193510605,172.670422213,233.081472969,8.58632948745,0.4831,COMPARE_6.xlsx condition-level frequency,not encoded in the frozen condition-level source,The historical condition-level frequency is supported by at least one channel passing the auxiliary rules; the auxiliary rules did not replace the documented manual decision.,True,True,9,True,True,True,True,invalid: low_r_squared:1; invalid: method_disagreement:9; quantitative:10
CA_13_R,CA,CA_13,R,axial,CA,20,"ch_01,ch_02,ch_03,ch_04,ch_05,ch_06,ch_07,ch_08,ch_09,ch_10,ch_11,ch_12,ch_13,ch_14,ch_15,ch_16,ch_17,ch_18,ch_19,ch_20",5,"ch_07,ch_08,ch_17,ch_18,ch_19",auxiliary-rule-supported,0.472999989986,0.466020771364,0.458391635829,0.48358904313,-1.47552193873,196.313348244,267.124852345,2.67911924328,0.473,COMPARE_6.xlsx condition-level frequency,not encoded in the frozen condition-level source,The historical condition-level frequency is supported by at least one channel passing the auxiliary rules; the auxiliary rules did not replace the documented manual decision.,True,True,5,True,True,False,False,fast-decay:3; invalid: low_r_squared:3; invalid: method_disagreement:7; invalid: poor_band_rejection:2; quantitative:5
CA_13_R,CA,CA_13,R,planar_rotation,CA,20,"ch_01,ch_02,ch_03,ch_04,ch_05,ch_06,ch_07,ch_08,ch_09,ch_10,ch_11,ch_12,ch_13,ch_14,ch_15,ch_16,ch_17,ch_18,ch_19,ch_20",0,,manual-critical,0.549000024796,,,,,,,6.05832507362,0.549,COMPARE_6.xlsx condition-level frequency,not encoded in the frozen condition-level source,No channel passed all auxiliary rules; the frozen historical condition-level frequency therefore remains manual-critical.,True,False,0,False,False,False,False,invalid: low_r_squared:6; invalid: method_disagreement:11; invalid: poor_band_rejection:3
CA_13_R,CA,CA_13,R,radial,CA,20,"ch_01,ch_02,ch_03,ch_04,ch_05,ch_06,ch_07,ch_08,ch_09,ch_10,ch_11,ch_12,ch_13,ch_14,ch_15,ch_16,ch_17,ch_18,ch_19,ch_20",5,"ch_07,ch_08,ch_17,ch_18,ch_19",auxiliary-rule-supported,0.472999989986,0.466020771364,0.458391635829,0.48358904313,-1.47552193873,196.313348244,267.124852345,2.67911924328,0.473,COMPARE_6.xlsx condition-level frequency,not encoded in the frozen condition-level source,The historical condition-level frequency is supported by at least one channel passing the auxiliary rules; the auxiliary rules did not replace the documented manual decision.,True,True,5,True,True,True,True,fast-decay:3; invalid: low_r_squared:3; invalid: method_disagreement:7; invalid: poor_band_rejection:2; quantitative:5
CA_13_Top_A,CA,CA_13_Top,A,axial,CA,20,"ch_01,ch_02,ch_03,ch_04,ch_05,ch_06,ch_07,ch_08,ch_09,ch_10,ch_11,ch_12,ch_13,ch_14,ch_15,ch_16,ch_17,ch_18,ch_19,ch_20",11,"ch_05,ch_06,ch_09,ch_10,ch_11,ch_13,ch_14,ch_17,ch_18,ch_19,ch_20",auxiliary-rule-supported,0.434599995613,0.435228062208,0.433680915272,0.43853805379,0.144516014984,132.034998927,157.712079328,7.08789132845,0.4346,COMPARE_6.xlsx condition-level frequency,not encoded in the frozen condition-level source,The historical condition-level frequency is supported by at least one channel passing the auxiliary rules; the auxiliary rules did not replace the documented manual decision.,True,True,10,True,True,False,False,invalid: low_r_squared:3; invalid: method_disagreement:4; invalid: poor_band_rejection:2; quantitative:11
CA_13_Top_A,CA,CA_13_Top,A,planar_rotation,CA,20,"ch_01,ch_02,ch_03,ch_04,ch_05,ch_06,ch_07,ch_08,ch_09,ch_10,ch_11,ch_12,ch_13,ch_14,ch_15,ch_16,ch_17,ch_18,ch_19,ch_20",0,,manual-critical,0.565400004387,,,,,,,6.4049643297,0.5654,COMPARE_6.xlsx condition-level frequency,not encoded in the frozen condition-level source,No channel passed all auxiliary rules; the frozen historical condition-level frequency therefore remains manual-critical.,True,False,0,False,False,False,False,invalid: low_r_squared:4; invalid: method_disagreement:10; invalid: poor_band_rejection:6
CA_13_Top_A,CA,CA_13_Top,A,radial,CA,20,"ch_01,ch_02,ch_03,ch_04,ch_05,ch_06,ch_07,ch_08,ch_09,ch_10,ch_11,ch_12,ch_13,ch_14,ch_15,ch_16,ch_17,ch_18,ch_19,ch_20",11,"ch_05,ch_06,ch_09,ch_10,ch_11,ch_13,ch_14,ch_17,ch_18,ch_19,ch_20",auxiliary-rule-supported,0.434599995613,0.435228062208,0.433680915272,0.43853805379,0.144516014984,132.034998927,157.712079328,7.08789132845,0.4346,COMPARE_6.xlsx condition-level frequency,not encoded in the frozen condition-level source,The historical condition-level frequency is supported by at least one channel passing the auxiliary rules; the auxiliary rules did not replace the documented manual decision.,True,True,10,True,True,True,True,invalid: low_r_squared:3; invalid: method_disagreement:4; invalid: poor_band_rejection:2; quantitative:11
CA_13_Top_R,CA,CA_13_Top,R,axial,CA,20,"ch_01,ch_02,ch_03,ch_04,ch_05,ch_06,ch_07,ch_08,ch_09,ch_10,ch_11,ch_12,ch_13,ch_14,ch_15,ch_16,ch_17,ch_18,ch_19,ch_20",9,"ch_07,ch_08,ch_09,ch_10,ch_13,ch_14,ch_17,ch_18,ch_19",auxiliary-rule-supported,0.437099993229,0.435222115196,0.426666666667,0.441541543657,-0.429622068657,11.3116670148,63.6440319341,2.98797184371,0.4371,COMPARE_6.xlsx condition-level frequency,not encoded in the frozen condition-level source,The historical condition-level frequency is supported by at least one channel passing the auxiliary rules; the auxiliary rules did not replace the documented manual decision.,True,True,7,True,True,False,False,fast-decay:2; invalid: low_r_squared:1; invalid: method_disagreement:8; quantitative:9
CA_13_Top_R,CA,CA_13_Top,R,planar_rotation,CA,20,"ch_01,ch_02,ch_03,ch_04,ch_05,ch_06,ch_07,ch_08,ch_09,ch_10,ch_11,ch_12,ch_13,ch_14,ch_15,ch_16,ch_17,ch_18,ch_19,ch_20",0,,manual-critical,0.561200022697,,,,,,,5.91886439939,0.5612,COMPARE_6.xlsx condition-level frequency,not encoded in the frozen condition-level source,No channel passed all auxiliary rules; the frozen historical condition-level frequency therefore remains manual-critical.,True,False,0,False,False,False,False,invalid: low_r_squared:5; invalid: method_disagreement:7; invalid: poor_band_rejection:6; invalid: too_short:2
CA_13_Top_R,CA,CA_13_Top,R,radial,CA,20,"ch_01,ch_02,ch_03,ch_04,ch_05,ch_06,ch_07,ch_08,ch_09,ch_10,ch_11,ch_12,ch_13,ch_14,ch_15,ch_16,ch_17,ch_18,ch_19,ch_20",9,"ch_07,ch_08,ch_09,ch_10,ch_13,ch_14,ch_17,ch_18,ch_19",auxiliary-rule-supported,0.437099993229,0.435222115196,0.426666666667,0.441541543657,-0.429622068657,11.3116670148,63.6440319341,2.98797184371,0.4371,COMPARE_6.xlsx condition-level frequency,not encoded in the frozen condition-level source,The historical condition-level frequency is supported by at least one channel passing the auxiliary rules; the auxiliary rules did not replace the documented manual decision.,True,True,7,True,True,True,True,fast-decay:2; invalid: low_r_squared:1; invalid: method_disagreement:8; quantitative:9
CSBD_07_A,CSBD,CSBD_07,A,axial,OTHERS,20,"ch_01,ch_02,ch_03,ch_04,ch_05,ch_06,ch_07,ch_08,ch_09,ch_10,ch_11,ch_12,ch_13,ch_14,ch_15,ch_16,ch_17,ch_18,ch_19,ch_20",0,,manual-critical,0.69618999958,,,,,,,1.76767514223,0.69619,COMPARE_6.xlsx condition-level frequency,not encoded in the frozen condition-level source,No channel passed all auxiliary rules; the frozen historical condition-level frequency therefore remains manual-critical.,True,False,0,False,False,False,False,fast-decay:8; invalid: low_r_squared:7; invalid: method_disagreement:3; invalid: poor_band_rejection:2
CSBD_07_A,CSBD,CSBD_07,A,planar_rotation,OTHERS,20,"ch_01,ch_02,ch_03,ch_04,ch_05,ch_06,ch_07,ch_08,ch_09,ch_10,ch_11,ch_12,ch_13,ch_14,ch_15,ch_16,ch_17,ch_18,ch_19,ch_20",0,,manual-critical,0.852199971676,,,,,,,2.49668173502,0.8522,COMPARE_6.xlsx condition-level frequency,not encoded in the frozen condition-level source,No channel passed all auxiliary rules; the frozen historical condition-level frequency therefore remains manual-critical.,True,False,0,False,False,False,False,fast-decay:3; invalid: low_r_squared:12; invalid: method_disagreement:3; invalid: poor_band_rejection:2
CSBD_07_A,CSBD,CSBD_07,A,radial,OTHERS,20,"ch_01,ch_02,ch_03,ch_04,ch_05,ch_06,ch_07,ch_08,ch_09,ch_10,ch_11,ch_12,ch_13,ch_14,ch_15,ch_16,ch_17,ch_18,ch_19,ch_20",0,,manual-critical,0.545700013638,,,,,,,3.2773651419,0.5457,COMPARE_6.xlsx condition-level frequency,not encoded in the frozen condition-level source,No channel passed all auxiliary rules; the frozen historical condition-level frequency therefore remains manual-critical.,True,False,0,False,False,False,False,fast-decay:5; invalid: low_r_squared:8; invalid: method_disagreement:2; invalid: poor_band_rejection:4; invalid: too_short:1
CSBD_07_R,CSBD,CSBD_07,R,axial,OTHERS,20,"ch_01,ch_02,ch_03,ch_04,ch_05,ch_06,ch_07,ch_08,ch_09,ch_10,ch_11,ch_12,ch_13,ch_14,ch_15,ch_16,ch_17,ch_18,ch_19,ch_20",0,,manual-critical,0.71280002594,,,,,,,2.57554607773,0.7128,COMPARE_6.xlsx condition-level frequency,not encoded in the frozen condition-level source,No channel passed all auxiliary rules; the frozen historical condition-level frequency therefore remains manual-critical.,True,False,0,False,False,False,False,fast-decay:10; invalid: low_r_squared:2; invalid: method_disagreement:8
CSBD_07_R,CSBD,CSBD_07,R,planar_rotation,OTHERS,20,"ch_01,ch_02,ch_03,ch_04,ch_05,ch_06,ch_07,ch_08,ch_09,ch_10,ch_11,ch_12,ch_13,ch_14,ch_15,ch_16,ch_17,ch_18,ch_19,ch_20",0,,manual-critical,0.859600007534,,,,,,,2.05666178603,0.8596,COMPARE_6.xlsx condition-level frequency,not encoded in the frozen condition-level source,No channel passed all auxiliary rules; the frozen historical condition-level frequency therefore remains manual-critical.,True,False,0,False,False,False,False,fast-decay:7; invalid: low_r_squared:5; invalid: method_disagreement:2; invalid: poor_band_rejection:6
CSBD_07_R,CSBD,CSBD_07,R,radial,OTHERS,20,"ch_01,ch_02,ch_03,ch_04,ch_05,ch_06,ch_07,ch_08,ch_09,ch_10,ch_11,ch_12,ch_13,ch_14,ch_15,ch_16,ch_17,ch_18,ch_19,ch_20",3,"ch_05,ch_06,ch_09",auxiliary-rule-supported,0.529100000858,0.529370115734,0.52602601374,0.533840643715,0.0510517623883,12.6591408005,16.8444276273,2.55766411315,0.5291,COMPARE_6.xlsx condition-level frequency,not encoded in the frozen condition-level source,The historical condition-level frequency is supported by at least one channel passing the auxiliary rules; the auxiliary rules did not replace the documented manual decision.,True,True,1,True,True,True,True,fast-decay:2; invalid: low_r_squared:5; invalid: method_disagreement:4; invalid: poor_band_rejection:6; quantitative:3
CSBD_13_A,CSBD,CSBD_13,A,axial,OTHERS,20,"ch_01,ch_02,ch_03,ch_04,ch_05,ch_06,ch_07,ch_08,ch_09,ch_10,ch_11,ch_12,ch_13,ch_14,ch_15,ch_16,ch_17,ch_18,ch_19,ch_20",0,,manual-critical,0.476300001144,,,,,,,2.46522401992,0.4763,COMPARE_6.xlsx condition-level frequency,not encoded in the frozen condition-level source,No channel passed all auxiliary rules; the frozen historical condition-level frequency therefore remains manual-critical.,True,False,0,False,False,False,False,fast-decay:10; invalid: low_r_squared:1; invalid: method_disagreement:4; invalid: poor_band_rejection:5
CSBD_13_A,CSBD,CSBD_13,A,planar_rotation,OTHERS,20,"ch_01,ch_02,ch_03,ch_04,ch_05,ch_06,ch_07,ch_08,ch_09,ch_10,ch_11,ch_12,ch_13,ch_14,ch_15,ch_16,ch_17,ch_18,ch_19,ch_20",0,,manual-critical,0.559499979019,,,,,,,2.84119684346,0.5595,COMPARE_6.xlsx condition-level frequency,not encoded in the frozen condition-level source,No channel passed all auxiliary rules; the frozen historical condition-level frequency therefore remains manual-critical.,True,False,0,False,False,False,False,fast-decay:5; invalid: low_r_squared:7; invalid: method_disagreement:3; invalid: poor_band_rejection:5
CSBD_13_A,CSBD,CSBD_13,A,radial,OTHERS,20,"ch_01,ch_02,ch_03,ch_04,ch_05,ch_06,ch_07,ch_08,ch_09,ch_10,ch_11,ch_12,ch_13,ch_14,ch_15,ch_16,ch_17,ch_18,ch_19,ch_20",0,,manual-critical,0.422100007534,,,,,,,2.43202205541,0.4221,COMPARE_6.xlsx condition-level frequency,not encoded in the frozen condition-level source,No channel passed all auxiliary rules; the frozen historical condition-level frequency therefore remains manual-critical.,True,False,0,False,False,False,False,fast-decay:6; invalid: low_r_squared:7; invalid: method_disagreement:2; invalid: poor_band_rejection:5
CSBD_13_R,CSBD,CSBD_13,R,axial,OTHERS,20,"ch_01,ch_02,ch_03,ch_04,ch_05,ch_06,ch_07,ch_08,ch_09,ch_10,ch_11,ch_12,ch_13,ch_14,ch_15,ch_16,ch_17,ch_18,ch_19,ch_20",0,,manual-critical,0.477400004864,,,,,,,2.56415839212,0.4774,COMPARE_6.xlsx condition-level frequency,not encoded in the frozen condition-level source,No channel passed all auxiliary rules; the frozen historical condition-level frequency therefore remains manual-critical.,True,False,0,False,False,False,False,fast-decay:8; invalid: low_r_squared:4; invalid: method_disagreement:6; invalid: poor_band_rejection:1; invalid: too_short:1
CSBD_13_R,CSBD,CSBD_13,R,planar_rotation,OTHERS,20,"ch_01,ch_02,ch_03,ch_04,ch_05,ch_06,ch_07,ch_08,ch_09,ch_10,ch_11,ch_12,ch_13,ch_14,ch_15,ch_16,ch_17,ch_18,ch_19,ch_20",0,,manual-critical,0.560500025749,,,,,,,2.57261104318,0.5605,COMPARE_6.xlsx condition-level frequency,not encoded in the frozen condition-level source,No channel passed all auxiliary rules; the frozen historical condition-level frequency therefore remains manual-critical.,True,False,0,False,False,False,False,fast-decay:4; invalid: low_r_squared:6; invalid: poor_band_rejection:9; invalid: too_short:1
CSBD_13_R,CSBD,CSBD_13,R,radial,OTHERS,20,"ch_01,ch_02,ch_03,ch_04,ch_05,ch_06,ch_07,ch_08,ch_09,ch_10,ch_11,ch_12,ch_13,ch_14,ch_15,ch_16,ch_17,ch_18,ch_19,ch_20",0,,manual-critical,0.414999991655,,,,,,,2.39111375192,0.415,COMPARE_6.xlsx condition-level frequency,not encoded in the frozen condition-level source,No channel passed all auxiliary rules; the frozen historical condition-level frequency therefore remains manual-critical.,True,False,0,False,False,False,False,fast-decay:4; invalid: low_r_squared:9; invalid: method_disagreement:3; invalid: poor_band_rejection:4
CSB_07_A,CSB,CSB_07,A,axial,OTHERS,20,"ch_01,ch_02,ch_03,ch_04,ch_05,ch_06,ch_07,ch_08,ch_09,ch_10,ch_11,ch_12,ch_13,ch_14,ch_15,ch_16,ch_17,ch_18,ch_19,ch_20",9,"ch_05,ch_06,ch_09,ch_10,ch_13,ch_14,ch_17,ch_18,ch_19",auxiliary-rule-supported,0.587300002575,0.586786938813,0.551922730818,0.588383898362,-0.0873597411189,91.4209977608,120.556892159,4.81769239712,0.5873,COMPARE_6.xlsx condition-level frequency,not encoded in the frozen condition-level source,The historical condition-level frequency is supported by at least one channel passing the auxiliary rules; the auxiliary rules did not replace the documented manual decision.,True,True,8,True,True,True,True,fast-decay:1; invalid: low_r_squared:3; invalid: method_disagreement:3; invalid: poor_band_rejection:4; quantitative:9
CSB_07_A,CSB,CSB_07,A,planar_rotation,OTHERS,20,"ch_01,ch_02,ch_03,ch_04,ch_05,ch_06,ch_07,ch_08,ch_09,ch_10,ch_11,ch_12,ch_13,ch_14,ch_15,ch_16,ch_17,ch_18,ch_19,ch_20",8,"ch_05,ch_06,ch_09,ch_10,ch_13,ch_14,ch_17,ch_18",auxiliary-rule-supported,0.592999994755,0.586821363003,0.55199835263,0.588257081417,-1.04192779195,91.7296866886,116.225478722,5.26981898339,0.81829,COMPARE_6.xlsx condition-level frequency,not encoded in the frozen condition-level source,The historical condition-level frequency is supported by at least one channel passing the auxiliary rules; the auxiliary rules did not replace the documented manual decision.,True,True,7,True,True,True,True,invalid: low_r_squared:3; invalid: method_disagreement:4; invalid: poor_band_rejection:4; invalid: too_short:1; quantitative:8
CSB_07_A,CSB,CSB_07,A,radial,OTHERS,20,"ch_01,ch_02,ch_03,ch_04,ch_05,ch_06,ch_07,ch_08,ch_09,ch_10,ch_11,ch_12,ch_13,ch_14,ch_15,ch_16,ch_17,ch_18,ch_19,ch_20",0,,manual-critical,0.411000013351,,,,,,,6.06064729688,0.411,COMPARE_6.xlsx condition-level frequency,not encoded in the frozen condition-level source,No channel passed all auxiliary rules; the frozen historical condition-level frequency therefore remains manual-critical.,True,False,0,False,False,False,False,invalid: low_r_squared:2; invalid: method_disagreement:18
CSB_07_R,CSB,CSB_07,R,axial,OTHERS,20,"ch_01,ch_02,ch_03,ch_04,ch_05,ch_06,ch_07,ch_08,ch_09,ch_10,ch_11,ch_12,ch_13,ch_14,ch_15,ch_16,ch_17,ch_18,ch_19,ch_20",12,"ch_01,ch_02,ch_03,ch_05,ch_06,ch_09,ch_10,ch_13,ch_14,ch_17,ch_18,ch_20",auxiliary-rule-supported,0.578599989414,0.565708209235,0.546931181957,0.592841705875,-2.2280989311,11.4138105512,218.443945683,5.87637721249,0.5786,COMPARE_6.xlsx condition-level frequency,not encoded in the frozen condition-level source,The historical condition-level frequency is supported by at least one channel passing the auxiliary rules; the auxiliary rules did not replace the documented manual decision.,True,True,12,True,True,True,True,invalid: low_r_squared:3; invalid: method_disagreement:2; invalid: poor_band_rejection:3; quantitative:12
CSB_07_R,CSB,CSB_07,R,planar_rotation,OTHERS,20,"ch_01,ch_02,ch_03,ch_04,ch_05,ch_06,ch_07,ch_08,ch_09,ch_10,ch_11,ch_12,ch_13,ch_14,ch_15,ch_16,ch_17,ch_18,ch_19,ch_20",12,"ch_01,ch_02,ch_03,ch_05,ch_06,ch_09,ch_10,ch_13,ch_14,ch_17,ch_18,ch_20",auxiliary-rule-supported,0.578599989414,0.565708209235,0.546931181957,0.592841705875,-2.2280989311,11.4138105512,218.443945683,5.87637721249,0.82229,COMPARE_6.xlsx condition-level frequency,not encoded in the frozen condition-level source,The historical condition-level frequency is supported by at least one channel passing the auxiliary rules; the auxiliary rules did not replace the documented manual decision.,True,True,12,True,True,False,False,invalid: low_r_squared:3; invalid: method_disagreement:2; invalid: poor_band_rejection:3; quantitative:12
CSB_07_R,CSB,CSB_07,R,radial,OTHERS,20,"ch_01,ch_02,ch_03,ch_04,ch_05,ch_06,ch_07,ch_08,ch_09,ch_10,ch_11,ch_12,ch_13,ch_14,ch_15,ch_16,ch_17,ch_18,ch_19,ch_20",1,ch_20,auxiliary-rule-supported,0.413899987936,0.422738130824,0.422738130824,0.422738130824,2.13533296583,400.39956369,400.39956369,2.74854425989,0.4139,COMPARE_6.xlsx condition-level frequency,not encoded in the frozen condition-level source,The historical condition-level frequency is supported by at least one channel passing the auxiliary rules; the auxiliary rules did not replace the documented manual decision.,True,True,1,True,True,False,False,fast-decay:1; invalid: low_r_squared:3; invalid: method_disagreement:14; invalid: poor_band_rejection:1; quantitative:1
CSB_13_A,CSB,CSB_13,A,axial,OTHERS,20,"ch_01,ch_02,ch_03,ch_04,ch_05,ch_06,ch_07,ch_08,ch_09,ch_10,ch_11,ch_12,ch_13,ch_14,ch_15,ch_16,ch_17,ch_18,ch_19,ch_20",8,"ch_01,ch_02,ch_05,ch_06,ch_13,ch_14,ch_17,ch_18",auxiliary-rule-supported,0.429100006819,0.430066106367,0.422603379352,0.433617171907,0.225145544723,94.4941292716,274.410248196,8.42280403385,0.4291,COMPARE_6.xlsx condition-level frequency,not encoded in the frozen condition-level source,The historical condition-level frequency is supported by at least one channel passing the auxiliary rules; the auxiliary rules did not replace the documented manual decision.,True,True,6,True,True,True,True,invalid: method_disagreement:3; invalid: poor_band_rejection:9; quantitative:8
CSB_13_A,CSB,CSB_13,A,planar_rotation,OTHERS,20,"ch_01,ch_02,ch_03,ch_04,ch_05,ch_06,ch_07,ch_08,ch_09,ch_10,ch_11,ch_12,ch_13,ch_14,ch_15,ch_16,ch_17,ch_18,ch_19,ch_20",13,"ch_01,ch_02,ch_03,ch_04,ch_05,ch_06,ch_07,ch_08,ch_13,ch_14,ch_16,ch_17,ch_18",auxiliary-rule-supported,0.461299985647,0.433440865798,0.42283469815,0.48492088138,-6.03926310771,49.2831315826,116.450937417,31.849534909,0.69267,COMPARE_6.xlsx condition-level frequency,not encoded in the frozen condition-level source,The historical condition-level frequency is supported by at least one channel passing the auxiliary rules; the auxiliary rules did not replace the documented manual decision.,True,True,9,True,True,True,True,invalid: method_disagreement:4; invalid: poor_band_rejection:3; quantitative:13
CSB_13_A,CSB,CSB_13,A,radial,OTHERS,20,"ch_01,ch_02,ch_03,ch_04,ch_05,ch_06,ch_07,ch_08,ch_09,ch_10,ch_11,ch_12,ch_13,ch_14,ch_15,ch_16,ch_17,ch_18,ch_19,ch_20",0,,manual-critical,0.348500013351,,,,,,,2.04199400823,0.3485,COMPARE_6.xlsx condition-level frequency,not encoded in the frozen condition-level source,No channel passed all auxiliary rules; the frozen historical condition-level frequency therefore remains manual-critical.,True,False,0,False,False,False,False,fast-decay:4; invalid: low_r_squared:5; invalid: method_disagreement:11
CSB_13_R,CSB,CSB_13,R,axial,OTHERS,20,"ch_01,ch_02,ch_03,ch_04,ch_05,ch_06,ch_07,ch_08,ch_09,ch_10,ch_11,ch_12,ch_13,ch_14,ch_15,ch_16,ch_17,ch_18,ch_19,ch_20",3,"ch_17,ch_18,ch_20",auxiliary-rule-supported,0.440499991179,0.418678404309,0.418431128317,0.418720756268,-4.95382231707,382.641022137,426.303865813,6.3665904225,0.4405,COMPARE_6.xlsx condition-level frequency,not encoded in the frozen condition-level source,The historical condition-level frequency is supported by at least one channel passing the auxiliary rules; the auxiliary rules did not replace the documented manual decision.,True,True,3,True,True,True,True,invalid: low_r_squared:1; invalid: method_disagreement:7; invalid: poor_band_rejection:9; quantitative:3
CSB_13_R,CSB,CSB_13,R,planar_rotation,OTHERS,20,"ch_01,ch_02,ch_03,ch_04,ch_05,ch_06,ch_07,ch_08,ch_09,ch_10,ch_11,ch_12,ch_13,ch_14,ch_15,ch_16,ch_17,ch_18,ch_19,ch_20",3,"ch_17,ch_18,ch_20",auxiliary-rule-supported,0.440499991179,0.418678404309,0.418431128317,0.418720756268,-4.95382231707,382.641022137,426.303865813,6.3665904225,0.69567,COMPARE_6.xlsx condition-level frequency,not encoded in the frozen condition-level source,The historical condition-level frequency is supported by at least one channel passing the auxiliary rules; the auxiliary rules did not replace the documented manual decision.,True,True,3,True,True,False,False,invalid: low_r_squared:1; invalid: method_disagreement:7; invalid: poor_band_rejection:9; quantitative:3
CSB_13_R,CSB,CSB_13,R,radial,OTHERS,20,"ch_01,ch_02,ch_03,ch_04,ch_05,ch_06,ch_07,ch_08,ch_09,ch_10,ch_11,ch_12,ch_13,ch_14,ch_15,ch_16,ch_17,ch_18,ch_19,ch_20",1,ch_06,auxiliary-rule-supported,0.350400000811,0.347995937558,0.347995937558,0.347995937558,-0.686091109228,347.286031043,347.286031043,47.4955287499,0.3504,COMPARE_6.xlsx condition-level frequency,not encoded in the frozen condition-level source,The historical condition-level frequency is supported by at least one channel passing the auxiliary rules; the auxiliary rules did not replace the documented manual decision.,True,True,0,False,False,False,False,invalid: method_disagreement:16; invalid: poor_band_rejection:3; quantitative:1
TB_07+07_MidTop_AA,TB,TB_07+07_MidTop,AA,axial,OTHERS,20,"ch_01,ch_02,ch_03,ch_04,ch_05,ch_06,ch_07,ch_08,ch_09,ch_10,ch_11,ch_12,ch_13,ch_14,ch_15,ch_16,ch_17,ch_18,ch_19,ch_20",4,"ch_11,ch_12,ch_15,ch_16",auxiliary-rule-supported,0.365200012922,0.380546928726,0.38013960627,0.380982824179,4.20233167041,40.442797231,43.4923268989,9.0943568018,0.3652,COMPARE_6.xlsx condition-level frequency,not encoded in the frozen condition-level source,The historical condition-level frequency is supported by at least one channel passing the auxiliary rules; the auxiliary rules did not replace the documented manual decision.,True,True,4,True,True,False,False,invalid: low_r_squared:3; invalid: method_disagreement:10; invalid: poor_band_rejection:3; quantitative:4
TB_07+07_MidTop_AA,TB,TB_07+07_MidTop,AA,planar_rotation,OTHERS,20,"ch_01,ch_02,ch_03,ch_04,ch_05,ch_06,ch_07,ch_08,ch_09,ch_10,ch_11,ch_12,ch_13,ch_14,ch_15,ch_16,ch_17,ch_18,ch_19,ch_20",6,"ch_05,ch_06,ch_11,ch_12,ch_15,ch_16",auxiliary-rule-supported,0.402399986982,0.38004009667,0.367217429057,0.381734026817,-5.55663296109,43.3049184391,49.4549382801,9.1561690638,0.4024,COMPARE_6.xlsx condition-level frequency,not encoded in the frozen condition-level source,The historical condition-level frequency is supported by at least one channel passing the auxiliary rules; the auxiliary rules did not replace the documented manual decision.,True,True,6,True,True,True,True,invalid: low_r_squared:1; invalid: method_disagreement:8; invalid: poor_band_rejection:5; quantitative:6
TB_07+07_MidTop_AA,TB,TB_07+07_MidTop,AA,radial,OTHERS,20,"ch_01,ch_02,ch_03,ch_04,ch_05,ch_06,ch_07,ch_08,ch_09,ch_10,ch_11,ch_12,ch_13,ch_14,ch_15,ch_16,ch_17,ch_18,ch_19,ch_20",4,"ch_01,ch_02,ch_17,ch_18",auxiliary-rule-supported,0.319799989462,0.35181286971,0.339394268504,0.363915421533,10.0102818332,33.8225265855,172.563706544,2.52966908464,0.3198,COMPARE_6.xlsx condition-level frequency,not encoded in the frozen condition-level source,The historical condition-level frequency is supported by at least one channel passing the auxiliary rules; the auxiliary rules did not replace the documented manual decision.,True,True,2,True,True,True,True,fast-decay:1; invalid: low_r_squared:7; invalid: method_disagreement:3; invalid: poor_band_rejection:5; quantitative:4
TB_07+07_MidTop_AR,TB,TB_07+07_MidTop,AR,axial,OTHERS,20,"ch_01,ch_02,ch_03,ch_04,ch_05,ch_06,ch_07,ch_08,ch_09,ch_10,ch_11,ch_12,ch_13,ch_14,ch_15,ch_16,ch_17,ch_18,ch_19,ch_20",10,"ch_01,ch_02,ch_09,ch_10,ch_11,ch_12,ch_15,ch_16,ch_17,ch_18",auxiliary-rule-supported,0.359400004148,0.359325226618,0.33982371456,0.386650335887,-0.0208062131008,21.8658603124,32.5353502655,2.94819417403,0.3594,COMPARE_6.xlsx condition-level frequency,not encoded in the frozen condition-level source,The historical condition-level frequency is supported by at least one channel passing the auxiliary rules; the auxiliary rules did not replace the documented manual decision.,True,True,6,True,True,True,True,fast-decay:2; invalid: low_r_squared:5; invalid: method_disagreement:3; quantitative:10
TB_07+07_MidTop_AR,TB,TB_07+07_MidTop,AR,planar_rotation,OTHERS,20,"ch_01,ch_02,ch_03,ch_04,ch_05,ch_06,ch_07,ch_08,ch_09,ch_10,ch_11,ch_12,ch_13,ch_14,ch_15,ch_16,ch_17,ch_18,ch_19,ch_20",8,"ch_01,ch_02,ch_03,ch_04,ch_11,ch_12,ch_15,ch_16",auxiliary-rule-supported,0.408699989319,0.385811525654,0.359387263141,0.408998078161,-5.60030933757,36.5591540545,83.7155371326,4.39033702526,0.4087,COMPARE_6.xlsx condition-level frequency,not encoded in the frozen condition-level source,The historical condition-level frequency is supported by at least one channel passing the auxiliary rules; the auxiliary rules did not replace the documented manual decision.,True,True,6,True,True,True,True,fast-decay:1; invalid: low_r_squared:3; invalid: method_disagreement:3; invalid: poor_band_rejection:5; quantitative:8
TB_07+07_MidTop_AR,TB,TB_07+07_MidTop,AR,radial,OTHERS,20,"ch_01,ch_02,ch_03,ch_04,ch_05,ch_06,ch_07,ch_08,ch_09,ch_10,ch_11,ch_12,ch_13,ch_14,ch_15,ch_16,ch_17,ch_18,ch_19,ch_20",3,"ch_02,ch_17,ch_18",auxiliary-rule-supported,0.320300012827,0.339355479106,0.33930569355,0.359298423871,5.94925554676,38.5673245445,38.880033447,2.90896151349,0.3203,COMPARE_6.xlsx condition-level frequency,not encoded in the frozen condition-level source,The historical condition-level frequency is supported by at least one channel passing the auxiliary rules; the auxiliary rules did not replace the documented manual decision.,True,True,2,True,True,False,False,fast-decay:2; invalid: low_r_squared:9; invalid: method_disagreement:3; invalid: poor_band_rejection:3; quantitative:3
TB_07+07_MidTop_RA,TB,TB_07+07_MidTop,RA,axial,OTHERS,20,"ch_01,ch_02,ch_03,ch_04,ch_05,ch_06,ch_07,ch_08,ch_09,ch_10,ch_11,ch_12,ch_13,ch_14,ch_15,ch_16,ch_17,ch_18,ch_19,ch_20",8,"ch_11,ch_12,ch_13,ch_14,ch_15,ch_16,ch_17,ch_18",auxiliary-rule-supported,0.371100008488,0.376336064995,0.342639084547,0.386419560558,1.41095564212,25.9479805735,33.4496002501,13.5175775792,0.3711,COMPARE_6.xlsx condition-level frequency,not encoded in the frozen condition-level source,The historical condition-level frequency is supported by at least one channel passing the auxiliary rules; the auxiliary rules did not replace the documented manual decision.,True,True,8,True,True,True,True,invalid: low_r_squared:6; invalid: method_disagreement:6; quantitative:8
TB_07+07_MidTop_RA,TB,TB_07+07_MidTop,RA,planar_rotation,OTHERS,20,"ch_01,ch_02,ch_03,ch_04,ch_05,ch_06,ch_07,ch_08,ch_09,ch_10,ch_11,ch_12,ch_13,ch_14,ch_15,ch_16,ch_17,ch_18,ch_19,ch_20",7,"ch_05,ch_06,ch_11,ch_12,ch_15,ch_16,ch_20",auxiliary-rule-supported,0.409900009632,0.384858564478,0.373919439591,0.394689237044,-6.10915944526,20.1747865941,31.5828367322,17.8931191805,0.4099,COMPARE_6.xlsx condition-level frequency,not encoded in the frozen condition-level source,The historical condition-level frequency is supported by at least one channel passing the auxiliary rules; the auxiliary rules did not replace the documented manual decision.,True,True,6,True,True,True,True,invalid: low_r_squared:1; invalid: method_disagreement:11; invalid: poor_band_rejection:1; quantitative:7
TB_07+07_MidTop_RA,TB,TB_07+07_MidTop,RA,radial,OTHERS,20,"ch_01,ch_02,ch_03,ch_04,ch_05,ch_06,ch_07,ch_08,ch_09,ch_10,ch_11,ch_12,ch_13,ch_14,ch_15,ch_16,ch_17,ch_18,ch_19,ch_20",3,"ch_17,ch_18,ch_19",auxiliary-rule-supported,0.321299999952,0.34237088727,0.338513803505,0.342374084149,6.55801037053,28.3333585458,32.0983840752,3.10632839954,0.3213,COMPARE_6.xlsx condition-level frequency,not encoded in the frozen condition-level source,The historical condition-level frequency is supported by at least one channel passing the auxiliary rules; the auxiliary rules did not replace the documented manual decision.,True,True,3,True,True,True,True,fast-decay:1; invalid: low_r_squared:4; invalid: method_disagreement:6; invalid: poor_band_rejection:6; quantitative:3
TB_07+07_MidTop_RR,TB,TB_07+07_MidTop,RR,axial,OTHERS,20,"ch_01,ch_02,ch_03,ch_04,ch_05,ch_06,ch_07,ch_08,ch_09,ch_10,ch_11,ch_12,ch_13,ch_14,ch_15,ch_16,ch_17,ch_18,ch_19,ch_20",6,"ch_11,ch_12,ch_15,ch_16,ch_17,ch_18",auxiliary-rule-supported,0.362500011921,0.384359182397,0.339715784069,0.386125432074,6.03011579501,24.8509345672,26.3378914911,14.8327392378,0.3625,COMPARE_6.xlsx condition-level frequency,not encoded in the frozen condition-level source,The historical condition-level frequency is supported by at least one channel passing the auxiliary rules; the auxiliary rules did not replace the documented manual decision.,True,True,6,True,True,True,True,invalid: low_r_squared:2; invalid: method_disagreement:7; invalid: poor_band_rejection:5; quantitative:6
TB_07+07_MidTop_RR,TB,TB_07+07_MidTop,RR,planar_rotation,OTHERS,20,"ch_01,ch_02,ch_03,ch_04,ch_05,ch_06,ch_07,ch_08,ch_09,ch_10,ch_11,ch_12,ch_13,ch_14,ch_15,ch_16,ch_17,ch_18,ch_19,ch_20",4,"ch_03,ch_04,ch_12,ch_15",auxiliary-rule-supported,0.417600005865,0.401600986282,0.384165493196,0.417402859334,-3.83118279646,31.4829897222,69.491077672,11.9896720084,0.4176,COMPARE_6.xlsx condition-level frequency,not encoded in the frozen condition-level source,The historical condition-level frequency is supported by at least one channel passing the auxiliary rules; the auxiliary rules did not replace the documented manual decision.,True,True,4,True,True,True,True,invalid: low_r_squared:2; invalid: method_disagreement:5; invalid: poor_band_rejection:9; quantitative:4
TB_07+07_MidTop_RR,TB,TB_07+07_MidTop,RR,radial,OTHERS,20,"ch_01,ch_02,ch_03,ch_04,ch_05,ch_06,ch_07,ch_08,ch_09,ch_10,ch_11,ch_12,ch_13,ch_14,ch_15,ch_16,ch_17,ch_18,ch_19,ch_20",4,"ch_05,ch_06,ch_17,ch_18",auxiliary-rule-supported,0.321599990129,0.330502105522,0.321335089718,0.339715784069,2.76807079157,34.0128008761,104.064418246,2.10421908742,0.3216,COMPARE_6.xlsx condition-level frequency,not encoded in the frozen condition-level source,The historical condition-level frequency is supported by at least one channel passing the auxiliary rules; the auxiliary rules did not replace the documented manual decision.,True,True,2,True,True,False,False,fast-decay:3; invalid: low_r_squared:3; invalid: method_disagreement:4; invalid: poor_band_rejection:5; invalid: too_short:1; quantitative:4
TB_07+07_Mid_AA,TB,TB_07+07_Mid,AA,axial,OTHERS,20,"ch_01,ch_02,ch_03,ch_04,ch_05,ch_06,ch_07,ch_08,ch_09,ch_10,ch_11,ch_12,ch_13,ch_14,ch_15,ch_16,ch_17,ch_18,ch_19,ch_20",8,"ch_03,ch_07,ch_11,ch_12,ch_15,ch_16,ch_17,ch_18",auxiliary-rule-supported,0.381500005722,0.40580811182,0.354370302302,0.428810803013,6.37171840977,24.5888580188,44.66964492,2.68244099023,0.3815,COMPARE_6.xlsx condition-level frequency,not encoded in the frozen condition-level source,The historical condition-level frequency is supported by at least one channel passing the auxiliary rules; the auxiliary rules did not replace the documented manual decision.,True,True,7,True,True,True,True,fast-decay:1; invalid: low_r_squared:4; invalid: method_disagreement:6; invalid: poor_band_rejection:1; quantitative:8
TB_07+07_Mid_AA,TB,TB_07+07_Mid,AA,planar_rotation,OTHERS,20,"ch_01,ch_02,ch_03,ch_04,ch_05,ch_06,ch_07,ch_08,ch_09,ch_10,ch_11,ch_12,ch_13,ch_14,ch_15,ch_16,ch_17,ch_18,ch_19,ch_20",5,"ch_07,ch_11,ch_12,ch_15,ch_16",auxiliary-rule-supported,0.430000007153,0.406644196494,0.405471954611,0.412903509955,-5.43158378369,33.2158235525,48.8369068123,31.3261885211,0.43,COMPARE_6.xlsx condition-level frequency,not encoded in the frozen condition-level source,The historical condition-level frequency is supported by at least one channel passing the auxiliary rules; the auxiliary rules did not replace the documented manual decision.,True,True,4,True,True,True,True,invalid: low_r_squared:1; invalid: method_disagreement:10; invalid: poor_band_rejection:4; quantitative:5
TB_07+07_Mid_AA,TB,TB_07+07_Mid,AA,radial,OTHERS,20,"ch_01,ch_02,ch_03,ch_04,ch_05,ch_06,ch_07,ch_08,ch_09,ch_10,ch_11,ch_12,ch_13,ch_14,ch_15,ch_16,ch_17,ch_18,ch_19,ch_20",3,"ch_17,ch_18,ch_20",auxiliary-rule-supported,0.333999991417,0.353976930818,0.353976483319,0.357729597563,5.98111973478,27.4634164943,27.4962486934,2.80506552792,0.334,COMPARE_6.xlsx condition-level frequency,not encoded in the frozen condition-level source,The historical condition-level frequency is supported by at least one channel passing the auxiliary rules; the auxiliary rules did not replace the documented manual decision.,True,True,3,True,True,True,True,fast-decay:2; invalid: low_r_squared:4; invalid: method_disagreement:5; invalid: poor_band_rejection:6; quantitative:3
TB_07+07_Mid_AR,TB,TB_07+07_Mid,AR,axial,OTHERS,20,"ch_01,ch_02,ch_03,ch_04,ch_05,ch_06,ch_07,ch_08,ch_09,ch_10,ch_11,ch_12,ch_13,ch_14,ch_15,ch_16,ch_17,ch_18,ch_19,ch_20",7,"ch_01,ch_02,ch_07,ch_11,ch_12,ch_15,ch_16",auxiliary-rule-supported,0.38330000639,0.405461479865,0.383488903987,0.420216389324,5.78175661527,18.6035041401,45.7039644919,10.2937133216,0.3833,COMPARE_6.xlsx condition-level frequency,not encoded in the frozen condition-level source,The historical condition-level frequency is supported by at least one channel passing the auxiliary rules; the auxiliary rules did not replace the documented manual decision.,True,True,5,True,True,True,True,invalid: low_r_squared:6; invalid: method_disagreement:4; invalid: poor_band_rejection:3; quantitative:7
TB_07+07_Mid_AR,TB,TB_07+07_Mid,AR,planar_rotation,OTHERS,20,"ch_01,ch_02,ch_03,ch_04,ch_05,ch_06,ch_07,ch_08,ch_09,ch_10,ch_11,ch_12,ch_13,ch_14,ch_15,ch_16,ch_17,ch_18,ch_19,ch_20",6,"ch_04,ch_11,ch_12,ch_15,ch_16,ch_20",auxiliary-rule-supported,0.429699987173,0.409997871958,0.405634168459,0.429182649809,-4.58508629342,27.0240900133,46.9981353071,26.0170021534,0.4297,COMPARE_6.xlsx condition-level frequency,not encoded in the frozen condition-level source,The historical condition-level frequency is supported by at least one channel passing the auxiliary rules; the auxiliary rules did not replace the documented manual decision.,True,True,6,True,True,True,True,invalid: low_r_squared:2; invalid: method_disagreement:7; invalid: poor_band_rejection:5; quantitative:6
TB_07+07_Mid_AR,TB,TB_07+07_Mid,AR,radial,OTHERS,20,"ch_01,ch_02,ch_03,ch_04,ch_05,ch_06,ch_07,ch_08,ch_09,ch_10,ch_11,ch_12,ch_13,ch_14,ch_15,ch_16,ch_17,ch_18,ch_19,ch_20",2,"ch_17,ch_18",auxiliary-rule-supported,0.333400011063,0.354025190349,0.354007827506,0.354042553191,6.18631631732,25.9166498199,25.9817628421,3.09303858663,0.3334,COMPARE_6.xlsx condition-level frequency,not encoded in the frozen condition-level source,The historical condition-level frequency is supported by at least one channel passing the auxiliary rules; the auxiliary rules did not replace the documented manual decision.,True,True,2,True,True,True,True,fast-decay:1; invalid: low_r_squared:6; invalid: method_disagreement:6; invalid: poor_band_rejection:5; quantitative:2
TB_07+07_Mid_RA,TB,TB_07+07_Mid,RA,axial,OTHERS,20,"ch_01,ch_02,ch_03,ch_04,ch_05,ch_06,ch_07,ch_08,ch_09,ch_10,ch_11,ch_12,ch_13,ch_14,ch_15,ch_16,ch_17,ch_18,ch_19,ch_20",8,"ch_01,ch_02,ch_11,ch_12,ch_13,ch_14,ch_15,ch_16",auxiliary-rule-supported,0.387199997902,0.396423863258,0.383784076101,0.411247904349,2.38219664413,29.0021704028,48.8534496553,7.7137596382,0.3872,COMPARE_6.xlsx condition-level frequency,not encoded in the frozen condition-level source,The historical condition-level frequency is supported by at least one channel passing the auxiliary rules; the auxiliary rules did not replace the documented manual decision.,True,True,6,True,True,True,True,invalid: low_r_squared:9; invalid: method_disagreement:1; invalid: poor_band_rejection:2; quantitative:8
TB_07+07_Mid_RA,TB,TB_07+07_Mid,RA,planar_rotation,OTHERS,20,"ch_01,ch_02,ch_03,ch_04,ch_05,ch_06,ch_07,ch_08,ch_09,ch_10,ch_11,ch_12,ch_13,ch_14,ch_15,ch_16,ch_17,ch_18,ch_19,ch_20",7,"ch_02,ch_03,ch_04,ch_11,ch_12,ch_15,ch_16",auxiliary-rule-supported,0.432000011206,0.411659218208,0.387879138929,0.435978978339,-4.70851677555,34.1296856853,36.4921209466,2.70000007004,0.432,COMPARE_6.xlsx condition-level frequency,not encoded in the frozen condition-level source,The historical condition-level frequency is supported by at least one channel passing the auxiliary rules; the auxiliary rules did not replace the documented manual decision.,True,True,4,True,True,True,True,fast-decay:1; invalid: low_r_squared:1; invalid: method_disagreement:4; invalid: poor_band_rejection:7; quantitative:7
TB_07+07_Mid_RA,TB,TB_07+07_Mid,RA,radial,OTHERS,20,"ch_01,ch_02,ch_03,ch_04,ch_05,ch_06,ch_07,ch_08,ch_09,ch_10,ch_11,ch_12,ch_13,ch_14,ch_15,ch_16,ch_17,ch_18,ch_19,ch_20",2,"ch_17,ch_18",auxiliary-rule-supported,0.337000012398,0.356005229576,0.355834365692,0.356176093461,5.63953011261,27.2823078037,27.3481913061,10.5970664899,0.337,COMPARE_6.xlsx condition-level frequency,not encoded in the frozen condition-level source,The historical condition-level frequency is supported by at least one channel passing the auxiliary rules; the auxiliary rules did not replace the documented manual decision.,True,True,2,True,True,True,True,invalid: low_r_squared:6; invalid: method_disagreement:8; invalid: poor_band_rejection:4; quantitative:2
TB_07+07_Mid_RR,TB,TB_07+07_Mid,RR,axial,OTHERS,20,"ch_01,ch_02,ch_03,ch_04,ch_05,ch_06,ch_07,ch_08,ch_09,ch_10,ch_11,ch_12,ch_13,ch_14,ch_15,ch_16,ch_17,ch_18,ch_19,ch_20",6,"ch_11,ch_12,ch_15,ch_16,ch_17,ch_18",auxiliary-rule-supported,0.386799991131,0.408971578049,0.357588681993,0.415842021616,5.73205466051,25.4589820162,28.4998681665,3.39962380205,0.3868,COMPARE_6.xlsx condition-level frequency,not encoded in the frozen condition-level source,The historical condition-level frequency is supported by at least one channel passing the auxiliary rules; the auxiliary rules did not replace the documented manual decision.,True,True,6,True,True,True,True,fast-decay:1; invalid: low_r_squared:8; invalid: method_disagreement:5; quantitative:6
TB_07+07_Mid_RR,TB,TB_07+07_Mid,RR,planar_rotation,OTHERS,20,"ch_01,ch_02,ch_03,ch_04,ch_05,ch_06,ch_07,ch_08,ch_09,ch_10,ch_11,ch_12,ch_13,ch_14,ch_15,ch_16,ch_17,ch_18,ch_19,ch_20",6,"ch_05,ch_06,ch_11,ch_12,ch_15,ch_16",auxiliary-rule-supported,0.426600009203,0.410426486544,0.384879847173,0.416157504266,-3.79126167598,31.0784079104,34.1402868165,13.3312502876,0.4266,COMPARE_6.xlsx condition-level frequency,not encoded in the frozen condition-level source,The historical condition-level frequency is supported by at least one channel passing the auxiliary rules; the auxiliary rules did not replace the documented manual decision.,True,True,6,True,True,True,True,invalid: low_r_squared:2; invalid: method_disagreement:6; invalid: poor_band_rejection:6; quantitative:6
TB_07+07_Mid_RR,TB,TB_07+07_Mid,RR,radial,OTHERS,20,"ch_01,ch_02,ch_03,ch_04,ch_05,ch_06,ch_07,ch_08,ch_09,ch_10,ch_11,ch_12,ch_13,ch_14,ch_15,ch_16,ch_17,ch_18,ch_19,ch_20",2,"ch_17,ch_18",auxiliary-rule-supported,0.336100012064,0.354717578412,0.354517576572,0.354917580251,5.5392935672,26.2575781725,26.3068672393,8.96049354163,0.3361,COMPARE_6.xlsx condition-level frequency,not encoded in the frozen condition-level source,The historical condition-level frequency is supported by at least one channel passing the auxiliary rules; the auxiliary rules did not replace the documented manual decision.,True,True,2,True,True,False,False,invalid: low_r_squared:5; invalid: method_disagreement:9; invalid: poor_band_rejection:4; quantitative:2
TB_07+13_MidTop_AA,TB,TB_07+13_MidTop,AA,axial,OTHERS,20,"ch_01,ch_02,ch_03,ch_04,ch_05,ch_06,ch_07,ch_08,ch_09,ch_10,ch_11,ch_12,ch_13,ch_14,ch_15,ch_16,ch_17,ch_18,ch_19,ch_20",9,"ch_01,ch_02,ch_08,ch_11,ch_12,ch_15,ch_16,ch_17,ch_18",auxiliary-rule-supported,0.31589999795,0.338513530668,0.304938778622,0.340108540585,7.15844661763,25.8517079222,36.1246179055,7.95919521834,0.3159,COMPARE_6.xlsx condition-level frequency,not encoded in the frozen condition-level source,The historical condition-level frequency is supported by at least one channel passing the auxiliary rules; the auxiliary rules did not replace the documented manual decision.,True,True,6,True,True,True,True,invalid: low_r_squared:5; invalid: method_disagreement:5; invalid: poor_band_rejection:1; quantitative:9
TB_07+13_MidTop_AA,TB,TB_07+13_MidTop,AA,planar_rotation,OTHERS,20,"ch_01,ch_02,ch_03,ch_04,ch_05,ch_06,ch_07,ch_08,ch_09,ch_10,ch_11,ch_12,ch_13,ch_14,ch_15,ch_16,ch_17,ch_18,ch_19,ch_20",7,"ch_05,ch_06,ch_08,ch_11,ch_12,ch_15,ch_16",auxiliary-rule-supported,0.355399996042,0.338589709801,0.318168643615,0.340751225394,-4.72996241651,29.0147845969,42.9323195219,9.44031239487,0.3554,COMPARE_6.xlsx condition-level frequency,not encoded in the frozen condition-level source,The historical condition-level frequency is supported by at least one channel passing the auxiliary rules; the auxiliary rules did not replace the documented manual decision.,True,True,7,True,True,True,True,invalid: low_r_squared:3; invalid: method_disagreement:8; invalid: poor_band_rejection:2; quantitative:7
TB_07+13_MidTop_AA,TB,TB_07+13_MidTop,AA,radial,OTHERS,20,"ch_01,ch_02,ch_03,ch_04,ch_05,ch_06,ch_07,ch_08,ch_09,ch_10,ch_11,ch_12,ch_13,ch_14,ch_15,ch_16,ch_17,ch_18,ch_19,ch_20",4,"ch_01,ch_02,ch_17,ch_18",auxiliary-rule-supported,0.287000000477,0.311791345022,0.304574658863,0.318723178602,8.63809913024,55.6060778924,169.116898476,12.8925853214,0.287,COMPARE_6.xlsx condition-level frequency,not encoded in the frozen condition-level source,The historical condition-level frequency is supported by at least one channel passing the auxiliary rules; the auxiliary rules did not replace the documented manual decision.,True,True,2,True,True,False,False,invalid: low_r_squared:6; invalid: method_disagreement:3; invalid: poor_band_rejection:7; quantitative:4
TB_07+13_MidTop_AR,TB,TB_07+13_MidTop,AR,axial,OTHERS,20,"ch_01,ch_02,ch_03,ch_04,ch_05,ch_06,ch_07,ch_08,ch_09,ch_10,ch_11,ch_12,ch_13,ch_14,ch_15,ch_16,ch_17,ch_18,ch_19,ch_20",9,"ch_01,ch_11,ch_12,ch_13,ch_14,ch_15,ch_16,ch_17,ch_18",auxiliary-rule-supported,0.310499995947,0.313754792656,0.30214417269,0.339215902442,1.0482437204,29.8066955109,48.6972668643,6.73151571213,0.3105,COMPARE_6.xlsx condition-level frequency,not encoded in the frozen condition-level source,The historical condition-level frequency is supported by at least one channel passing the auxiliary rules; the auxiliary rules did not replace the documented manual decision.,True,True,9,True,True,True,True,invalid: low_r_squared:5; invalid: method_disagreement:6; quantitative:9
TB_07+13_MidTop_AR,TB,TB_07+13_MidTop,AR,planar_rotation,OTHERS,20,"ch_01,ch_02,ch_03,ch_04,ch_05,ch_06,ch_07,ch_08,ch_09,ch_10,ch_11,ch_12,ch_13,ch_14,ch_15,ch_16,ch_17,ch_18,ch_19,ch_20",5,"ch_03,ch_11,ch_12,ch_15,ch_16",auxiliary-rule-supported,0.355899989605,0.339215183272,0.338155077919,0.359066573384,-4.68806035984,35.5204205125,42.7146896724,21.7571628845,0.3559,COMPARE_6.xlsx condition-level frequency,not encoded in the frozen condition-level source,The historical condition-level frequency is supported by at least one channel passing the auxiliary rules; the auxiliary rules did not replace the documented manual decision.,True,True,4,True,True,True,True,invalid: method_disagreement:8; invalid: poor_band_rejection:7; quantitative:5
TB_07+13_MidTop_AR,TB,TB_07+13_MidTop,AR,radial,OTHERS,20,"ch_01,ch_02,ch_03,ch_04,ch_05,ch_06,ch_07,ch_08,ch_09,ch_10,ch_11,ch_12,ch_13,ch_14,ch_15,ch_16,ch_17,ch_18,ch_19,ch_20",7,"ch_02,ch_05,ch_06,ch_13,ch_14,ch_17,ch_18",auxiliary-rule-supported,0.286900013685,0.302338191558,0.299415540864,0.313711860403,5.38103072008,6.50006409006,44.5199104536,6.50006409006,0.2869,COMPARE_6.xlsx condition-level frequency,not encoded in the frozen condition-level source,The historical condition-level frequency is supported by at least one channel passing the auxiliary rules; the auxiliary rules did not replace the documented manual decision.,True,True,6,True,True,True,True,invalid: low_r_squared:3; invalid: method_disagreement:5; invalid: poor_band_rejection:5; quantitative:7
TB_07+13_MidTop_RA,TB,TB_07+13_MidTop,RA,axial,OTHERS,20,"ch_01,ch_02,ch_03,ch_04,ch_05,ch_06,ch_07,ch_08,ch_09,ch_10,ch_11,ch_12,ch_13,ch_14,ch_15,ch_16,ch_17,ch_18,ch_19,ch_20",8,"ch_01,ch_02,ch_03,ch_04,ch_11,ch_16,ch_17,ch_18",auxiliary-rule-supported,0.317299991846,0.330019141389,0.306478781152,0.358196359442,4.00855652995,20.2030933508,119.7310863,7.99446848456,0.3173,COMPARE_6.xlsx condition-level frequency,not encoded in the frozen condition-level source,The historical condition-level frequency is supported by at least one channel passing the auxiliary rules; the auxiliary rules did not replace the documented manual decision.,True,True,6,True,True,True,True,invalid: low_r_squared:3; invalid: method_disagreement:7; invalid: poor_band_rejection:2; quantitative:8
TB_07+13_MidTop_RA,TB,TB_07+13_MidTop,RA,planar_rotation,OTHERS,20,"ch_01,ch_02,ch_03,ch_04,ch_05,ch_06,ch_07,ch_08,ch_09,ch_10,ch_11,ch_12,ch_13,ch_14,ch_15,ch_16,ch_17,ch_18,ch_19,ch_20",8,"ch_03,ch_04,ch_05,ch_06,ch_11,ch_12,ch_15,ch_16",auxiliary-rule-supported,0.356499999762,0.341840073452,0.317651917029,0.358400207968,-4.11218129589,24.2308415338,65.9210388309,2.78515624814,0.3565,COMPARE_6.xlsx condition-level frequency,not encoded in the frozen condition-level source,The historical condition-level frequency is supported by at least one channel passing the auxiliary rules; the auxiliary rules did not replace the documented manual decision.,True,True,6,True,True,True,True,fast-decay:1; invalid: low_r_squared:2; invalid: method_disagreement:2; invalid: poor_band_rejection:7; quantitative:8
TB_07+13_MidTop_RA,TB,TB_07+13_MidTop,RA,radial,OTHERS,20,"ch_01,ch_02,ch_03,ch_04,ch_05,ch_06,ch_07,ch_08,ch_09,ch_10,ch_11,ch_12,ch_13,ch_14,ch_15,ch_16,ch_17,ch_18,ch_19,ch_20",5,"ch_01,ch_02,ch_17,ch_18,ch_19",auxiliary-rule-supported,0.287600010633,0.306326390144,0.302704535292,0.319785274847,6.51125828154,35.0231527749,47.2402861866,2.83668518488,0.2876,COMPARE_6.xlsx condition-level frequency,not encoded in the frozen condition-level source,The historical condition-level frequency is supported by at least one channel passing the auxiliary rules; the auxiliary rules did not replace the documented manual decision.,True,True,5,True,True,True,True,fast-decay:2; invalid: low_r_squared:3; invalid: method_disagreement:5; invalid: poor_band_rejection:5; quantitative:5
TB_07+13_MidTop_RR,TB,TB_07+13_MidTop,RR,axial,OTHERS,20,"ch_01,ch_02,ch_03,ch_04,ch_05,ch_06,ch_07,ch_08,ch_09,ch_10,ch_11,ch_12,ch_13,ch_14,ch_15,ch_16,ch_17,ch_18,ch_19,ch_20",5,"ch_11,ch_15,ch_16,ch_17,ch_18",auxiliary-rule-supported,0.318899989128,0.342970393081,0.305125870524,0.3437894437,7.5479475614,19.7755304558,27.6857171261,5.26309353057,0.3189,COMPARE_6.xlsx condition-level frequency,not encoded in the frozen condition-level source,The historical condition-level frequency is supported by at least one channel passing the auxiliary rules; the auxiliary rules did not replace the documented manual decision.,True,True,5,True,True,True,True,invalid: low_r_squared:3; invalid: method_disagreement:9; invalid: poor_band_rejection:3; quantitative:5
TB_07+13_MidTop_RR,TB,TB_07+13_MidTop,RR,planar_rotation,OTHERS,20,"ch_01,ch_02,ch_03,ch_04,ch_05,ch_06,ch_07,ch_08,ch_09,ch_10,ch_11,ch_12,ch_13,ch_14,ch_15,ch_16,ch_17,ch_18,ch_19,ch_20",8,"ch_03,ch_04,ch_05,ch_06,ch_11,ch_12,ch_15,ch_16",auxiliary-rule-supported,0.356499999762,0.344359370472,0.317793309724,0.357651976725,-3.40550611431,25.414564133,77.079059241,14.2739034905,0.3565,COMPARE_6.xlsx condition-level frequency,not encoded in the frozen condition-level source,The historical condition-level frequency is supported by at least one channel passing the auxiliary rules; the auxiliary rules did not replace the documented manual decision.,True,True,6,True,True,True,True,invalid: low_r_squared:1; invalid: method_disagreement:6; invalid: poor_band_rejection:5; quantitative:8
TB_07+13_MidTop_RR,TB,TB_07+13_MidTop,RR,radial,OTHERS,20,"ch_01,ch_02,ch_03,ch_04,ch_05,ch_06,ch_07,ch_08,ch_09,ch_10,ch_11,ch_12,ch_13,ch_14,ch_15,ch_16,ch_17,ch_18,ch_19,ch_20",4,"ch_01,ch_02,ch_17,ch_18",auxiliary-rule-supported,0.287000000477,0.310682663659,0.305022665051,0.316212310567,8.25179900432,47.0857940782,105.677002026,3.13905963522,0.287,COMPARE_6.xlsx condition-level frequency,not encoded in the frozen condition-level source,The historical condition-level frequency is supported by at least one channel passing the auxiliary rules; the auxiliary rules did not replace the documented manual decision.,True,True,2,True,True,False,False,fast-decay:2; invalid: low_r_squared:4; invalid: method_disagreement:5; invalid: poor_band_rejection:5; quantitative:4
TB_07+13_Mid_AA,TB,TB_07+13_Mid,AA,axial,OTHERS,20,"ch_01,ch_02,ch_03,ch_04,ch_05,ch_06,ch_07,ch_08,ch_09,ch_10,ch_11,ch_12,ch_13,ch_14,ch_15,ch_16,ch_17,ch_18,ch_19,ch_20",7,"ch_01,ch_11,ch_12,ch_15,ch_16,ch_17,ch_18",auxiliary-rule-supported,0.326799988747,0.350086545433,0.312797620763,0.351662189951,7.12562958651,40.0520837408,40.94571831,8.52104826658,0.3268,COMPARE_6.xlsx condition-level frequency,not encoded in the frozen condition-level source,The historical condition-level frequency is supported by at least one channel passing the auxiliary rules; the auxiliary rules did not replace the documented manual decision.,True,True,6,True,True,True,True,invalid: low_r_squared:5; invalid: method_disagreement:8; quantitative:7
TB_07+13_Mid_AA,TB,TB_07+13_Mid,AA,planar_rotation,OTHERS,20,"ch_01,ch_02,ch_03,ch_04,ch_05,ch_06,ch_07,ch_08,ch_09,ch_10,ch_11,ch_12,ch_13,ch_14,ch_15,ch_16,ch_17,ch_18,ch_19,ch_20",4,"ch_11,ch_12,ch_15,ch_16",auxiliary-rule-supported,0.36210000515,0.350805214902,0.350086865303,0.351785233585,-3.11924608869,48.303307857,54.0850129542,9.7597538588,0.3621,COMPARE_6.xlsx condition-level frequency,not encoded in the frozen condition-level source,The historical condition-level frequency is supported by at least one channel passing the auxiliary rules; the auxiliary rules did not replace the documented manual decision.,True,True,4,True,True,True,True,invalid: low_r_squared:2; invalid: method_disagreement:9; invalid: poor_band_rejection:5; quantitative:4
TB_07+13_Mid_AA,TB,TB_07+13_Mid,AA,radial,OTHERS,20,"ch_01,ch_02,ch_03,ch_04,ch_05,ch_06,ch_07,ch_08,ch_09,ch_10,ch_11,ch_12,ch_13,ch_14,ch_15,ch_16,ch_17,ch_18,ch_19,ch_20",4,"ch_01,ch_02,ch_17,ch_18",auxiliary-rule-supported,0.295300006866,0.321163142276,0.312867037428,0.329326719309,8.75825763915,36.5085895089,104.998699825,21.5707500716,0.2953,COMPARE_6.xlsx condition-level frequency,not encoded in the frozen condition-level source,The historical condition-level frequency is supported by at least one channel passing the auxiliary rules; the auxiliary rules did not replace the documented manual decision.,True,True,2,True,True,False,False,invalid: low_r_squared:8; invalid: method_disagreement:3; invalid: poor_band_rejection:5; quantitative:4
TB_07+13_Mid_AR,TB,TB_07+13_Mid,AR,axial,OTHERS,20,"ch_01,ch_02,ch_03,ch_04,ch_05,ch_06,ch_07,ch_08,ch_09,ch_10,ch_11,ch_12,ch_13,ch_14,ch_15,ch_16,ch_17,ch_18,ch_19,ch_20",6,"ch_11,ch_12,ch_15,ch_16,ch_17,ch_18",auxiliary-rule-supported,0.32800000906,0.352511082605,0.31231308535,0.352784444063,7.47288806946,33.5685705272,36.0831005967,9.00081224862,0.328,COMPARE_6.xlsx condition-level frequency,not encoded in the frozen condition-level source,The historical condition-level frequency is supported by at least one channel passing the auxiliary rules; the auxiliary rules did not replace the documented manual decision.,True,True,6,True,True,True,True,invalid: low_r_squared:4; invalid: method_disagreement:8; invalid: poor_band_rejection:2; quantitative:6
TB_07+13_Mid_AR,TB,TB_07+13_Mid,AR,planar_rotation,OTHERS,20,"ch_01,ch_02,ch_03,ch_04,ch_05,ch_06,ch_07,ch_08,ch_09,ch_10,ch_11,ch_12,ch_13,ch_14,ch_15,ch_16,ch_17,ch_18,ch_19,ch_20",6,"ch_03,ch_04,ch_11,ch_12,ch_15,ch_16",auxiliary-rule-supported,0.36210000515,0.353105344899,0.352510779522,0.375216999077,-2.48402654597,39.7460519053,43.4588805181,8.73425043422,0.3621,COMPARE_6.xlsx condition-level frequency,not encoded in the frozen condition-level source,The historical condition-level frequency is supported by at least one channel passing the auxiliary rules; the auxiliary rules did not replace the documented manual decision.,True,True,4,True,True,True,True,invalid: low_r_squared:5; invalid: method_disagreement:4; invalid: poor_band_rejection:5; quantitative:6
TB_07+13_Mid_AR,TB,TB_07+13_Mid,AR,radial,OTHERS,20,"ch_01,ch_02,ch_03,ch_04,ch_05,ch_06,ch_07,ch_08,ch_09,ch_10,ch_11,ch_12,ch_13,ch_14,ch_15,ch_16,ch_17,ch_18,ch_19,ch_20",2,"ch_17,ch_18",auxiliary-rule-supported,0.296799987555,0.312638087807,0.312602128536,0.312674047077,5.3362873707,32.1725547309,32.2015372497,3.24623799188,0.2968,COMPARE_6.xlsx condition-level frequency,not encoded in the frozen condition-level source,The historical condition-level frequency is supported by at least one channel passing the auxiliary rules; the auxiliary rules did not replace the documented manual decision.,True,True,2,True,True,False,False,fast-decay:2; invalid: low_r_squared:4; invalid: method_disagreement:7; invalid: poor_band_rejection:5; quantitative:2
TB_07+13_Mid_RA,TB,TB_07+13_Mid,RA,axial,OTHERS,20,"ch_01,ch_02,ch_03,ch_04,ch_05,ch_06,ch_07,ch_08,ch_09,ch_10,ch_11,ch_12,ch_13,ch_14,ch_15,ch_16,ch_17,ch_18,ch_19,ch_20",6,"ch_11,ch_12,ch_15,ch_16,ch_17,ch_18",auxiliary-rule-supported,0.319200009108,0.351880637477,0.313241150937,0.353105833308,10.2382918035,30.4859310298,32.4964920872,23.971122684,0.3192,COMPARE_6.xlsx condition-level frequency,not encoded in the frozen condition-level source,The historical condition-level frequency is supported by at least one channel passing the auxiliary rules; the auxiliary rules did not replace the documented manual decision.,True,True,6,True,True,True,True,invalid: low_r_squared:4; invalid: method_disagreement:10; quantitative:6
TB_07+13_Mid_RA,TB,TB_07+13_Mid,RA,planar_rotation,OTHERS,20,"ch_01,ch_02,ch_03,ch_04,ch_05,ch_06,ch_07,ch_08,ch_09,ch_10,ch_11,ch_12,ch_13,ch_14,ch_15,ch_16,ch_17,ch_18,ch_19,ch_20",4,"ch_11,ch_12,ch_15,ch_16",auxiliary-rule-supported,0.374000012875,0.353453186656,0.352747226525,0.354501459533,-5.49380361276,38.2399679164,38.5138107258,7.99862607535,0.374,COMPARE_6.xlsx condition-level frequency,not encoded in the frozen condition-level source,The historical condition-level frequency is supported by at least one channel passing the auxiliary rules; the auxiliary rules did not replace the documented manual decision.,True,True,4,True,True,True,True,invalid: low_r_squared:3; invalid: method_disagreement:10; invalid: poor_band_rejection:3; quantitative:4
TB_07+13_Mid_RA,TB,TB_07+13_Mid,RA,radial,OTHERS,20,"ch_01,ch_02,ch_03,ch_04,ch_05,ch_06,ch_07,ch_08,ch_09,ch_10,ch_11,ch_12,ch_13,ch_14,ch_15,ch_16,ch_17,ch_18,ch_19,ch_20",2,"ch_17,ch_18",auxiliary-rule-supported,0.300900012255,0.313391949693,0.313314570121,0.313469329265,4.15152440332,40.9620903783,41.0943359336,22.9788914159,0.3009,COMPARE_6.xlsx condition-level frequency,not encoded in the frozen condition-level source,The historical condition-level frequency is supported by at least one channel passing the auxiliary rules; the auxiliary rules did not replace the documented manual decision.,True,True,2,True,True,False,False,invalid: low_r_squared:5; invalid: method_disagreement:8; invalid: poor_band_rejection:5; quantitative:2
TB_07+13_Mid_RR,TB,TB_07+13_Mid,RR,axial,OTHERS,20,"ch_01,ch_02,ch_03,ch_04,ch_05,ch_06,ch_07,ch_08,ch_09,ch_10,ch_11,ch_12,ch_13,ch_14,ch_15,ch_16,ch_17,ch_18,ch_19,ch_20",8,"ch_03,ch_04,ch_11,ch_12,ch_15,ch_16,ch_17,ch_18",auxiliary-rule-supported,0.33030000329,0.351905868555,0.317468251486,0.369865865502,6.54128521038,29.4494161734,40.8358647018,14.1280871907,0.3303,COMPARE_6.xlsx condition-level frequency,not encoded in the frozen condition-level source,The historical condition-level frequency is supported by at least one channel passing the auxiliary rules; the auxiliary rules did not replace the documented manual decision.,True,True,6,True,True,True,True,invalid: low_r_squared:5; invalid: method_disagreement:7; quantitative:8
TB_07+13_Mid_RR,TB,TB_07+13_Mid,RR,planar_rotation,OTHERS,20,"ch_01,ch_02,ch_03,ch_04,ch_05,ch_06,ch_07,ch_08,ch_09,ch_10,ch_11,ch_12,ch_13,ch_14,ch_15,ch_16,ch_17,ch_18,ch_19,ch_20",8,"ch_03,ch_04,ch_05,ch_06,ch_11,ch_12,ch_15,ch_16",auxiliary-rule-supported,0.359299987555,0.352161324179,0.328376926673,0.369981625595,-1.9868253891,32.7718596548,98.4740302591,6.35091472002,0.3593,COMPARE_6.xlsx condition-level frequency,not encoded in the frozen condition-level source,The historical condition-level frequency is supported by at least one channel passing the auxiliary rules; the auxiliary rules did not replace the documented manual decision.,True,True,6,True,True,True,True,invalid: low_r_squared:1; invalid: method_disagreement:5; invalid: poor_band_rejection:6; quantitative:8
TB_07+13_Mid_RR,TB,TB_07+13_Mid,RR,radial,OTHERS,20,"ch_01,ch_02,ch_03,ch_04,ch_05,ch_06,ch_07,ch_08,ch_09,ch_10,ch_11,ch_12,ch_13,ch_14,ch_15,ch_16,ch_17,ch_18,ch_19,ch_20",3,"ch_01,ch_17,ch_18",auxiliary-rule-supported,0.298900008202,0.31584651854,0.315845205927,0.329064205854,5.66962525045,37.4499890576,37.4791616984,2.24758757867,0.2989,COMPARE_6.xlsx condition-level frequency,not encoded in the frozen condition-level source,The historical condition-level frequency is supported by at least one channel passing the auxiliary rules; the auxiliary rules did not replace the documented manual decision.,True,True,2,True,True,False,False,fast-decay:1; invalid: low_r_squared:6; invalid: method_disagreement:5; invalid: poor_band_rejection:5; quantitative:3
TB_07_A,TB,TB_07,A,axial,OTHERS,20,"ch_01,ch_02,ch_03,ch_04,ch_05,ch_06,ch_07,ch_08,ch_09,ch_10,ch_11,ch_12,ch_13,ch_14,ch_15,ch_16,ch_17,ch_18,ch_19,ch_20",6,"ch_09,ch_10,ch_11,ch_12,ch_15,ch_16",auxiliary-rule-supported,0.609899997711,0.618420155989,0.61512409224,0.636028468634,1.39697627645,26.5044242005,35.5278946667,15.2474999428,0.6099,COMPARE_6.xlsx condition-level frequency,not encoded in the frozen condition-level source,The historical condition-level frequency is supported by at least one channel passing the auxiliary rules; the auxiliary rules did not replace the documented manual decision.,True,True,6,True,True,True,True,invalid: low_r_squared:1; invalid: method_disagreement:4; invalid: poor_band_rejection:9; quantitative:6
TB_07_A,TB,TB_07,A,planar_rotation,OTHERS,20,"ch_01,ch_02,ch_03,ch_04,ch_05,ch_06,ch_07,ch_08,ch_09,ch_10,ch_11,ch_12,ch_13,ch_14,ch_15,ch_16,ch_17,ch_18,ch_19,ch_20",1,ch_10,auxiliary-rule-supported,0.696500003338,0.635047896503,0.635047896503,0.635047896503,-8.8229872994,35.9808419224,35.9808419224,3.46891826662,0.6965,COMPARE_6.xlsx condition-level frequency,not encoded in the frozen condition-level source,The historical condition-level frequency is supported by at least one channel passing the auxiliary rules; the auxiliary rules did not replace the documented manual decision.,True,True,1,True,True,False,False,fast-decay:1; invalid: low_r_squared:2; invalid: method_disagreement:5; invalid: poor_band_rejection:11; quantitative:1
TB_07_A,TB,TB_07,A,radial,OTHERS,20,"ch_01,ch_02,ch_03,ch_04,ch_05,ch_06,ch_07,ch_08,ch_09,ch_10,ch_11,ch_12,ch_13,ch_14,ch_15,ch_16,ch_17,ch_18,ch_19,ch_20",1,ch_07,auxiliary-rule-supported,0.46819999814,0.46858725422,0.46858725422,0.46858725422,0.0827116790172,273.604233453,273.604233453,2.83495098874,0.4682,COMPARE_6.xlsx condition-level frequency,not encoded in the frozen condition-level source,The historical condition-level frequency is supported by at least one channel passing the auxiliary rules; the auxiliary rules did not replace the documented manual decision.,True,True,1,True,True,False,False,fast-decay:1; invalid: low_r_squared:3; invalid: method_disagreement:9; invalid: poor_band_rejection:6; quantitative:1
TB_07_R,TB,TB_07,R,axial,OTHERS,20,"ch_01,ch_02,ch_03,ch_04,ch_05,ch_06,ch_07,ch_08,ch_09,ch_10,ch_11,ch_12,ch_13,ch_14,ch_15,ch_16,ch_17,ch_18,ch_19,ch_20",6,"ch_09,ch_10,ch_11,ch_12,ch_15,ch_16",auxiliary-rule-supported,0.60949999094,0.618691017442,0.61512409224,0.636028468634,1.50796171266,26.3084576089,35.2069746267,14.7018102315,0.6095,COMPARE_6.xlsx condition-level frequency,not encoded in the frozen condition-level source,The historical condition-level frequency is supported by at least one channel passing the auxiliary rules; the auxiliary rules did not replace the documented manual decision.,True,True,6,True,True,True,True,invalid: low_r_squared:1; invalid: method_disagreement:4; invalid: poor_band_rejection:9; quantitative:6
TB_07_R,TB,TB_07,R,planar_rotation,OTHERS,20,"ch_01,ch_02,ch_03,ch_04,ch_05,ch_06,ch_07,ch_08,ch_09,ch_10,ch_11,ch_12,ch_13,ch_14,ch_15,ch_16,ch_17,ch_18,ch_19,ch_20",1,ch_10,auxiliary-rule-supported,0.696200013161,0.635047896503,0.635047896503,0.635047896503,-8.78369944005,35.8973258386,35.8973258386,3.53537328683,0.6962,COMPARE_6.xlsx condition-level frequency,not encoded in the frozen condition-level source,The historical condition-level frequency is supported by at least one channel passing the auxiliary rules; the auxiliary rules did not replace the documented manual decision.,True,True,1,True,True,False,False,fast-decay:1; invalid: low_r_squared:2; invalid: method_disagreement:6; invalid: poor_band_rejection:10; quantitative:1
TB_07_R,TB,TB_07,R,radial,OTHERS,20,"ch_01,ch_02,ch_03,ch_04,ch_05,ch_06,ch_07,ch_08,ch_09,ch_10,ch_11,ch_12,ch_13,ch_14,ch_15,ch_16,ch_17,ch_18,ch_19,ch_20",0,,manual-critical,0.467700004578,,,,,,,2.83178321772,0.4677,COMPARE_6.xlsx condition-level frequency,not encoded in the frozen condition-level source,No channel passed all auxiliary rules; the frozen historical condition-level frequency therefore remains manual-critical.,True,False,0,False,False,False,False,fast-decay:2; invalid: low_r_squared:3; invalid: method_disagreement:9; invalid: poor_band_rejection:6
TB_07_Top_A,TB,TB_07_Top,A,axial,OTHERS,20,"ch_01,ch_02,ch_03,ch_04,ch_05,ch_06,ch_07,ch_08,ch_09,ch_10,ch_11,ch_12,ch_13,ch_14,ch_15,ch_16,ch_17,ch_18,ch_19,ch_20",6,"ch_09,ch_10,ch_11,ch_12,ch_15,ch_16",auxiliary-rule-supported,0.562799990177,0.550784774178,0.547485217899,0.558555203873,-2.13489982382,25.8866046282,28.9093752354,5.11140579079,0.5628,COMPARE_6.xlsx condition-level frequency,not encoded in the frozen condition-level source,The historical condition-level frequency is supported by at least one channel passing the auxiliary rules; the auxiliary rules did not replace the documented manual decision.,True,True,6,True,True,True,True,invalid: low_r_squared:3; invalid: method_disagreement:3; invalid: poor_band_rejection:7; invalid: too_short:1; quantitative:6
TB_07_Top_A,TB,TB_07_Top,A,planar_rotation,OTHERS,20,"ch_01,ch_02,ch_03,ch_04,ch_05,ch_06,ch_07,ch_08,ch_09,ch_10,ch_11,ch_12,ch_13,ch_14,ch_15,ch_16,ch_17,ch_18,ch_19,ch_20",5,"ch_09,ch_10,ch_12,ch_15,ch_19",auxiliary-rule-supported,0.598999977112,0.558962744015,0.548948236293,0.585142398582,-6.68401245851,28.5458231092,29.1310460869,7.72146910496,0.599,COMPARE_6.xlsx condition-level frequency,not encoded in the frozen condition-level source,The historical condition-level frequency is supported by at least one channel passing the auxiliary rules; the auxiliary rules did not replace the documented manual decision.,True,True,5,True,True,True,True,invalid: method_disagreement:6; invalid: poor_band_rejection:9; quantitative:5
TB_07_Top_A,TB,TB_07_Top,A,radial,OTHERS,20,"ch_01,ch_02,ch_03,ch_04,ch_05,ch_06,ch_07,ch_08,ch_09,ch_10,ch_11,ch_12,ch_13,ch_14,ch_15,ch_16,ch_17,ch_18,ch_19,ch_20",4,"ch_05,ch_06,ch_09,ch_10",auxiliary-rule-supported,0.425599992275,0.424133556541,0.423762782364,0.424541884158,-0.344557274604,233.498158002,271.423756354,3.20034170191,0.4256,COMPARE_6.xlsx condition-level frequency,not encoded in the frozen condition-level source,The historical condition-level frequency is supported by at least one channel passing the auxiliary rules; the auxiliary rules did not replace the documented manual decision.,True,True,4,True,True,True,True,fast-decay:3; invalid: low_r_squared:3; invalid: method_disagreement:7; invalid: poor_band_rejection:3; quantitative:4
TB_07_Top_R,TB,TB_07_Top,R,axial,OTHERS,20,"ch_01,ch_02,ch_03,ch_04,ch_05,ch_06,ch_07,ch_08,ch_09,ch_10,ch_11,ch_12,ch_13,ch_14,ch_15,ch_16,ch_17,ch_18,ch_19,ch_20",9,"ch_01,ch_02,ch_04,ch_05,ch_06,ch_11,ch_12,ch_15,ch_16",auxiliary-rule-supported,0.529399991035,0.531417972151,0.526976401039,0.533839348328,0.381182687917,23.0578577896,44.7714101819,4.65294946121,0.5294,COMPARE_6.xlsx condition-level frequency,not encoded in the frozen condition-level source,The historical condition-level frequency is supported by at least one channel passing the auxiliary rules; the auxiliary rules did not replace the documented manual decision.,True,True,6,True,True,True,True,fast-decay:2; invalid: low_r_squared:1; invalid: method_disagreement:2; invalid: poor_band_rejection:6; quantitative:9
TB_07_Top_R,TB,TB_07_Top,R,planar_rotation,OTHERS,20,"ch_01,ch_02,ch_03,ch_04,ch_05,ch_06,ch_07,ch_08,ch_09,ch_10,ch_11,ch_12,ch_13,ch_14,ch_15,ch_16,ch_17,ch_18,ch_19,ch_20",10,"ch_01,ch_02,ch_03,ch_04,ch_05,ch_07,ch_11,ch_12,ch_15,ch_16",auxiliary-rule-supported,0.571200013161,0.531587749774,0.521784503,0.535106644322,-6.9349199009,18.6309450693,39.6883192344,9.20386005206,0.5712,COMPARE_6.xlsx condition-level frequency,not encoded in the frozen condition-level source,The historical condition-level frequency is supported by at least one channel passing the auxiliary rules; the auxiliary rules did not replace the documented manual decision.,True,True,8,True,True,True,True,invalid: low_r_squared:4; invalid: method_disagreement:1; invalid: poor_band_rejection:5; quantitative:10
TB_07_Top_R,TB,TB_07_Top,R,radial,OTHERS,20,"ch_01,ch_02,ch_03,ch_04,ch_05,ch_06,ch_07,ch_08,ch_09,ch_10,ch_11,ch_12,ch_13,ch_14,ch_15,ch_16,ch_17,ch_18,ch_19,ch_20",0,,manual-critical,0.422399997711,,,,,,,4.70253693452,0.4224,COMPARE_6.xlsx condition-level frequency,not encoded in the frozen condition-level source,No channel passed all auxiliary rules; the frozen historical condition-level frequency therefore remains manual-critical.,True,False,0,False,False,False,False,fast-decay:2; invalid: low_r_squared:7; invalid: method_disagreement:7; invalid: poor_band_rejection:4
TB_13+07_MidTop_AA,TB,TB_13+07_MidTop,AA,axial,OTHERS,20,"ch_01,ch_02,ch_03,ch_04,ch_05,ch_06,ch_07,ch_08,ch_09,ch_10,ch_11,ch_12,ch_13,ch_14,ch_15,ch_16,ch_17,ch_18,ch_19,ch_20",9,"ch_01,ch_02,ch_11,ch_12,ch_13,ch_15,ch_16,ch_17,ch_18",auxiliary-rule-supported,0.316799998283,0.322882696716,0.300483247764,0.338367590084,1.92004370766,7.27030652061,39.1358877879,7.27030652061,0.3168,COMPARE_6.xlsx condition-level frequency,not encoded in the frozen condition-level source,The historical condition-level frequency is supported by at least one channel passing the auxiliary rules; the auxiliary rules did not replace the documented manual decision.,True,True,7,True,True,True,True,invalid: low_r_squared:6; invalid: method_disagreement:5; quantitative:9
TB_13+07_MidTop_AA,TB,TB_13+07_MidTop,AA,planar_rotation,OTHERS,20,"ch_01,ch_02,ch_03,ch_04,ch_05,ch_06,ch_07,ch_08,ch_09,ch_10,ch_11,ch_12,ch_13,ch_14,ch_15,ch_16,ch_17,ch_18,ch_19,ch_20",5,"ch_11,ch_12,ch_15,ch_16,ch_20",auxiliary-rule-supported,0.355800002813,0.33823377704,0.337848436365,0.342912414257,-4.93710669892,30.9934536051,43.9885505878,22.2722262561,0.3558,COMPARE_6.xlsx condition-level frequency,not encoded in the frozen condition-level source,The historical condition-level frequency is supported by at least one channel passing the auxiliary rules; the auxiliary rules did not replace the documented manual decision.,True,True,5,True,True,True,True,invalid: low_r_squared:1; invalid: method_disagreement:8; invalid: poor_band_rejection:6; quantitative:5
TB_13+07_MidTop_AA,TB,TB_13+07_MidTop,AA,radial,OTHERS,20,"ch_01,ch_02,ch_03,ch_04,ch_05,ch_06,ch_07,ch_08,ch_09,ch_10,ch_11,ch_12,ch_13,ch_14,ch_15,ch_16,ch_17,ch_18,ch_19,ch_20",4,"ch_01,ch_02,ch_17,ch_18",auxiliary-rule-supported,0.287900000811,0.308142482,0.300118426731,0.316004472711,7.03108062959,48.8922721577,162.969797269,5.3981250152,0.2879,COMPARE_6.xlsx condition-level frequency,not encoded in the frozen condition-level source,The historical condition-level frequency is supported by at least one channel passing the auxiliary rules; the auxiliary rules did not replace the documented manual decision.,True,True,2,True,True,False,False,invalid: low_r_squared:4; invalid: method_disagreement:6; invalid: poor_band_rejection:6; quantitative:4
TB_13+07_MidTop_AR,TB,TB_13+07_MidTop,AR,axial,OTHERS,20,"ch_01,ch_02,ch_03,ch_04,ch_05,ch_06,ch_07,ch_08,ch_09,ch_10,ch_11,ch_12,ch_13,ch_14,ch_15,ch_16,ch_17,ch_18,ch_19,ch_20",7,"ch_02,ch_11,ch_12,ch_15,ch_16,ch_17,ch_18",auxiliary-rule-supported,0.314700007439,0.337055117339,0.301021095241,0.33976175151,7.10362547577,34.4201874336,40.7204186425,16.5647698815,0.3147,COMPARE_6.xlsx condition-level frequency,not encoded in the frozen condition-level source,The historical condition-level frequency is supported by at least one channel passing the auxiliary rules; the auxiliary rules did not replace the documented manual decision.,True,True,6,True,True,True,True,invalid: low_r_squared:6; invalid: method_disagreement:6; invalid: poor_band_rejection:1; quantitative:7
TB_13+07_MidTop_AR,TB,TB_13+07_MidTop,AR,planar_rotation,OTHERS,20,"ch_01,ch_02,ch_03,ch_04,ch_05,ch_06,ch_07,ch_08,ch_09,ch_10,ch_11,ch_12,ch_13,ch_14,ch_15,ch_16,ch_17,ch_18,ch_19,ch_20",6,"ch_03,ch_11,ch_12,ch_15,ch_16,ch_19",auxiliary-rule-supported,0.353399991989,0.339557332567,0.33724693067,0.354258794678,-3.91699483191,26.2979423439,42.1385315448,19.499127278,0.3534,COMPARE_6.xlsx condition-level frequency,not encoded in the frozen condition-level source,The historical condition-level frequency is supported by at least one channel passing the auxiliary rules; the auxiliary rules did not replace the documented manual decision.,True,True,5,True,True,True,True,invalid: low_r_squared:1; invalid: method_disagreement:6; invalid: poor_band_rejection:7; quantitative:6
TB_13+07_MidTop_AR,TB,TB_13+07_MidTop,AR,radial,OTHERS,20,"ch_01,ch_02,ch_03,ch_04,ch_05,ch_06,ch_07,ch_08,ch_09,ch_10,ch_11,ch_12,ch_13,ch_14,ch_15,ch_16,ch_17,ch_18,ch_19,ch_20",4,"ch_01,ch_02,ch_17,ch_18",auxiliary-rule-supported,0.286799997091,0.307607566953,0.300854865425,0.314403825177,7.25508022066,53.8028477343,168.816924118,3.75306476194,0.2868,COMPARE_6.xlsx condition-level frequency,not encoded in the frozen condition-level source,The historical condition-level frequency is supported by at least one channel passing the auxiliary rules; the auxiliary rules did not replace the documented manual decision.,True,True,2,True,True,False,False,fast-decay:2; invalid: low_r_squared:5; invalid: method_disagreement:5; invalid: poor_band_rejection:4; quantitative:4
TB_13+07_MidTop_RA,TB,TB_13+07_MidTop,RA,axial,OTHERS,20,"ch_01,ch_02,ch_03,ch_04,ch_05,ch_06,ch_07,ch_08,ch_09,ch_10,ch_11,ch_12,ch_13,ch_14,ch_15,ch_16,ch_17,ch_18,ch_19,ch_20",8,"ch_01,ch_02,ch_11,ch_12,ch_15,ch_16,ch_17,ch_18",auxiliary-rule-supported,0.316799998283,0.328276915187,0.308312977095,0.34052448067,3.62276419388,26.760792815,46.2514216694,9.40499994904,0.3168,COMPARE_6.xlsx condition-level frequency,not encoded in the frozen condition-level source,The historical condition-level frequency is supported by at least one channel passing the auxiliary rules; the auxiliary rules did not replace the documented manual decision.,True,True,8,True,True,True,True,invalid: low_r_squared:3; invalid: method_disagreement:8; invalid: poor_band_rejection:1; quantitative:8
TB_13+07_MidTop_RA,TB,TB_13+07_MidTop,RA,planar_rotation,OTHERS,20,"ch_01,ch_02,ch_03,ch_04,ch_05,ch_06,ch_07,ch_08,ch_09,ch_10,ch_11,ch_12,ch_13,ch_14,ch_15,ch_16,ch_17,ch_18,ch_19,ch_20",4,"ch_11,ch_12,ch_15,ch_16",auxiliary-rule-supported,0.353500008583,0.339559231321,0.33899771235,0.340553058166,-3.94364269422,30.6202414435,31.1900481073,17.2952707199,0.3535,COMPARE_6.xlsx condition-level frequency,not encoded in the frozen condition-level source,The historical condition-level frequency is supported by at least one channel passing the auxiliary rules; the auxiliary rules did not replace the documented manual decision.,True,True,4,True,True,True,True,invalid: low_r_squared:5; invalid: method_disagreement:6; invalid: poor_band_rejection:5; quantitative:4
TB_13+07_MidTop_RA,TB,TB_13+07_MidTop,RA,radial,OTHERS,20,"ch_01,ch_02,ch_03,ch_04,ch_05,ch_06,ch_07,ch_08,ch_09,ch_10,ch_11,ch_12,ch_13,ch_14,ch_15,ch_16,ch_17,ch_18,ch_19,ch_20",4,"ch_01,ch_02,ch_17,ch_18",auxiliary-rule-supported,0.287299990654,0.312805312132,0.308161116735,0.317145524809,8.87759217123,57.7404029217,112.843725197,2.86176647691,0.2873,COMPARE_6.xlsx condition-level frequency,not encoded in the frozen condition-level source,The historical condition-level frequency is supported by at least one channel passing the auxiliary rules; the auxiliary rules did not replace the documented manual decision.,True,True,2,True,True,False,False,fast-decay:3; invalid: low_r_squared:2; invalid: method_disagreement:6; invalid: poor_band_rejection:5; quantitative:4
TB_13+07_MidTop_RR,TB,TB_13+07_MidTop,RR,axial,OTHERS,20,"ch_01,ch_02,ch_03,ch_04,ch_05,ch_06,ch_07,ch_08,ch_09,ch_10,ch_11,ch_12,ch_13,ch_14,ch_15,ch_16,ch_17,ch_18,ch_19,ch_20",4,"ch_15,ch_16,ch_17,ch_18",auxiliary-rule-supported,0.313300013542,0.320113752873,0.300791801723,0.339315793938,2.17482892958,26.5568443179,37.9386578499,6.51689092169,0.3133,COMPARE_6.xlsx condition-level frequency,not encoded in the frozen condition-level source,The historical condition-level frequency is supported by at least one channel passing the auxiliary rules; the auxiliary rules did not replace the documented manual decision.,True,True,4,True,True,True,True,invalid: low_r_squared:5; invalid: method_disagreement:8; invalid: poor_band_rejection:3; quantitative:4
TB_13+07_MidTop_RR,TB,TB_13+07_MidTop,RR,planar_rotation,OTHERS,20,"ch_01,ch_02,ch_03,ch_04,ch_05,ch_06,ch_07,ch_08,ch_09,ch_10,ch_11,ch_12,ch_13,ch_14,ch_15,ch_16,ch_17,ch_18,ch_19,ch_20",6,"ch_03,ch_04,ch_11,ch_12,ch_15,ch_16",auxiliary-rule-supported,0.352600008249,0.343466739829,0.338914939613,0.354405891248,-2.59026324629,30.5423890146,31.6442993003,2.06602448834,0.3526,COMPARE_6.xlsx condition-level frequency,not encoded in the frozen condition-level source,The historical condition-level frequency is supported by at least one channel passing the auxiliary rules; the auxiliary rules did not replace the documented manual decision.,True,True,4,True,True,True,True,fast-decay:1; invalid: low_r_squared:1; invalid: method_disagreement:6; invalid: poor_band_rejection:6; quantitative:6
TB_13+07_MidTop_RR,TB,TB_13+07_MidTop,RR,radial,OTHERS,20,"ch_01,ch_02,ch_03,ch_04,ch_05,ch_06,ch_07,ch_08,ch_09,ch_10,ch_11,ch_12,ch_13,ch_14,ch_15,ch_16,ch_17,ch_18,ch_19,ch_20",2,"ch_17,ch_18",auxiliary-rule-supported,0.287400007248,0.300984579448,0.300984087102,0.300985071795,4.72671254626,44.9902581546,45.0184233553,9.73903782561,0.2874,COMPARE_6.xlsx condition-level frequency,not encoded in the frozen condition-level source,The historical condition-level frequency is supported by at least one channel passing the auxiliary rules; the auxiliary rules did not replace the documented manual decision.,True,True,2,True,True,False,False,invalid: low_r_squared:3; invalid: method_disagreement:10; invalid: poor_band_rejection:5; quantitative:2
TB_13+07_Mid_AA,TB,TB_13+07_Mid,AA,axial,OTHERS,20,"ch_01,ch_02,ch_03,ch_04,ch_05,ch_06,ch_07,ch_08,ch_09,ch_10,ch_11,ch_12,ch_13,ch_14,ch_15,ch_16,ch_17,ch_18,ch_19,ch_20",8,"ch_07,ch_08,ch_11,ch_12,ch_15,ch_16,ch_17,ch_18",auxiliary-rule-supported,0.326299995184,0.347797032544,0.310303734538,0.348104570613,6.58812064886,35.6253029542,49.2316048784,6.75542143029,0.3263,COMPARE_6.xlsx condition-level frequency,not encoded in the frozen condition-level source,The historical condition-level frequency is supported by at least one channel passing the auxiliary rules; the auxiliary rules did not replace the documented manual decision.,True,True,6,True,True,True,True,invalid: low_r_squared:4; invalid: method_disagreement:8; quantitative:8
TB_13+07_Mid_AA,TB,TB_13+07_Mid,AA,planar_rotation,OTHERS,20,"ch_01,ch_02,ch_03,ch_04,ch_05,ch_06,ch_07,ch_08,ch_09,ch_10,ch_11,ch_12,ch_13,ch_14,ch_15,ch_16,ch_17,ch_18,ch_19,ch_20",6,"ch_07,ch_08,ch_11,ch_12,ch_15,ch_16",auxiliary-rule-supported,0.360700011253,0.34806337538,0.34733054766,0.348178846082,-3.50336442461,40.8603497648,53.047970305,20.2541352419,0.3607,COMPARE_6.xlsx condition-level frequency,not encoded in the frozen condition-level source,The historical condition-level frequency is supported by at least one channel passing the auxiliary rules; the auxiliary rules did not replace the documented manual decision.,True,True,6,True,True,True,True,invalid: low_r_squared:1; invalid: method_disagreement:8; invalid: poor_band_rejection:5; quantitative:6
TB_13+07_Mid_AA,TB,TB_13+07_Mid,AA,radial,OTHERS,20,"ch_01,ch_02,ch_03,ch_04,ch_05,ch_06,ch_07,ch_08,ch_09,ch_10,ch_11,ch_12,ch_13,ch_14,ch_15,ch_16,ch_17,ch_18,ch_19,ch_20",2,"ch_17,ch_18",auxiliary-rule-supported,0.29929998517,0.310401687359,0.310303832705,0.310499542013,3.70922243191,47.086891287,47.1600701333,4.58886737263,0.2993,COMPARE_6.xlsx condition-level frequency,not encoded in the frozen condition-level source,The historical condition-level frequency is supported by at least one channel passing the auxiliary rules; the auxiliary rules did not replace the documented manual decision.,True,True,2,True,True,False,False,fast-decay:1; invalid: low_r_squared:5; invalid: method_disagreement:6; invalid: poor_band_rejection:6; quantitative:2
TB_13+07_Mid_AR,TB,TB_13+07_Mid,AR,axial,OTHERS,20,"ch_01,ch_02,ch_03,ch_04,ch_05,ch_06,ch_07,ch_08,ch_09,ch_10,ch_11,ch_12,ch_13,ch_14,ch_15,ch_16,ch_17,ch_18,ch_19,ch_20",6,"ch_11,ch_12,ch_15,ch_16,ch_17,ch_18",auxiliary-rule-supported,0.327199995518,0.350686607457,0.309317036124,0.35095271965,7.17805998202,41.0916731971,41.2194120753,7.06162703126,0.3272,COMPARE_6.xlsx condition-level frequency,not encoded in the frozen condition-level source,The historical condition-level frequency is supported by at least one channel passing the auxiliary rules; the auxiliary rules did not replace the documented manual decision.,True,True,6,True,True,True,True,invalid: low_r_squared:5; invalid: method_disagreement:9; quantitative:6
TB_13+07_Mid_AR,TB,TB_13+07_Mid,AR,planar_rotation,OTHERS,20,"ch_01,ch_02,ch_03,ch_04,ch_05,ch_06,ch_07,ch_08,ch_09,ch_10,ch_11,ch_12,ch_13,ch_14,ch_15,ch_16,ch_17,ch_18,ch_19,ch_20",4,"ch_11,ch_12,ch_15,ch_16",auxiliary-rule-supported,0.373600006104,0.350818842242,0.350630577218,0.350999279688,-6.0977418333,48.1225575062,49.1260284426,4.92539304047,0.3736,COMPARE_6.xlsx condition-level frequency,not encoded in the frozen condition-level source,The historical condition-level frequency is supported by at least one channel passing the auxiliary rules; the auxiliary rules did not replace the documented manual decision.,True,True,4,True,True,True,True,fast-decay:1; invalid: low_r_squared:4; invalid: method_disagreement:7; invalid: poor_band_rejection:3; invalid: too_short:1; quantitative:4
TB_13+07_Mid_AR,TB,TB_13+07_Mid,AR,radial,OTHERS,20,"ch_01,ch_02,ch_03,ch_04,ch_05,ch_06,ch_07,ch_08,ch_09,ch_10,ch_11,ch_12,ch_13,ch_14,ch_15,ch_16,ch_17,ch_18,ch_19,ch_20",4,"ch_17,ch_18,ch_19,ch_20",auxiliary-rule-supported,0.296299993992,0.308399037755,0.306589716736,0.309291880419,4.08337631059,25.4630140637,33.3337048791,4.65860332254,0.2963,COMPARE_6.xlsx condition-level frequency,not encoded in the frozen condition-level source,The historical condition-level frequency is supported by at least one channel passing the auxiliary rules; the auxiliary rules did not replace the documented manual decision.,True,True,4,True,True,True,True,fast-decay:1; invalid: low_r_squared:6; invalid: method_disagreement:6; invalid: poor_band_rejection:3; quantitative:4
TB_13+07_Mid_RA,TB,TB_13+07_Mid,RA,axial,OTHERS,20,"ch_01,ch_02,ch_03,ch_04,ch_05,ch_06,ch_07,ch_08,ch_09,ch_10,ch_11,ch_12,ch_13,ch_14,ch_15,ch_16,ch_17,ch_18,ch_19,ch_20",6,"ch_11,ch_12,ch_15,ch_16,ch_17,ch_18",auxiliary-rule-supported,0.335599988699,0.351470199337,0.312196340278,0.352775725216,4.72890678564,36.3126570972,43.5722218127,7.60342046396,0.3356,COMPARE_6.xlsx condition-level frequency,not encoded in the frozen condition-level source,The historical condition-level frequency is supported by at least one channel passing the auxiliary rules; the auxiliary rules did not replace the documented manual decision.,True,True,6,True,True,True,True,invalid: low_r_squared:5; invalid: method_disagreement:9; quantitative:6
TB_13+07_Mid_RA,TB,TB_13+07_Mid,RA,planar_rotation,OTHERS,20,"ch_01,ch_02,ch_03,ch_04,ch_05,ch_06,ch_07,ch_08,ch_09,ch_10,ch_11,ch_12,ch_13,ch_14,ch_15,ch_16,ch_17,ch_18,ch_19,ch_20",4,"ch_11,ch_12,ch_15,ch_16",auxiliary-rule-supported,0.367300003767,0.351949321373,0.351221705189,0.3527850991,-4.17933085672,40.0657455509,44.3699690101,11.4781251177,0.3673,COMPARE_6.xlsx condition-level frequency,not encoded in the frozen condition-level source,The historical condition-level frequency is supported by at least one channel passing the auxiliary rules; the auxiliary rules did not replace the documented manual decision.,True,True,4,True,True,True,True,invalid: low_r_squared:6; invalid: method_disagreement:5; invalid: poor_band_rejection:5; quantitative:4
TB_13+07_Mid_RA,TB,TB_13+07_Mid,RA,radial,OTHERS,20,"ch_01,ch_02,ch_03,ch_04,ch_05,ch_06,ch_07,ch_08,ch_09,ch_10,ch_11,ch_12,ch_13,ch_14,ch_15,ch_16,ch_17,ch_18,ch_19,ch_20",2,"ch_17,ch_18",auxiliary-rule-supported,0.298099994659,0.311451665282,0.31132385843,0.311579472134,4.47892346922,36.5927282644,36.6218377289,3.23134432211,0.2981,COMPARE_6.xlsx condition-level frequency,not encoded in the frozen condition-level source,The historical condition-level frequency is supported by at least one channel passing the auxiliary rules; the auxiliary rules did not replace the documented manual decision.,True,True,2,True,True,False,False,fast-decay:3; invalid: low_r_squared:5; invalid: method_disagreement:5; invalid: poor_band_rejection:5; quantitative:2
TB_13+07_Mid_RR,TB,TB_13+07_Mid,RR,axial,OTHERS,20,"ch_01,ch_02,ch_03,ch_04,ch_05,ch_06,ch_07,ch_08,ch_09,ch_10,ch_11,ch_12,ch_13,ch_14,ch_15,ch_16,ch_17,ch_18,ch_19,ch_20",8,"ch_03,ch_04,ch_11,ch_12,ch_15,ch_16,ch_17,ch_18",auxiliary-rule-supported,0.330500006676,0.354096199415,0.311515282221,0.372890537795,7.13954380114,28.8861632835,36.7614826925,10.0699386034,0.3305,COMPARE_6.xlsx condition-level frequency,not encoded in the frozen condition-level source,The historical condition-level frequency is supported by at least one channel passing the auxiliary rules; the auxiliary rules did not replace the documented manual decision.,True,True,6,True,True,True,True,invalid: low_r_squared:2; invalid: method_disagreement:10; quantitative:8
TB_13+07_Mid_RR,TB,TB_13+07_Mid,RR,planar_rotation,OTHERS,20,"ch_01,ch_02,ch_03,ch_04,ch_05,ch_06,ch_07,ch_08,ch_09,ch_10,ch_11,ch_12,ch_13,ch_14,ch_15,ch_16,ch_17,ch_18,ch_19,ch_20",5,"ch_11,ch_12,ch_15,ch_16,ch_19",auxiliary-rule-supported,0.371399998665,0.353917572597,0.353106175717,0.361413669569,-4.70716912503,26.4766973648,33.2589813004,21.8705203014,0.3714,COMPARE_6.xlsx condition-level frequency,not encoded in the frozen condition-level source,The historical condition-level frequency is supported by at least one channel passing the auxiliary rules; the auxiliary rules did not replace the documented manual decision.,True,True,5,True,True,True,True,invalid: low_r_squared:2; invalid: method_disagreement:6; invalid: poor_band_rejection:7; quantitative:5
TB_13+07_Mid_RR,TB,TB_13+07_Mid,RR,radial,OTHERS,20,"ch_01,ch_02,ch_03,ch_04,ch_05,ch_06,ch_07,ch_08,ch_09,ch_10,ch_11,ch_12,ch_13,ch_14,ch_15,ch_16,ch_17,ch_18,ch_19,ch_20",2,"ch_17,ch_18",auxiliary-rule-supported,0.297199994326,0.311688985727,0.311581308827,0.311796662627,4.8751654367,36.9175294551,36.9465658946,2.7862499468,0.2972,COMPARE_6.xlsx condition-level frequency,not encoded in the frozen condition-level source,The historical condition-level frequency is supported by at least one channel passing the auxiliary rules; the auxiliary rules did not replace the documented manual decision.,True,True,2,True,True,False,False,fast-decay:2; invalid: low_r_squared:6; invalid: method_disagreement:6; invalid: poor_band_rejection:4; quantitative:2
TB_13_A,TB,TB_13,A,axial,OTHERS,20,"ch_01,ch_02,ch_03,ch_04,ch_05,ch_06,ch_07,ch_08,ch_09,ch_10,ch_11,ch_12,ch_13,ch_14,ch_15,ch_16,ch_17,ch_18,ch_19,ch_20",6,"ch_01,ch_02,ch_03,ch_04,ch_15,ch_16",auxiliary-rule-supported,0.445699989796,0.463044113391,0.457654558525,0.485266882757,3.8914345955,48.1824419669,236.190187808,28.5091062503,0.4457,COMPARE_6.xlsx condition-level frequency,not encoded in the frozen condition-level source,The historical condition-level frequency is supported by at least one channel passing the auxiliary rules; the auxiliary rules did not replace the documented manual decision.,True,True,6,True,True,False,False,invalid: low_r_squared:4; invalid: method_disagreement:2; invalid: poor_band_rejection:8; quantitative:6
TB_13_A,TB,TB_13,A,planar_rotation,OTHERS,20,"ch_01,ch_02,ch_03,ch_04,ch_05,ch_06,ch_07,ch_08,ch_09,ch_10,ch_11,ch_12,ch_13,ch_14,ch_15,ch_16,ch_17,ch_18,ch_19,ch_20",9,"ch_01,ch_02,ch_03,ch_04,ch_08,ch_11,ch_12,ch_15,ch_16",auxiliary-rule-supported,0.48480001092,0.461138877398,0.457963527785,0.485282270249,-4.88059673856,36.6914101064,53.6873834492,18.0852898794,0.4848,COMPARE_6.xlsx condition-level frequency,not encoded in the frozen condition-level source,The historical condition-level frequency is supported by at least one channel passing the auxiliary rules; the auxiliary rules did not replace the documented manual decision.,True,True,8,True,True,True,True,invalid: low_r_squared:1; invalid: method_disagreement:5; invalid: poor_band_rejection:5; quantitative:9
TB_13_A,TB,TB_13,A,radial,OTHERS,20,"ch_01,ch_02,ch_03,ch_04,ch_05,ch_06,ch_07,ch_08,ch_09,ch_10,ch_11,ch_12,ch_13,ch_14,ch_15,ch_16,ch_17,ch_18,ch_19,ch_20",0,,manual-critical,0.369100004435,,,,,,,2.66732701905,0.3691,COMPARE_6.xlsx condition-level frequency,not encoded in the frozen condition-level source,No channel passed all auxiliary rules; the frozen historical condition-level frequency therefore remains manual-critical.,True,False,0,False,False,False,False,fast-decay:5; invalid: low_r_squared:4; invalid: method_disagreement:6; invalid: poor_band_rejection:5
TB_13_R,TB,TB_13,R,axial,OTHERS,20,"ch_01,ch_02,ch_03,ch_04,ch_05,ch_06,ch_07,ch_08,ch_09,ch_10,ch_11,ch_12,ch_13,ch_14,ch_15,ch_16,ch_17,ch_18,ch_19,ch_20",11,"ch_01,ch_02,ch_03,ch_04,ch_08,ch_10,ch_11,ch_12,ch_13,ch_15,ch_16",auxiliary-rule-supported,0.44960001111,0.461724098304,0.448295063092,0.484628786465,2.69663854409,18.8358126255,44.3012471748,14.6208125213,0.4496,COMPARE_6.xlsx condition-level frequency,not encoded in the frozen condition-level source,The historical condition-level frequency is supported by at least one channel passing the auxiliary rules; the auxiliary rules did not replace the documented manual decision.,True,True,9,True,True,True,True,invalid: low_r_squared:2; invalid: method_disagreement:2; invalid: poor_band_rejection:5; quantitative:11
TB_13_R,TB,TB_13,R,planar_rotation,OTHERS,20,"ch_01,ch_02,ch_03,ch_04,ch_05,ch_06,ch_07,ch_08,ch_09,ch_10,ch_11,ch_12,ch_13,ch_14,ch_15,ch_16,ch_17,ch_18,ch_19,ch_20",10,"ch_01,ch_02,ch_03,ch_04,ch_05,ch_08,ch_11,ch_12,ch_15,ch_16",auxiliary-rule-supported,0.485000014305,0.462344270665,0.450109151469,0.484752180384,-4.67128721067,14.5405429289,48.618123184,13.5932894009,0.485,COMPARE_6.xlsx condition-level frequency,not encoded in the frozen condition-level source,The historical condition-level frequency is supported by at least one channel passing the auxiliary rules; the auxiliary rules did not replace the documented manual decision.,True,True,10,True,True,True,True,invalid: method_disagreement:4; invalid: poor_band_rejection:6; quantitative:10
TB_13_R,TB,TB_13,R,radial,OTHERS,20,"ch_01,ch_02,ch_03,ch_04,ch_05,ch_06,ch_07,ch_08,ch_09,ch_10,ch_11,ch_12,ch_13,ch_14,ch_15,ch_16,ch_17,ch_18,ch_19,ch_20",3,"ch_17,ch_18,ch_20",auxiliary-rule-supported,0.370400011539,0.396131380934,0.395447771756,0.396252700775,6.94691376693,18.9902233916,19.0625625139,2.67673272339,0.3704,COMPARE_6.xlsx condition-level frequency,not encoded in the frozen condition-level source,The historical condition-level frequency is supported by at least one channel passing the auxiliary rules; the auxiliary rules did not replace the documented manual decision.,True,True,3,True,True,True,True,fast-decay:1; invalid: low_r_squared:3; invalid: method_disagreement:7; invalid: poor_band_rejection:6; quantitative:3
TB_13_Top_A,TB,TB_13_Top,A,axial,OTHERS,20,"ch_01,ch_02,ch_03,ch_04,ch_05,ch_06,ch_07,ch_08,ch_09,ch_10,ch_11,ch_12,ch_13,ch_14,ch_15,ch_16,ch_17,ch_18,ch_19,ch_20",4,"ch_11,ch_12,ch_15,ch_16",auxiliary-rule-supported,0.402599990368,0.428820823869,0.428066022889,0.429286557153,6.51287484551,40.5348540502,44.8990782058,20.4445508909,0.4026,COMPARE_6.xlsx condition-level frequency,not encoded in the frozen condition-level source,The historical condition-level frequency is supported by at least one channel passing the auxiliary rules; the auxiliary rules did not replace the documented manual decision.,True,True,4,True,True,False,False,invalid: low_r_squared:5; invalid: method_disagreement:5; invalid: poor_band_rejection:6; quantitative:4
TB_13_Top_A,TB,TB_13_Top,A,planar_rotation,OTHERS,20,"ch_01,ch_02,ch_03,ch_04,ch_05,ch_06,ch_07,ch_08,ch_09,ch_10,ch_11,ch_12,ch_13,ch_14,ch_15,ch_16,ch_17,ch_18,ch_19,ch_20",5,"ch_08,ch_11,ch_12,ch_15,ch_16",auxiliary-rule-supported,0.451700001955,0.428409618109,0.427715637871,0.428900954707,-5.15616199797,34.9361946112,45.4346060566,25.1434740788,0.4517,COMPARE_6.xlsx condition-level frequency,not encoded in the frozen condition-level source,The historical condition-level frequency is supported by at least one channel passing the auxiliary rules; the auxiliary rules did not replace the documented manual decision.,True,True,4,True,True,True,True,invalid: low_r_squared:1; invalid: method_disagreement:10; invalid: poor_band_rejection:4; quantitative:5
TB_13_Top_A,TB,TB_13_Top,A,radial,OTHERS,20,"ch_01,ch_02,ch_03,ch_04,ch_05,ch_06,ch_07,ch_08,ch_09,ch_10,ch_11,ch_12,ch_13,ch_14,ch_15,ch_16,ch_17,ch_18,ch_19,ch_20",0,,manual-critical,0.351700007915,,,,,,,7.52170255929,0.3517,COMPARE_6.xlsx condition-level frequency,not encoded in the frozen condition-level source,No channel passed all auxiliary rules; the frozen historical condition-level frequency therefore remains manual-critical.,True,False,0,False,False,False,False,invalid: low_r_squared:8; invalid: method_disagreement:6; invalid: poor_band_rejection:6
TB_13_Top_R,TB,TB_13_Top,R,axial,OTHERS,20,"ch_01,ch_02,ch_03,ch_04,ch_05,ch_06,ch_07,ch_08,ch_09,ch_10,ch_11,ch_12,ch_13,ch_14,ch_15,ch_16,ch_17,ch_18,ch_19,ch_20",2,"ch_15,ch_16",auxiliary-rule-supported,0.407200008631,0.435559206374,0.435373960109,0.435744452638,6.96443937666,25.052329011,25.1119838123,2.86311691668,0.4072,COMPARE_6.xlsx condition-level frequency,not encoded in the frozen condition-level source,The historical condition-level frequency is supported by at least one channel passing the auxiliary rules; the auxiliary rules did not replace the documented manual decision.,True,True,2,True,True,False,False,fast-decay:2; invalid: low_r_squared:6; invalid: method_disagreement:6; invalid: poor_band_rejection:4; quantitative:2
TB_13_Top_R,TB,TB_13_Top,R,planar_rotation,OTHERS,20,"ch_01,ch_02,ch_03,ch_04,ch_05,ch_06,ch_07,ch_08,ch_09,ch_10,ch_11,ch_12,ch_13,ch_14,ch_15,ch_16,ch_17,ch_18,ch_19,ch_20",5,"ch_05,ch_06,ch_13,ch_15,ch_16",auxiliary-rule-supported,0.453999996185,0.418072274244,0.417213802311,0.435401706452,-7.91359520766,28.9513981567,63.2672602684,3.5468658902,0.454,COMPARE_6.xlsx condition-level frequency,not encoded in the frozen condition-level source,The historical condition-level frequency is supported by at least one channel passing the auxiliary rules; the auxiliary rules did not replace the documented manual decision.,True,True,5,True,True,True,True,fast-decay:1; invalid: low_r_squared:5; invalid: method_disagreement:4; invalid: poor_band_rejection:5; quantitative:5
TB_13_Top_R,TB,TB_13_Top,R,radial,OTHERS,20,"ch_01,ch_02,ch_03,ch_04,ch_05,ch_06,ch_07,ch_08,ch_09,ch_10,ch_11,ch_12,ch_13,ch_14,ch_15,ch_16,ch_17,ch_18,ch_19,ch_20",0,,manual-critical,0.351999998093,,,,,,,2.44062718678,0.352,COMPARE_6.xlsx condition-level frequency,not encoded in the frozen condition-level source,No channel passed all auxiliary rules; the frozen historical condition-level frequency therefore remains manual-critical.,True,False,0,False,False,False,False,fast-decay:1; invalid: low_r_squared:6; invalid: method_disagreement:9; invalid: poor_band_rejection:4
